"../../../Engine/Plugins/2D/Paper2D/Content/PlaceholderTextures/DummySpriteTexture.ubulk" 0
"../../../Engine/Plugins/2D/Paper2D/Content/PlaceholderTextures/DummySpriteTexture.uasset" 1
"../../../Engine/Plugins/2D/Paper2D/Content/PlaceholderTextures/DummySpriteTexture.uexp" 2
"../../../Engine/Plugins/2D/Paper2D/Content/DummySprite.uasset" 3
"../../../Engine/Plugins/2D/Paper2D/Content/DummySprite.uexp" 4
"../../../Engine/Plugins/2D/Paper2D/Content/DefaultPaperTerrainMaterial.uasset" 5
"../../../Engine/Plugins/2D/Paper2D/Content/DefaultPaperTerrainMaterial.uexp" 6
"../../../Engine/Plugins/Interchange/Runtime/Content/Pipelines/DefaultTexturePipeline.uasset" 7
"../../../Engine/Plugins/Interchange/Runtime/Content/Pipelines/DefaultTexturePipeline.uexp" 8
"../../../Engine/Plugins/Interchange/Runtime/Content/Pipelines/DefaultSceneLevelPipeline.uasset" 9
"../../../Engine/Plugins/Interchange/Runtime/Content/Pipelines/DefaultSceneLevelPipeline.uexp" 10
"../../../Engine/Plugins/Interchange/Runtime/Content/Pipelines/DefaultSceneAssetsPipeline.uasset" 11
"../../../Engine/Plugins/Interchange/Runtime/Content/Pipelines/DefaultSceneAssetsPipeline.uexp" 12
"../../../Engine/Plugins/Interchange/Runtime/Content/Pipelines/DefaultMaterialXPipeline.uasset" 13
"../../../Engine/Plugins/Interchange/Runtime/Content/Pipelines/DefaultMaterialXPipeline.uexp" 14
"../../../Engine/Plugins/Interchange/Runtime/Content/Pipelines/DefaultMaterialPipeline.uasset" 15
"../../../Engine/Plugins/Interchange/Runtime/Content/Pipelines/DefaultMaterialPipeline.uexp" 16
"../../../Engine/Plugins/Interchange/Runtime/Content/Pipelines/DefaultGLTFSceneAssetsPipeline.uasset" 17
"../../../Engine/Plugins/Interchange/Runtime/Content/Pipelines/DefaultGLTFSceneAssetsPipeline.uexp" 18
"../../../Engine/Plugins/Interchange/Runtime/Content/Pipelines/DefaultGLTFPipeline.uasset" 19
"../../../Engine/Plugins/Interchange/Runtime/Content/Pipelines/DefaultGLTFPipeline.uexp" 20
"../../../Engine/Plugins/Interchange/Runtime/Content/Pipelines/DefaultGLTFAssetsPipeline.uasset" 21
"../../../Engine/Plugins/Interchange/Runtime/Content/Pipelines/DefaultGLTFAssetsPipeline.uexp" 22
"../../../Engine/Plugins/Interchange/Runtime/Content/Pipelines/DefaultAssetsPipeline.uasset" 23
"../../../Engine/Plugins/Interchange/Runtime/Content/Pipelines/DefaultAssetsPipeline.uexp" 24
"../../../Engine/Plugins/Animation/ControlRig/Content/Controls/DefaultGizmoLibraryNormalized.uasset" 25
"../../../Engine/Plugins/Animation/ControlRig/Content/Controls/DefaultGizmoLibraryNormalized.uexp" 26
"../../../Engine/Content/EngineSounds/Master.uasset" 27
"../../../Engine/Content/EngineSounds/Master.uexp" 28
"../../../Engine/Content/EngineMaterials/DefaultPhysicalMaterial.uasset" 29
"../../../Engine/Content/EngineMaterials/DefaultPhysicalMaterial.uexp" 30
"../../../Engine/Content/EngineMaterials/DefaultDestructiblePhysicalMaterial.uasset" 31
"../../../Engine/Content/EngineMaterials/DefaultDestructiblePhysicalMaterial.uexp" 32
"../../../Engine/Content/EngineFonts/Faces/RobotoLight.uexp" 33
"../../../Engine/Content/EngineFonts/Faces/RobotoLight.uasset" 34
"../../../Engine/Content/EngineFonts/Faces/RobotoLight.ufont" 35
"../../../Engine/Content/EngineFonts/Faces/RobotoBold.uexp" 36
"../../../Engine/Content/EngineFonts/Faces/RobotoBold.uasset" 37
"../../../Engine/Content/EngineFonts/Faces/RobotoBold.ufont" 38
"../../../Engine/Content/EngineFonts/Faces/RobotoRegular.uexp" 39
"../../../Engine/Content/EngineFonts/Faces/RobotoRegular.uasset" 40
"../../../Engine/Content/EngineFonts/Faces/RobotoRegular.ufont" 41
"../../../Engine/Content/EngineFonts/Faces/DroidSansFallback.uexp" 42
"../../../Engine/Content/EngineFonts/Faces/DroidSansFallback.uasset" 43
"../../../Engine/Content/EngineFonts/Faces/DroidSansFallback.ufont" 44
"../../../Engine/Content/EngineFonts/Faces/RobotoItalic.uexp" 45
"../../../Engine/Content/EngineFonts/Faces/RobotoItalic.uasset" 46
"../../../Engine/Content/EngineFonts/Faces/RobotoItalic.ufont" 47
"../../../Engine/Content/EngineFonts/Faces/RobotoBoldItalic.uexp" 48
"../../../Engine/Content/EngineFonts/Faces/RobotoBoldItalic.uasset" 49
"../../../Engine/Content/EngineFonts/Faces/RobotoBoldItalic.ufont" 50
"../../../Engine/Content/EngineFonts/Roboto.uasset" 51
"../../../Engine/Content/EngineFonts/Roboto.uexp" 52
"../../../Engine/Content/Animation/DefaultRecorderBoneCompression.uasset" 53
"../../../Engine/Content/Animation/DefaultRecorderBoneCompression.uexp" 54
"../../../Engine/Content/MobileResources/HUD/VirtualJoystick_Background.uasset" 55
"../../../Engine/Content/MobileResources/HUD/VirtualJoystick_Background.uexp" 56
"../../../Engine/Content/MobileResources/HUD/VirtualJoystick_Thumb.uasset" 57
"../../../Engine/Content/MobileResources/HUD/VirtualJoystick_Thumb.uexp" 58
"../../../Engine/Content/MobileResources/HUD/DefaultVirtualJoysticks.uasset" 59
"../../../Engine/Content/MobileResources/HUD/DefaultVirtualJoysticks.uexp" 60
"F:/GitHub/SproutScape/SproutScape/Content/SproutScape/2D/TileSet.uasset" 61
"F:/GitHub/SproutScape/SproutScape/Content/SproutScape/2D/TileSet.uexp" 62
"F:/GitHub/SproutScape/SproutScape/Content/Developers/milan/2DParalaxMAP/PNGs/level_1_stopcontact.uasset" 63
"F:/GitHub/SproutScape/SproutScape/Content/Developers/milan/2DParalaxMAP/PNGs/level_1_stopcontact.uexp" 64
"F:/GitHub/SproutScape/SproutScape/Content/Developers/milan/2DParalaxMAP/Tilesets/level_1_stopcontact_TileSet.uasset" 65
"F:/GitHub/SproutScape/SproutScape/Content/Developers/milan/2DParalaxMAP/Tilesets/level_1_stopcontact_TileSet.uexp" 66
"../../../Engine/Plugins/2D/Paper2D/Content/DefaultSpriteMaterial.uasset" 67
"../../../Engine/Plugins/2D/Paper2D/Content/DefaultSpriteMaterial.uexp" 68
"../../../Engine/Plugins/2D/Paper2D/Content/TranslucentUnlitSpriteMaterial.uasset" 69
"../../../Engine/Plugins/2D/Paper2D/Content/TranslucentUnlitSpriteMaterial.uexp" 70
"F:/GitHub/SproutScape/SproutScape/Content/Developers/milad/UI/Loading/Textures/Loading_Icon_4.uasset" 71
"F:/GitHub/SproutScape/SproutScape/Content/Developers/milad/UI/Loading/Textures/Loading_Icon_4.uexp" 72
"F:/GitHub/SproutScape/SproutScape/Content/Developers/milad/UI/Loading/Loading_Icon_4_Sprite.uasset" 73
"F:/GitHub/SproutScape/SproutScape/Content/Developers/milad/UI/Loading/Loading_Icon_4_Sprite.uexp" 74
"F:/GitHub/SproutScape/SproutScape/Content/Developers/milad/UI/Loading/Textures/Loading_Icon_3.uasset" 75
"F:/GitHub/SproutScape/SproutScape/Content/Developers/milad/UI/Loading/Textures/Loading_Icon_3.uexp" 76
"F:/GitHub/SproutScape/SproutScape/Content/Developers/milad/UI/Loading/Loading_Icon_3_Sprite.uasset" 77
"F:/GitHub/SproutScape/SproutScape/Content/Developers/milad/UI/Loading/Loading_Icon_3_Sprite.uexp" 78
"F:/GitHub/SproutScape/SproutScape/Content/Developers/milad/UI/Loading/Textures/Loading_Icon_1.uasset" 79
"F:/GitHub/SproutScape/SproutScape/Content/Developers/milad/UI/Loading/Textures/Loading_Icon_1.uexp" 80
"F:/GitHub/SproutScape/SproutScape/Content/Developers/milad/UI/Loading/Loading_Icon_1_Sprite.uasset" 81
"F:/GitHub/SproutScape/SproutScape/Content/Developers/milad/UI/Loading/Loading_Icon_1_Sprite.uexp" 82
"F:/GitHub/SproutScape/SproutScape/Content/Developers/milad/UI/Loading/Textures/Loading_Icon_2.uasset" 83
"F:/GitHub/SproutScape/SproutScape/Content/Developers/milad/UI/Loading/Textures/Loading_Icon_2.uexp" 84
"F:/GitHub/SproutScape/SproutScape/Content/Developers/milad/UI/Loading/Loading_Icon_2_Sprite.uasset" 85
"F:/GitHub/SproutScape/SproutScape/Content/Developers/milad/UI/Loading/Loading_Icon_2_Sprite.uexp" 86
"F:/GitHub/SproutScape/SproutScape/Content/Developers/milad/UI/Loading/PF_loadingIcon.uasset" 87
"F:/GitHub/SproutScape/SproutScape/Content/Developers/milad/UI/Loading/PF_loadingIcon.uexp" 88
"F:/GitHub/SproutScape/SproutScape/Content/Developers/milan/2DParalaxMAP/PNGs/level_1_mid_ground.uasset" 89
"F:/GitHub/SproutScape/SproutScape/Content/Developers/milan/2DParalaxMAP/PNGs/level_1_mid_ground.uexp" 90
"F:/GitHub/SproutScape/SproutScape/Content/Developers/NickvanLuyk/Collections/Core/Tilesets/level_1_mid_ground_TileSet.uasset" 91
"F:/GitHub/SproutScape/SproutScape/Content/Developers/NickvanLuyk/Collections/Core/Tilesets/level_1_mid_ground_TileSet.uexp" 92
"F:/GitHub/SproutScape/SproutScape/Content/Developers/milan/Collections/LVL_1_paralax/IMGS/T_Level_01_table.uasset" 93
"F:/GitHub/SproutScape/SproutScape/Content/Developers/milan/Collections/LVL_1_paralax/IMGS/T_Level_01_table.uexp" 94
"F:/GitHub/SproutScape/SproutScape/Content/Developers/milan/Collections/LVL_1_paralax/TileSet/T_Level_01_table_TileSet.uasset" 95
"F:/GitHub/SproutScape/SproutScape/Content/Developers/milan/Collections/LVL_1_paralax/TileSet/T_Level_01_table_TileSet.uexp" 96
"F:/GitHub/SproutScape/SproutScape/Content/Developers/milan/Collections/LVL_1_paralax/IMGS/T_Level_01_stopcontact.uasset" 97
"F:/GitHub/SproutScape/SproutScape/Content/Developers/milan/Collections/LVL_1_paralax/IMGS/T_Level_01_stopcontact.uexp" 98
"F:/GitHub/SproutScape/SproutScape/Content/Developers/milan/Collections/LVL_1_paralax/TileSet/T_Level_01_stopcontact_TileSet.uasset" 99
"F:/GitHub/SproutScape/SproutScape/Content/Developers/milan/Collections/LVL_1_paralax/TileSet/T_Level_01_stopcontact_TileSet.uexp" 100
"F:/GitHub/SproutScape/SproutScape/Content/Developers/milan/Collections/LVL_1_paralax/IMGS/T_Level_01_stekker.uasset" 101
"F:/GitHub/SproutScape/SproutScape/Content/Developers/milan/Collections/LVL_1_paralax/IMGS/T_Level_01_stekker.uexp" 102
"F:/GitHub/SproutScape/SproutScape/Content/Developers/milan/Collections/LVL_1_paralax/TileSet/T_Level_01_stekker_TileSet.uasset" 103
"F:/GitHub/SproutScape/SproutScape/Content/Developers/milan/Collections/LVL_1_paralax/TileSet/T_Level_01_stekker_TileSet.uexp" 104
"F:/GitHub/SproutScape/SproutScape/Content/Developers/milan/Collections/LVL_1_paralax/IMGS/T_Level_01_plants_kitchen.uasset" 105
"F:/GitHub/SproutScape/SproutScape/Content/Developers/milan/Collections/LVL_1_paralax/IMGS/T_Level_01_plants_kitchen.uexp" 106
"F:/GitHub/SproutScape/SproutScape/Content/Developers/milan/Collections/LVL_1_paralax/TileSet/T_Level_01_plants_kitchen_TileSet.uasset" 107
"F:/GitHub/SproutScape/SproutScape/Content/Developers/milan/Collections/LVL_1_paralax/TileSet/T_Level_01_plants_kitchen_TileSet.uexp" 108
"F:/GitHub/SproutScape/SproutScape/Content/Developers/milan/Collections/LVL_1_paralax/IMGS/T_Level_01_kastje.uasset" 109
"F:/GitHub/SproutScape/SproutScape/Content/Developers/milan/Collections/LVL_1_paralax/IMGS/T_Level_01_kastje.uexp" 110
"F:/GitHub/SproutScape/SproutScape/Content/Developers/milan/Collections/LVL_1_paralax/TileSet/T_Level_01_kastje_TileSet.uasset" 111
"F:/GitHub/SproutScape/SproutScape/Content/Developers/milan/Collections/LVL_1_paralax/TileSet/T_Level_01_kastje_TileSet.uexp" 112
"F:/GitHub/SproutScape/SproutScape/Content/Developers/milan/Collections/LVL_1_paralax/IMGS/T_Level_01_hang_plants.uasset" 113
"F:/GitHub/SproutScape/SproutScape/Content/Developers/milan/Collections/LVL_1_paralax/IMGS/T_Level_01_hang_plants.uexp" 114
"F:/GitHub/SproutScape/SproutScape/Content/Developers/milan/Collections/LVL_1_paralax/TileSet/T_Level_01_hang_plants_TileSet.uasset" 115
"F:/GitHub/SproutScape/SproutScape/Content/Developers/milan/Collections/LVL_1_paralax/TileSet/T_Level_01_hang_plants_TileSet.uexp" 116
"F:/GitHub/SproutScape/SproutScape/Content/Developers/milan/Collections/LVL_1_paralax/IMGS/T_Level_01_cactus_1.uasset" 117
"F:/GitHub/SproutScape/SproutScape/Content/Developers/milan/Collections/LVL_1_paralax/IMGS/T_Level_01_cactus_1.uexp" 118
"F:/GitHub/SproutScape/SproutScape/Content/Developers/milan/Collections/LVL_1_paralax/TileSet/T_Level_01_cactus_1_TileSet.uasset" 119
"F:/GitHub/SproutScape/SproutScape/Content/Developers/milan/Collections/LVL_1_paralax/TileSet/T_Level_01_cactus_1_TileSet.uexp" 120
"F:/GitHub/SproutScape/SproutScape/Content/Developers/basde/Collections/SproutScapeDevFolderBas/Core/Assets/Drone2DAnims/Jump/BeeBot_JumpUp_3/Jump_Up_00015.uasset" 121
"F:/GitHub/SproutScape/SproutScape/Content/Developers/basde/Collections/SproutScapeDevFolderBas/Core/Assets/Drone2DAnims/Jump/BeeBot_JumpUp_3/Jump_Up_00015.uexp" 122
"F:/GitHub/SproutScape/SproutScape/Content/Developers/basde/Collections/SproutScapeDevFolderBas/Core/Assets/Drone2DAnims/Jump/BeeBot_JumpUp_3/Jump_Up_00015_Sprite.uasset" 123
"F:/GitHub/SproutScape/SproutScape/Content/Developers/basde/Collections/SproutScapeDevFolderBas/Core/Assets/Drone2DAnims/Jump/BeeBot_JumpUp_3/Jump_Up_00015_Sprite.uexp" 124
"F:/GitHub/SproutScape/SproutScape/Content/Developers/basde/Collections/SproutScapeDevFolderBas/Core/Assets/Drone2DAnims/Jump/BeeBot_JumpUp_3/Jump_Up_00002.uasset" 125
"F:/GitHub/SproutScape/SproutScape/Content/Developers/basde/Collections/SproutScapeDevFolderBas/Core/Assets/Drone2DAnims/Jump/BeeBot_JumpUp_3/Jump_Up_00002.uexp" 126
"F:/GitHub/SproutScape/SproutScape/Content/Developers/basde/Collections/SproutScapeDevFolderBas/Core/Assets/Drone2DAnims/Jump/BeeBot_JumpUp_3/Jump_Up_00002_Sprite.uasset" 127
"F:/GitHub/SproutScape/SproutScape/Content/Developers/basde/Collections/SproutScapeDevFolderBas/Core/Assets/Drone2DAnims/Jump/BeeBot_JumpUp_3/Jump_Up_00002_Sprite.uexp" 128
"F:/GitHub/SproutScape/SproutScape/Content/Developers/basde/Collections/SproutScapeDevFolderBas/Core/Assets/Drone2DAnims/Jump/BeeBot_JumpUp_3/Jump_Up_00018.uasset" 129
"F:/GitHub/SproutScape/SproutScape/Content/Developers/basde/Collections/SproutScapeDevFolderBas/Core/Assets/Drone2DAnims/Jump/BeeBot_JumpUp_3/Jump_Up_00018.uexp" 130
"F:/GitHub/SproutScape/SproutScape/Content/Developers/basde/Collections/SproutScapeDevFolderBas/Core/Assets/Drone2DAnims/Jump/BeeBot_JumpUp_3/Jump_Up_00018_Sprite.uasset" 131
"F:/GitHub/SproutScape/SproutScape/Content/Developers/basde/Collections/SproutScapeDevFolderBas/Core/Assets/Drone2DAnims/Jump/BeeBot_JumpUp_3/Jump_Up_00018_Sprite.uexp" 132
"F:/GitHub/SproutScape/SproutScape/Content/Developers/basde/Collections/SproutScapeDevFolderBas/Core/Assets/Drone2DAnims/Jump/BeeBot_JumpUp_3/Jump_Up_00027.uasset" 133
"F:/GitHub/SproutScape/SproutScape/Content/Developers/basde/Collections/SproutScapeDevFolderBas/Core/Assets/Drone2DAnims/Jump/BeeBot_JumpUp_3/Jump_Up_00027.uexp" 134
"F:/GitHub/SproutScape/SproutScape/Content/Developers/basde/Collections/SproutScapeDevFolderBas/Core/Assets/Drone2DAnims/Jump/BeeBot_JumpUp_3/Jump_Up_00027_Sprite.uasset" 135
"F:/GitHub/SproutScape/SproutScape/Content/Developers/basde/Collections/SproutScapeDevFolderBas/Core/Assets/Drone2DAnims/Jump/BeeBot_JumpUp_3/Jump_Up_00027_Sprite.uexp" 136
"F:/GitHub/SproutScape/SproutScape/Content/Developers/basde/Collections/SproutScapeDevFolderBas/Core/Assets/Drone2DAnims/Jump/BeeBot_JumpUp_3/Jump_Up_00026.uasset" 137
"F:/GitHub/SproutScape/SproutScape/Content/Developers/basde/Collections/SproutScapeDevFolderBas/Core/Assets/Drone2DAnims/Jump/BeeBot_JumpUp_3/Jump_Up_00026.uexp" 138
"F:/GitHub/SproutScape/SproutScape/Content/Developers/basde/Collections/SproutScapeDevFolderBas/Core/Assets/Drone2DAnims/Jump/BeeBot_JumpUp_3/Jump_Up_00026_Sprite.uasset" 139
"F:/GitHub/SproutScape/SproutScape/Content/Developers/basde/Collections/SproutScapeDevFolderBas/Core/Assets/Drone2DAnims/Jump/BeeBot_JumpUp_3/Jump_Up_00026_Sprite.uexp" 140
"F:/GitHub/SproutScape/SproutScape/Content/Developers/basde/Collections/SproutScapeDevFolderBas/Core/Assets/Drone2DAnims/Jump/BeeBot_JumpUp_3/Jump_Up_00009.uasset" 141
"F:/GitHub/SproutScape/SproutScape/Content/Developers/basde/Collections/SproutScapeDevFolderBas/Core/Assets/Drone2DAnims/Jump/BeeBot_JumpUp_3/Jump_Up_00009.uexp" 142
"F:/GitHub/SproutScape/SproutScape/Content/Developers/basde/Collections/SproutScapeDevFolderBas/Core/Assets/Drone2DAnims/Jump/BeeBot_JumpUp_3/Jump_Up_00009_Sprite.uasset" 143
"F:/GitHub/SproutScape/SproutScape/Content/Developers/basde/Collections/SproutScapeDevFolderBas/Core/Assets/Drone2DAnims/Jump/BeeBot_JumpUp_3/Jump_Up_00009_Sprite.uexp" 144
"F:/GitHub/SproutScape/SproutScape/Content/Developers/basde/Collections/SproutScapeDevFolderBas/Core/Assets/Drone2DAnims/Jump/BeeBot_JumpUp_3/Jump_Up_00006.uasset" 145
"F:/GitHub/SproutScape/SproutScape/Content/Developers/basde/Collections/SproutScapeDevFolderBas/Core/Assets/Drone2DAnims/Jump/BeeBot_JumpUp_3/Jump_Up_00006.uexp" 146
"F:/GitHub/SproutScape/SproutScape/Content/Developers/basde/Collections/SproutScapeDevFolderBas/Core/Assets/Drone2DAnims/Jump/BeeBot_JumpUp_3/Jump_Up_00006_Sprite.uasset" 147
"F:/GitHub/SproutScape/SproutScape/Content/Developers/basde/Collections/SproutScapeDevFolderBas/Core/Assets/Drone2DAnims/Jump/BeeBot_JumpUp_3/Jump_Up_00006_Sprite.uexp" 148
"F:/GitHub/SproutScape/SproutScape/Content/Developers/basde/Collections/SproutScapeDevFolderBas/Core/Assets/Drone2DAnims/Jump/BeeBot_JumpUp_3/Jump_Up_00019.uasset" 149
"F:/GitHub/SproutScape/SproutScape/Content/Developers/basde/Collections/SproutScapeDevFolderBas/Core/Assets/Drone2DAnims/Jump/BeeBot_JumpUp_3/Jump_Up_00019.uexp" 150
"F:/GitHub/SproutScape/SproutScape/Content/Developers/basde/Collections/SproutScapeDevFolderBas/Core/Assets/Drone2DAnims/Jump/BeeBot_JumpUp_3/Jump_Up_00019_Sprite.uasset" 151
"F:/GitHub/SproutScape/SproutScape/Content/Developers/basde/Collections/SproutScapeDevFolderBas/Core/Assets/Drone2DAnims/Jump/BeeBot_JumpUp_3/Jump_Up_00019_Sprite.uexp" 152
"F:/GitHub/SproutScape/SproutScape/Content/Developers/basde/Collections/SproutScapeDevFolderBas/Core/Assets/Drone2DAnims/Jump/BeeBot_JumpUp_3/Jump_Up_00028.uasset" 153
"F:/GitHub/SproutScape/SproutScape/Content/Developers/basde/Collections/SproutScapeDevFolderBas/Core/Assets/Drone2DAnims/Jump/BeeBot_JumpUp_3/Jump_Up_00028.uexp" 154
"F:/GitHub/SproutScape/SproutScape/Content/Developers/basde/Collections/SproutScapeDevFolderBas/Core/Assets/Drone2DAnims/Jump/BeeBot_JumpUp_3/Jump_Up_00028_Sprite.uasset" 155
"F:/GitHub/SproutScape/SproutScape/Content/Developers/basde/Collections/SproutScapeDevFolderBas/Core/Assets/Drone2DAnims/Jump/BeeBot_JumpUp_3/Jump_Up_00028_Sprite.uexp" 156
"F:/GitHub/SproutScape/SproutScape/Content/Developers/basde/Collections/SproutScapeDevFolderBas/Core/Assets/Drone2DAnims/Jump/BeeBot_JumpUp_3/Jump_Up_00030.uasset" 157
"F:/GitHub/SproutScape/SproutScape/Content/Developers/basde/Collections/SproutScapeDevFolderBas/Core/Assets/Drone2DAnims/Jump/BeeBot_JumpUp_3/Jump_Up_00030.uexp" 158
"F:/GitHub/SproutScape/SproutScape/Content/Developers/basde/Collections/SproutScapeDevFolderBas/Core/Assets/Drone2DAnims/Jump/BeeBot_JumpUp_3/Jump_Up_00030_Sprite.uasset" 159
"F:/GitHub/SproutScape/SproutScape/Content/Developers/basde/Collections/SproutScapeDevFolderBas/Core/Assets/Drone2DAnims/Jump/BeeBot_JumpUp_3/Jump_Up_00030_Sprite.uexp" 160
"F:/GitHub/SproutScape/SproutScape/Content/Developers/basde/Collections/SproutScapeDevFolderBas/Core/Assets/Drone2DAnims/Jump/BeeBot_JumpUp_3/Jump_Up_00001.uasset" 161
"F:/GitHub/SproutScape/SproutScape/Content/Developers/basde/Collections/SproutScapeDevFolderBas/Core/Assets/Drone2DAnims/Jump/BeeBot_JumpUp_3/Jump_Up_00001.uexp" 162
"F:/GitHub/SproutScape/SproutScape/Content/Developers/basde/Collections/SproutScapeDevFolderBas/Core/Assets/Drone2DAnims/Jump/BeeBot_JumpUp_3/Jump_Up_00001_Sprite.uasset" 163
"F:/GitHub/SproutScape/SproutScape/Content/Developers/basde/Collections/SproutScapeDevFolderBas/Core/Assets/Drone2DAnims/Jump/BeeBot_JumpUp_3/Jump_Up_00001_Sprite.uexp" 164
"F:/GitHub/SproutScape/SproutScape/Content/Developers/basde/Collections/SproutScapeDevFolderBas/Core/Assets/Drone2DAnims/Jump/BeeBot_JumpUp_3/Jump_Up_00010.uasset" 165
"F:/GitHub/SproutScape/SproutScape/Content/Developers/basde/Collections/SproutScapeDevFolderBas/Core/Assets/Drone2DAnims/Jump/BeeBot_JumpUp_3/Jump_Up_00010.uexp" 166
"F:/GitHub/SproutScape/SproutScape/Content/Developers/basde/Collections/SproutScapeDevFolderBas/Core/Assets/Drone2DAnims/Jump/BeeBot_JumpUp_3/Jump_Up_00010_Sprite.uasset" 167
"F:/GitHub/SproutScape/SproutScape/Content/Developers/basde/Collections/SproutScapeDevFolderBas/Core/Assets/Drone2DAnims/Jump/BeeBot_JumpUp_3/Jump_Up_00010_Sprite.uexp" 168
"F:/GitHub/SproutScape/SproutScape/Content/Developers/basde/Collections/SproutScapeDevFolderBas/Core/Assets/Drone2DAnims/Jump/BeeBot_JumpUp_3/Jump_Up_00011.uasset" 169
"F:/GitHub/SproutScape/SproutScape/Content/Developers/basde/Collections/SproutScapeDevFolderBas/Core/Assets/Drone2DAnims/Jump/BeeBot_JumpUp_3/Jump_Up_00011.uexp" 170
"F:/GitHub/SproutScape/SproutScape/Content/Developers/basde/Collections/SproutScapeDevFolderBas/Core/Assets/Drone2DAnims/Jump/BeeBot_JumpUp_3/Jump_Up_00011_Sprite.uasset" 171
"F:/GitHub/SproutScape/SproutScape/Content/Developers/basde/Collections/SproutScapeDevFolderBas/Core/Assets/Drone2DAnims/Jump/BeeBot_JumpUp_3/Jump_Up_00011_Sprite.uexp" 172
"F:/GitHub/SproutScape/SproutScape/Content/Developers/basde/Collections/SproutScapeDevFolderBas/Core/Assets/Drone2DAnims/Jump/BeeBot_JumpUp_3/Jump_Up_00000.uasset" 173
"F:/GitHub/SproutScape/SproutScape/Content/Developers/basde/Collections/SproutScapeDevFolderBas/Core/Assets/Drone2DAnims/Jump/BeeBot_JumpUp_3/Jump_Up_00000.uexp" 174
"F:/GitHub/SproutScape/SproutScape/Content/Developers/basde/Collections/SproutScapeDevFolderBas/Core/Assets/Drone2DAnims/Jump/BeeBot_JumpUp_3/Jump_Up_00000_Sprite.uasset" 175
"F:/GitHub/SproutScape/SproutScape/Content/Developers/basde/Collections/SproutScapeDevFolderBas/Core/Assets/Drone2DAnims/Jump/BeeBot_JumpUp_3/Jump_Up_00000_Sprite.uexp" 176
"F:/GitHub/SproutScape/SproutScape/Content/Developers/basde/Collections/SproutScapeDevFolderBas/Core/Assets/Drone2DAnims/Jump/BeeBot_JumpUp_3/Jump_Up_00004.uasset" 177
"F:/GitHub/SproutScape/SproutScape/Content/Developers/basde/Collections/SproutScapeDevFolderBas/Core/Assets/Drone2DAnims/Jump/BeeBot_JumpUp_3/Jump_Up_00004.uexp" 178
"F:/GitHub/SproutScape/SproutScape/Content/Developers/basde/Collections/SproutScapeDevFolderBas/Core/Assets/Drone2DAnims/Jump/BeeBot_JumpUp_3/Jump_Up_00004_Sprite.uasset" 179
"F:/GitHub/SproutScape/SproutScape/Content/Developers/basde/Collections/SproutScapeDevFolderBas/Core/Assets/Drone2DAnims/Jump/BeeBot_JumpUp_3/Jump_Up_00004_Sprite.uexp" 180
"F:/GitHub/SproutScape/SproutScape/Content/Developers/basde/Collections/SproutScapeDevFolderBas/Core/Assets/Drone2DAnims/Jump/BeeBot_JumpUp_3/Jump_Up_00003.uasset" 181
"F:/GitHub/SproutScape/SproutScape/Content/Developers/basde/Collections/SproutScapeDevFolderBas/Core/Assets/Drone2DAnims/Jump/BeeBot_JumpUp_3/Jump_Up_00003.uexp" 182
"F:/GitHub/SproutScape/SproutScape/Content/Developers/basde/Collections/SproutScapeDevFolderBas/Core/Assets/Drone2DAnims/Jump/BeeBot_JumpUp_3/Jump_Up_00003_Sprite.uasset" 183
"F:/GitHub/SproutScape/SproutScape/Content/Developers/basde/Collections/SproutScapeDevFolderBas/Core/Assets/Drone2DAnims/Jump/BeeBot_JumpUp_3/Jump_Up_00003_Sprite.uexp" 184
"F:/GitHub/SproutScape/SproutScape/Content/Developers/basde/Collections/SproutScapeDevFolderBas/Core/Assets/Drone2DAnims/Jump/BeeBot_JumpUp_3/Jump_Up_00017.uasset" 185
"F:/GitHub/SproutScape/SproutScape/Content/Developers/basde/Collections/SproutScapeDevFolderBas/Core/Assets/Drone2DAnims/Jump/BeeBot_JumpUp_3/Jump_Up_00017.uexp" 186
"F:/GitHub/SproutScape/SproutScape/Content/Developers/basde/Collections/SproutScapeDevFolderBas/Core/Assets/Drone2DAnims/Jump/BeeBot_JumpUp_3/Jump_Up_00017_Sprite.uasset" 187
"F:/GitHub/SproutScape/SproutScape/Content/Developers/basde/Collections/SproutScapeDevFolderBas/Core/Assets/Drone2DAnims/Jump/BeeBot_JumpUp_3/Jump_Up_00017_Sprite.uexp" 188
"F:/GitHub/SproutScape/SproutScape/Content/Developers/basde/Collections/SproutScapeDevFolderBas/Core/Assets/Drone2DAnims/Jump/BeeBot_JumpUp_3/Jump_Up_00024.uasset" 189
"F:/GitHub/SproutScape/SproutScape/Content/Developers/basde/Collections/SproutScapeDevFolderBas/Core/Assets/Drone2DAnims/Jump/BeeBot_JumpUp_3/Jump_Up_00024.uexp" 190
"F:/GitHub/SproutScape/SproutScape/Content/Developers/basde/Collections/SproutScapeDevFolderBas/Core/Assets/Drone2DAnims/Jump/BeeBot_JumpUp_3/Jump_Up_00024_Sprite.uasset" 191
"F:/GitHub/SproutScape/SproutScape/Content/Developers/basde/Collections/SproutScapeDevFolderBas/Core/Assets/Drone2DAnims/Jump/BeeBot_JumpUp_3/Jump_Up_00024_Sprite.uexp" 192
"F:/GitHub/SproutScape/SproutScape/Content/Developers/basde/Collections/SproutScapeDevFolderBas/Core/Assets/Drone2DAnims/Jump/BeeBot_JumpUp_3/Jump_Up_00031.uasset" 193
"F:/GitHub/SproutScape/SproutScape/Content/Developers/basde/Collections/SproutScapeDevFolderBas/Core/Assets/Drone2DAnims/Jump/BeeBot_JumpUp_3/Jump_Up_00031.uexp" 194
"F:/GitHub/SproutScape/SproutScape/Content/Developers/basde/Collections/SproutScapeDevFolderBas/Core/Assets/Drone2DAnims/Jump/BeeBot_JumpUp_3/Jump_Up_00031_Sprite.uasset" 195
"F:/GitHub/SproutScape/SproutScape/Content/Developers/basde/Collections/SproutScapeDevFolderBas/Core/Assets/Drone2DAnims/Jump/BeeBot_JumpUp_3/Jump_Up_00031_Sprite.uexp" 196
"F:/GitHub/SproutScape/SproutScape/Content/Developers/basde/Collections/SproutScapeDevFolderBas/Core/Assets/Drone2DAnims/Jump/BeeBot_JumpUp_3/Jump_Up_00032.uasset" 197
"F:/GitHub/SproutScape/SproutScape/Content/Developers/basde/Collections/SproutScapeDevFolderBas/Core/Assets/Drone2DAnims/Jump/BeeBot_JumpUp_3/Jump_Up_00032.uexp" 198
"F:/GitHub/SproutScape/SproutScape/Content/Developers/basde/Collections/SproutScapeDevFolderBas/Core/Assets/Drone2DAnims/Jump/BeeBot_JumpUp_3/Jump_Up_00032_Sprite.uasset" 199
"F:/GitHub/SproutScape/SproutScape/Content/Developers/basde/Collections/SproutScapeDevFolderBas/Core/Assets/Drone2DAnims/Jump/BeeBot_JumpUp_3/Jump_Up_00032_Sprite.uexp" 200
"F:/GitHub/SproutScape/SproutScape/Content/Developers/basde/Collections/SproutScapeDevFolderBas/Core/Assets/Drone2DAnims/Jump/BeeBot_JumpUp_3/Jump_Up_00008.uasset" 201
"F:/GitHub/SproutScape/SproutScape/Content/Developers/basde/Collections/SproutScapeDevFolderBas/Core/Assets/Drone2DAnims/Jump/BeeBot_JumpUp_3/Jump_Up_00008.uexp" 202
"F:/GitHub/SproutScape/SproutScape/Content/Developers/basde/Collections/SproutScapeDevFolderBas/Core/Assets/Drone2DAnims/Jump/BeeBot_JumpUp_3/Jump_Up_00008_Sprite.uasset" 203
"F:/GitHub/SproutScape/SproutScape/Content/Developers/basde/Collections/SproutScapeDevFolderBas/Core/Assets/Drone2DAnims/Jump/BeeBot_JumpUp_3/Jump_Up_00008_Sprite.uexp" 204
"F:/GitHub/SproutScape/SproutScape/Content/Developers/basde/Collections/SproutScapeDevFolderBas/Core/Assets/Drone2DAnims/Jump/BeeBot_JumpUp_3/Jump_Up_00029.uasset" 205
"F:/GitHub/SproutScape/SproutScape/Content/Developers/basde/Collections/SproutScapeDevFolderBas/Core/Assets/Drone2DAnims/Jump/BeeBot_JumpUp_3/Jump_Up_00029.uexp" 206
"F:/GitHub/SproutScape/SproutScape/Content/Developers/basde/Collections/SproutScapeDevFolderBas/Core/Assets/Drone2DAnims/Jump/BeeBot_JumpUp_3/Jump_Up_00029_Sprite.uasset" 207
"F:/GitHub/SproutScape/SproutScape/Content/Developers/basde/Collections/SproutScapeDevFolderBas/Core/Assets/Drone2DAnims/Jump/BeeBot_JumpUp_3/Jump_Up_00029_Sprite.uexp" 208
"F:/GitHub/SproutScape/SproutScape/Content/Developers/basde/Collections/SproutScapeDevFolderBas/Core/Assets/Drone2DAnims/Jump/BeeBot_JumpUp_3/Jump_Up_00007.uasset" 209
"F:/GitHub/SproutScape/SproutScape/Content/Developers/basde/Collections/SproutScapeDevFolderBas/Core/Assets/Drone2DAnims/Jump/BeeBot_JumpUp_3/Jump_Up_00007.uexp" 210
"F:/GitHub/SproutScape/SproutScape/Content/Developers/basde/Collections/SproutScapeDevFolderBas/Core/Assets/Drone2DAnims/Jump/BeeBot_JumpUp_3/Jump_Up_00007_Sprite.uasset" 211
"F:/GitHub/SproutScape/SproutScape/Content/Developers/basde/Collections/SproutScapeDevFolderBas/Core/Assets/Drone2DAnims/Jump/BeeBot_JumpUp_3/Jump_Up_00007_Sprite.uexp" 212
"F:/GitHub/SproutScape/SproutScape/Content/Developers/basde/Collections/SproutScapeDevFolderBas/Core/Assets/Drone2DAnims/Jump/BeeBot_JumpUp_3/Jump_Up_00020.uasset" 213
"F:/GitHub/SproutScape/SproutScape/Content/Developers/basde/Collections/SproutScapeDevFolderBas/Core/Assets/Drone2DAnims/Jump/BeeBot_JumpUp_3/Jump_Up_00020.uexp" 214
"F:/GitHub/SproutScape/SproutScape/Content/Developers/basde/Collections/SproutScapeDevFolderBas/Core/Assets/Drone2DAnims/Jump/BeeBot_JumpUp_3/Jump_Up_00020_Sprite.uasset" 215
"F:/GitHub/SproutScape/SproutScape/Content/Developers/basde/Collections/SproutScapeDevFolderBas/Core/Assets/Drone2DAnims/Jump/BeeBot_JumpUp_3/Jump_Up_00020_Sprite.uexp" 216
"F:/GitHub/SproutScape/SproutScape/Content/Developers/basde/Collections/SproutScapeDevFolderBas/Core/Assets/Drone2DAnims/Jump/BeeBot_JumpUp_3/Jump_Up_00013.uasset" 217
"F:/GitHub/SproutScape/SproutScape/Content/Developers/basde/Collections/SproutScapeDevFolderBas/Core/Assets/Drone2DAnims/Jump/BeeBot_JumpUp_3/Jump_Up_00013.uexp" 218
"F:/GitHub/SproutScape/SproutScape/Content/Developers/basde/Collections/SproutScapeDevFolderBas/Core/Assets/Drone2DAnims/Jump/BeeBot_JumpUp_3/Jump_Up_00013_Sprite.uasset" 219
"F:/GitHub/SproutScape/SproutScape/Content/Developers/basde/Collections/SproutScapeDevFolderBas/Core/Assets/Drone2DAnims/Jump/BeeBot_JumpUp_3/Jump_Up_00013_Sprite.uexp" 220
"F:/GitHub/SproutScape/SproutScape/Content/Developers/basde/Collections/SproutScapeDevFolderBas/Core/Assets/Drone2DAnims/Jump/BeeBot_JumpUp_3/Jump_Up_00025.uasset" 221
"F:/GitHub/SproutScape/SproutScape/Content/Developers/basde/Collections/SproutScapeDevFolderBas/Core/Assets/Drone2DAnims/Jump/BeeBot_JumpUp_3/Jump_Up_00025.uexp" 222
"F:/GitHub/SproutScape/SproutScape/Content/Developers/basde/Collections/SproutScapeDevFolderBas/Core/Assets/Drone2DAnims/Jump/BeeBot_JumpUp_3/Jump_Up_00025_Sprite.uasset" 223
"F:/GitHub/SproutScape/SproutScape/Content/Developers/basde/Collections/SproutScapeDevFolderBas/Core/Assets/Drone2DAnims/Jump/BeeBot_JumpUp_3/Jump_Up_00025_Sprite.uexp" 224
"F:/GitHub/SproutScape/SproutScape/Content/Developers/basde/Collections/SproutScapeDevFolderBas/Core/Assets/Drone2DAnims/Jump/BeeBot_JumpUp_3/Jump_Up_00022.uasset" 225
"F:/GitHub/SproutScape/SproutScape/Content/Developers/basde/Collections/SproutScapeDevFolderBas/Core/Assets/Drone2DAnims/Jump/BeeBot_JumpUp_3/Jump_Up_00022.uexp" 226
"F:/GitHub/SproutScape/SproutScape/Content/Developers/basde/Collections/SproutScapeDevFolderBas/Core/Assets/Drone2DAnims/Jump/BeeBot_JumpUp_3/Jump_Up_00022_Sprite.uasset" 227
"F:/GitHub/SproutScape/SproutScape/Content/Developers/basde/Collections/SproutScapeDevFolderBas/Core/Assets/Drone2DAnims/Jump/BeeBot_JumpUp_3/Jump_Up_00022_Sprite.uexp" 228
"F:/GitHub/SproutScape/SproutScape/Content/Developers/basde/Collections/SproutScapeDevFolderBas/Core/Assets/Drone2DAnims/Jump/BeeBot_JumpUp_3/Jump_Up_00014.uasset" 229
"F:/GitHub/SproutScape/SproutScape/Content/Developers/basde/Collections/SproutScapeDevFolderBas/Core/Assets/Drone2DAnims/Jump/BeeBot_JumpUp_3/Jump_Up_00014.uexp" 230
"F:/GitHub/SproutScape/SproutScape/Content/Developers/basde/Collections/SproutScapeDevFolderBas/Core/Assets/Drone2DAnims/Jump/BeeBot_JumpUp_3/Jump_Up_00014_Sprite.uasset" 231
"F:/GitHub/SproutScape/SproutScape/Content/Developers/basde/Collections/SproutScapeDevFolderBas/Core/Assets/Drone2DAnims/Jump/BeeBot_JumpUp_3/Jump_Up_00014_Sprite.uexp" 232
"F:/GitHub/SproutScape/SproutScape/Content/Developers/basde/Collections/SproutScapeDevFolderBas/Core/Assets/Drone2DAnims/Jump/BeeBot_JumpUp_3/Jump_Up_00012.uasset" 233
"F:/GitHub/SproutScape/SproutScape/Content/Developers/basde/Collections/SproutScapeDevFolderBas/Core/Assets/Drone2DAnims/Jump/BeeBot_JumpUp_3/Jump_Up_00012.uexp" 234
"F:/GitHub/SproutScape/SproutScape/Content/Developers/basde/Collections/SproutScapeDevFolderBas/Core/Assets/Drone2DAnims/Jump/BeeBot_JumpUp_3/Jump_Up_00012_Sprite.uasset" 235
"F:/GitHub/SproutScape/SproutScape/Content/Developers/basde/Collections/SproutScapeDevFolderBas/Core/Assets/Drone2DAnims/Jump/BeeBot_JumpUp_3/Jump_Up_00012_Sprite.uexp" 236
"F:/GitHub/SproutScape/SproutScape/Content/Developers/basde/Collections/SproutScapeDevFolderBas/Core/Assets/Drone2DAnims/Jump/BeeBot_JumpUp_3/Jump_Up_00016.uasset" 237
"F:/GitHub/SproutScape/SproutScape/Content/Developers/basde/Collections/SproutScapeDevFolderBas/Core/Assets/Drone2DAnims/Jump/BeeBot_JumpUp_3/Jump_Up_00016.uexp" 238
"F:/GitHub/SproutScape/SproutScape/Content/Developers/basde/Collections/SproutScapeDevFolderBas/Core/Assets/Drone2DAnims/Jump/BeeBot_JumpUp_3/Jump_Up_00016_Sprite.uasset" 239
"F:/GitHub/SproutScape/SproutScape/Content/Developers/basde/Collections/SproutScapeDevFolderBas/Core/Assets/Drone2DAnims/Jump/BeeBot_JumpUp_3/Jump_Up_00016_Sprite.uexp" 240
"F:/GitHub/SproutScape/SproutScape/Content/Developers/basde/Collections/SproutScapeDevFolderBas/Core/Assets/Drone2DAnims/Jump/BeeBot_JumpUp_3/Jump_Up_00005.uasset" 241
"F:/GitHub/SproutScape/SproutScape/Content/Developers/basde/Collections/SproutScapeDevFolderBas/Core/Assets/Drone2DAnims/Jump/BeeBot_JumpUp_3/Jump_Up_00005.uexp" 242
"F:/GitHub/SproutScape/SproutScape/Content/Developers/basde/Collections/SproutScapeDevFolderBas/Core/Assets/Drone2DAnims/Jump/BeeBot_JumpUp_3/Jump_Up_00005_Sprite.uasset" 243
"F:/GitHub/SproutScape/SproutScape/Content/Developers/basde/Collections/SproutScapeDevFolderBas/Core/Assets/Drone2DAnims/Jump/BeeBot_JumpUp_3/Jump_Up_00005_Sprite.uexp" 244
"F:/GitHub/SproutScape/SproutScape/Content/Developers/basde/Collections/SproutScapeDevFolderBas/Core/Assets/Drone2DAnims/Jump/BeeBot_JumpUp_3/Jump_Up_00021.uasset" 245
"F:/GitHub/SproutScape/SproutScape/Content/Developers/basde/Collections/SproutScapeDevFolderBas/Core/Assets/Drone2DAnims/Jump/BeeBot_JumpUp_3/Jump_Up_00021.uexp" 246
"F:/GitHub/SproutScape/SproutScape/Content/Developers/basde/Collections/SproutScapeDevFolderBas/Core/Assets/Drone2DAnims/Jump/BeeBot_JumpUp_3/Jump_Up_00021_Sprite.uasset" 247
"F:/GitHub/SproutScape/SproutScape/Content/Developers/basde/Collections/SproutScapeDevFolderBas/Core/Assets/Drone2DAnims/Jump/BeeBot_JumpUp_3/Jump_Up_00021_Sprite.uexp" 248
"F:/GitHub/SproutScape/SproutScape/Content/Developers/basde/Collections/SproutScapeDevFolderBas/Core/Assets/Drone2DAnims/Jump/BeeBot_JumpUp_3/Jump_Up_00023.uasset" 249
"F:/GitHub/SproutScape/SproutScape/Content/Developers/basde/Collections/SproutScapeDevFolderBas/Core/Assets/Drone2DAnims/Jump/BeeBot_JumpUp_3/Jump_Up_00023.uexp" 250
"F:/GitHub/SproutScape/SproutScape/Content/Developers/basde/Collections/SproutScapeDevFolderBas/Core/Assets/Drone2DAnims/Jump/BeeBot_JumpUp_3/Jump_Up_00023_Sprite.uasset" 251
"F:/GitHub/SproutScape/SproutScape/Content/Developers/basde/Collections/SproutScapeDevFolderBas/Core/Assets/Drone2DAnims/Jump/BeeBot_JumpUp_3/Jump_Up_00023_Sprite.uexp" 252
"F:/GitHub/SproutScape/SproutScape/Content/Developers/NickvanLuyk/Collections/Core/Animations/2D/BeeBot_JumpUp/FB_JumpUpCorrect.uasset" 253
"F:/GitHub/SproutScape/SproutScape/Content/Developers/NickvanLuyk/Collections/Core/Animations/2D/BeeBot_JumpUp/FB_JumpUpCorrect.uexp" 254
"F:/GitHub/SproutScape/SproutScape/Content/Developers/basde/Collections/SproutScapeDevFolderBas/Core/Assets/Drone2DAnims/plugin/BeeBot_PlugIn/Plug_In_00029.uasset" 255
"F:/GitHub/SproutScape/SproutScape/Content/Developers/basde/Collections/SproutScapeDevFolderBas/Core/Assets/Drone2DAnims/plugin/BeeBot_PlugIn/Plug_In_00029.uexp" 256
"F:/GitHub/SproutScape/SproutScape/Content/Developers/basde/Collections/SproutScapeDevFolderBas/Core/Assets/Drone2DAnims/plugin/BeeBot_PlugIn/Plug_In_00029_Sprite.uasset" 257
"F:/GitHub/SproutScape/SproutScape/Content/Developers/basde/Collections/SproutScapeDevFolderBas/Core/Assets/Drone2DAnims/plugin/BeeBot_PlugIn/Plug_In_00029_Sprite.uexp" 258
"F:/GitHub/SproutScape/SproutScape/Content/Developers/basde/Collections/SproutScapeDevFolderBas/Core/Assets/Drone2DAnims/plugin/BeeBot_PlugIn/Plug_In_00053.uasset" 259
"F:/GitHub/SproutScape/SproutScape/Content/Developers/basde/Collections/SproutScapeDevFolderBas/Core/Assets/Drone2DAnims/plugin/BeeBot_PlugIn/Plug_In_00053.uexp" 260
"F:/GitHub/SproutScape/SproutScape/Content/Developers/basde/Collections/SproutScapeDevFolderBas/Core/Assets/Drone2DAnims/plugin/BeeBot_PlugIn/Plug_In_00053_Sprite.uasset" 261
"F:/GitHub/SproutScape/SproutScape/Content/Developers/basde/Collections/SproutScapeDevFolderBas/Core/Assets/Drone2DAnims/plugin/BeeBot_PlugIn/Plug_In_00053_Sprite.uexp" 262
"F:/GitHub/SproutScape/SproutScape/Content/Developers/basde/Collections/SproutScapeDevFolderBas/Core/Assets/Drone2DAnims/plugin/BeeBot_PlugIn/Plug_In_00017.uasset" 263
"F:/GitHub/SproutScape/SproutScape/Content/Developers/basde/Collections/SproutScapeDevFolderBas/Core/Assets/Drone2DAnims/plugin/BeeBot_PlugIn/Plug_In_00017.uexp" 264
"F:/GitHub/SproutScape/SproutScape/Content/Developers/basde/Collections/SproutScapeDevFolderBas/Core/Assets/Drone2DAnims/plugin/BeeBot_PlugIn/Plug_In_00017_Sprite.uasset" 265
"F:/GitHub/SproutScape/SproutScape/Content/Developers/basde/Collections/SproutScapeDevFolderBas/Core/Assets/Drone2DAnims/plugin/BeeBot_PlugIn/Plug_In_00017_Sprite.uexp" 266
"F:/GitHub/SproutScape/SproutScape/Content/Developers/basde/Collections/SproutScapeDevFolderBas/Core/Assets/Drone2DAnims/plugin/BeeBot_PlugIn/Plug_In_00024.uasset" 267
"F:/GitHub/SproutScape/SproutScape/Content/Developers/basde/Collections/SproutScapeDevFolderBas/Core/Assets/Drone2DAnims/plugin/BeeBot_PlugIn/Plug_In_00024.uexp" 268
"F:/GitHub/SproutScape/SproutScape/Content/Developers/basde/Collections/SproutScapeDevFolderBas/Core/Assets/Drone2DAnims/plugin/BeeBot_PlugIn/Plug_In_00024_Sprite.uasset" 269
"F:/GitHub/SproutScape/SproutScape/Content/Developers/basde/Collections/SproutScapeDevFolderBas/Core/Assets/Drone2DAnims/plugin/BeeBot_PlugIn/Plug_In_00024_Sprite.uexp" 270
"F:/GitHub/SproutScape/SproutScape/Content/Developers/basde/Collections/SproutScapeDevFolderBas/Core/Assets/Drone2DAnims/plugin/BeeBot_PlugIn/Plug_In_00045.uasset" 271
"F:/GitHub/SproutScape/SproutScape/Content/Developers/basde/Collections/SproutScapeDevFolderBas/Core/Assets/Drone2DAnims/plugin/BeeBot_PlugIn/Plug_In_00045.uexp" 272
"F:/GitHub/SproutScape/SproutScape/Content/Developers/basde/Collections/SproutScapeDevFolderBas/Core/Assets/Drone2DAnims/plugin/BeeBot_PlugIn/Plug_In_00045_Sprite.uasset" 273
"F:/GitHub/SproutScape/SproutScape/Content/Developers/basde/Collections/SproutScapeDevFolderBas/Core/Assets/Drone2DAnims/plugin/BeeBot_PlugIn/Plug_In_00045_Sprite.uexp" 274
"F:/GitHub/SproutScape/SproutScape/Content/Developers/basde/Collections/SproutScapeDevFolderBas/Core/Assets/Drone2DAnims/plugin/BeeBot_PlugIn/Plug_In_00043.uasset" 275
"F:/GitHub/SproutScape/SproutScape/Content/Developers/basde/Collections/SproutScapeDevFolderBas/Core/Assets/Drone2DAnims/plugin/BeeBot_PlugIn/Plug_In_00043.uexp" 276
"F:/GitHub/SproutScape/SproutScape/Content/Developers/basde/Collections/SproutScapeDevFolderBas/Core/Assets/Drone2DAnims/plugin/BeeBot_PlugIn/Plug_In_00043_Sprite.uasset" 277
"F:/GitHub/SproutScape/SproutScape/Content/Developers/basde/Collections/SproutScapeDevFolderBas/Core/Assets/Drone2DAnims/plugin/BeeBot_PlugIn/Plug_In_00043_Sprite.uexp" 278
"F:/GitHub/SproutScape/SproutScape/Content/Developers/basde/Collections/SproutScapeDevFolderBas/Core/Assets/Drone2DAnims/plugin/BeeBot_PlugIn/Plug_In_00055.uasset" 279
"F:/GitHub/SproutScape/SproutScape/Content/Developers/basde/Collections/SproutScapeDevFolderBas/Core/Assets/Drone2DAnims/plugin/BeeBot_PlugIn/Plug_In_00055.uexp" 280
"F:/GitHub/SproutScape/SproutScape/Content/Developers/basde/Collections/SproutScapeDevFolderBas/Core/Assets/Drone2DAnims/plugin/BeeBot_PlugIn/Plug_In_00055_Sprite.uasset" 281
"F:/GitHub/SproutScape/SproutScape/Content/Developers/basde/Collections/SproutScapeDevFolderBas/Core/Assets/Drone2DAnims/plugin/BeeBot_PlugIn/Plug_In_00055_Sprite.uexp" 282
"F:/GitHub/SproutScape/SproutScape/Content/Developers/basde/Collections/SproutScapeDevFolderBas/Core/Assets/Drone2DAnims/plugin/BeeBot_PlugIn/Plug_In_00034.uasset" 283
"F:/GitHub/SproutScape/SproutScape/Content/Developers/basde/Collections/SproutScapeDevFolderBas/Core/Assets/Drone2DAnims/plugin/BeeBot_PlugIn/Plug_In_00034.uexp" 284
"F:/GitHub/SproutScape/SproutScape/Content/Developers/basde/Collections/SproutScapeDevFolderBas/Core/Assets/Drone2DAnims/plugin/BeeBot_PlugIn/Plug_In_00034_Sprite.uasset" 285
"F:/GitHub/SproutScape/SproutScape/Content/Developers/basde/Collections/SproutScapeDevFolderBas/Core/Assets/Drone2DAnims/plugin/BeeBot_PlugIn/Plug_In_00034_Sprite.uexp" 286
"F:/GitHub/SproutScape/SproutScape/Content/Developers/basde/Collections/SproutScapeDevFolderBas/Core/Assets/Drone2DAnims/plugin/BeeBot_PlugIn/Plug_In_00012.uasset" 287
"F:/GitHub/SproutScape/SproutScape/Content/Developers/basde/Collections/SproutScapeDevFolderBas/Core/Assets/Drone2DAnims/plugin/BeeBot_PlugIn/Plug_In_00012.uexp" 288
"F:/GitHub/SproutScape/SproutScape/Content/Developers/basde/Collections/SproutScapeDevFolderBas/Core/Assets/Drone2DAnims/plugin/BeeBot_PlugIn/Plug_In_00012_Sprite.uasset" 289
"F:/GitHub/SproutScape/SproutScape/Content/Developers/basde/Collections/SproutScapeDevFolderBas/Core/Assets/Drone2DAnims/plugin/BeeBot_PlugIn/Plug_In_00012_Sprite.uexp" 290
"F:/GitHub/SproutScape/SproutScape/Content/Developers/basde/Collections/SproutScapeDevFolderBas/Core/Assets/Drone2DAnims/plugin/BeeBot_PlugIn/Plug_In_00003.uasset" 291
"F:/GitHub/SproutScape/SproutScape/Content/Developers/basde/Collections/SproutScapeDevFolderBas/Core/Assets/Drone2DAnims/plugin/BeeBot_PlugIn/Plug_In_00003.uexp" 292
"F:/GitHub/SproutScape/SproutScape/Content/Developers/basde/Collections/SproutScapeDevFolderBas/Core/Assets/Drone2DAnims/plugin/BeeBot_PlugIn/Plug_In_00003_Sprite.uasset" 293
"F:/GitHub/SproutScape/SproutScape/Content/Developers/basde/Collections/SproutScapeDevFolderBas/Core/Assets/Drone2DAnims/plugin/BeeBot_PlugIn/Plug_In_00003_Sprite.uexp" 294
"F:/GitHub/SproutScape/SproutScape/Content/Developers/basde/Collections/SproutScapeDevFolderBas/Core/Assets/Drone2DAnims/plugin/BeeBot_PlugIn/Plug_In_00050.uasset" 295
"F:/GitHub/SproutScape/SproutScape/Content/Developers/basde/Collections/SproutScapeDevFolderBas/Core/Assets/Drone2DAnims/plugin/BeeBot_PlugIn/Plug_In_00050.uexp" 296
"F:/GitHub/SproutScape/SproutScape/Content/Developers/basde/Collections/SproutScapeDevFolderBas/Core/Assets/Drone2DAnims/plugin/BeeBot_PlugIn/Plug_In_00050_Sprite.uasset" 297
"F:/GitHub/SproutScape/SproutScape/Content/Developers/basde/Collections/SproutScapeDevFolderBas/Core/Assets/Drone2DAnims/plugin/BeeBot_PlugIn/Plug_In_00050_Sprite.uexp" 298
"F:/GitHub/SproutScape/SproutScape/Content/Developers/basde/Collections/SproutScapeDevFolderBas/Core/Assets/Drone2DAnims/plugin/BeeBot_PlugIn/Plug_In_00040.uasset" 299
"F:/GitHub/SproutScape/SproutScape/Content/Developers/basde/Collections/SproutScapeDevFolderBas/Core/Assets/Drone2DAnims/plugin/BeeBot_PlugIn/Plug_In_00040.uexp" 300
"F:/GitHub/SproutScape/SproutScape/Content/Developers/basde/Collections/SproutScapeDevFolderBas/Core/Assets/Drone2DAnims/plugin/BeeBot_PlugIn/Plug_In_00040_Sprite.uasset" 301
"F:/GitHub/SproutScape/SproutScape/Content/Developers/basde/Collections/SproutScapeDevFolderBas/Core/Assets/Drone2DAnims/plugin/BeeBot_PlugIn/Plug_In_00040_Sprite.uexp" 302
"F:/GitHub/SproutScape/SproutScape/Content/Developers/basde/Collections/SproutScapeDevFolderBas/Core/Assets/Drone2DAnims/plugin/BeeBot_PlugIn/Plug_In_00009.uasset" 303
"F:/GitHub/SproutScape/SproutScape/Content/Developers/basde/Collections/SproutScapeDevFolderBas/Core/Assets/Drone2DAnims/plugin/BeeBot_PlugIn/Plug_In_00009.uexp" 304
"F:/GitHub/SproutScape/SproutScape/Content/Developers/basde/Collections/SproutScapeDevFolderBas/Core/Assets/Drone2DAnims/plugin/BeeBot_PlugIn/Plug_In_00009_Sprite.uasset" 305
"F:/GitHub/SproutScape/SproutScape/Content/Developers/basde/Collections/SproutScapeDevFolderBas/Core/Assets/Drone2DAnims/plugin/BeeBot_PlugIn/Plug_In_00009_Sprite.uexp" 306
"F:/GitHub/SproutScape/SproutScape/Content/Developers/basde/Collections/SproutScapeDevFolderBas/Core/Assets/Drone2DAnims/plugin/BeeBot_PlugIn/Plug_In_00005.uasset" 307
"F:/GitHub/SproutScape/SproutScape/Content/Developers/basde/Collections/SproutScapeDevFolderBas/Core/Assets/Drone2DAnims/plugin/BeeBot_PlugIn/Plug_In_00005.uexp" 308
"F:/GitHub/SproutScape/SproutScape/Content/Developers/basde/Collections/SproutScapeDevFolderBas/Core/Assets/Drone2DAnims/plugin/BeeBot_PlugIn/Plug_In_00005_Sprite.uasset" 309
"F:/GitHub/SproutScape/SproutScape/Content/Developers/basde/Collections/SproutScapeDevFolderBas/Core/Assets/Drone2DAnims/plugin/BeeBot_PlugIn/Plug_In_00005_Sprite.uexp" 310
"F:/GitHub/SproutScape/SproutScape/Content/Developers/basde/Collections/SproutScapeDevFolderBas/Core/Assets/Drone2DAnims/plugin/BeeBot_PlugIn/Plug_In_00054.uasset" 311
"F:/GitHub/SproutScape/SproutScape/Content/Developers/basde/Collections/SproutScapeDevFolderBas/Core/Assets/Drone2DAnims/plugin/BeeBot_PlugIn/Plug_In_00054.uexp" 312
"F:/GitHub/SproutScape/SproutScape/Content/Developers/basde/Collections/SproutScapeDevFolderBas/Core/Assets/Drone2DAnims/plugin/BeeBot_PlugIn/Plug_In_00054_Sprite.uasset" 313
"F:/GitHub/SproutScape/SproutScape/Content/Developers/basde/Collections/SproutScapeDevFolderBas/Core/Assets/Drone2DAnims/plugin/BeeBot_PlugIn/Plug_In_00054_Sprite.uexp" 314
"F:/GitHub/SproutScape/SproutScape/Content/Developers/basde/Collections/SproutScapeDevFolderBas/Core/Assets/Drone2DAnims/plugin/BeeBot_PlugIn/Plug_In_00020.uasset" 315
"F:/GitHub/SproutScape/SproutScape/Content/Developers/basde/Collections/SproutScapeDevFolderBas/Core/Assets/Drone2DAnims/plugin/BeeBot_PlugIn/Plug_In_00020.uexp" 316
"F:/GitHub/SproutScape/SproutScape/Content/Developers/basde/Collections/SproutScapeDevFolderBas/Core/Assets/Drone2DAnims/plugin/BeeBot_PlugIn/Plug_In_00020_Sprite.uasset" 317
"F:/GitHub/SproutScape/SproutScape/Content/Developers/basde/Collections/SproutScapeDevFolderBas/Core/Assets/Drone2DAnims/plugin/BeeBot_PlugIn/Plug_In_00020_Sprite.uexp" 318
"F:/GitHub/SproutScape/SproutScape/Content/Developers/basde/Collections/SproutScapeDevFolderBas/Core/Assets/Drone2DAnims/plugin/BeeBot_PlugIn/Plug_In_00018.uasset" 319
"F:/GitHub/SproutScape/SproutScape/Content/Developers/basde/Collections/SproutScapeDevFolderBas/Core/Assets/Drone2DAnims/plugin/BeeBot_PlugIn/Plug_In_00018.uexp" 320
"F:/GitHub/SproutScape/SproutScape/Content/Developers/basde/Collections/SproutScapeDevFolderBas/Core/Assets/Drone2DAnims/plugin/BeeBot_PlugIn/Plug_In_00018_Sprite.uasset" 321
"F:/GitHub/SproutScape/SproutScape/Content/Developers/basde/Collections/SproutScapeDevFolderBas/Core/Assets/Drone2DAnims/plugin/BeeBot_PlugIn/Plug_In_00018_Sprite.uexp" 322
"F:/GitHub/SproutScape/SproutScape/Content/Developers/basde/Collections/SproutScapeDevFolderBas/Core/Assets/Drone2DAnims/plugin/BeeBot_PlugIn/Plug_In_00047.uasset" 323
"F:/GitHub/SproutScape/SproutScape/Content/Developers/basde/Collections/SproutScapeDevFolderBas/Core/Assets/Drone2DAnims/plugin/BeeBot_PlugIn/Plug_In_00047.uexp" 324
"F:/GitHub/SproutScape/SproutScape/Content/Developers/basde/Collections/SproutScapeDevFolderBas/Core/Assets/Drone2DAnims/plugin/BeeBot_PlugIn/Plug_In_00047_Sprite.uasset" 325
"F:/GitHub/SproutScape/SproutScape/Content/Developers/basde/Collections/SproutScapeDevFolderBas/Core/Assets/Drone2DAnims/plugin/BeeBot_PlugIn/Plug_In_00047_Sprite.uexp" 326
"F:/GitHub/SproutScape/SproutScape/Content/Developers/basde/Collections/SproutScapeDevFolderBas/Core/Assets/Drone2DAnims/plugin/BeeBot_PlugIn/Plug_In_00014.uasset" 327
"F:/GitHub/SproutScape/SproutScape/Content/Developers/basde/Collections/SproutScapeDevFolderBas/Core/Assets/Drone2DAnims/plugin/BeeBot_PlugIn/Plug_In_00014.uexp" 328
"F:/GitHub/SproutScape/SproutScape/Content/Developers/basde/Collections/SproutScapeDevFolderBas/Core/Assets/Drone2DAnims/plugin/BeeBot_PlugIn/Plug_In_00014_Sprite.uasset" 329
"F:/GitHub/SproutScape/SproutScape/Content/Developers/basde/Collections/SproutScapeDevFolderBas/Core/Assets/Drone2DAnims/plugin/BeeBot_PlugIn/Plug_In_00014_Sprite.uexp" 330
"F:/GitHub/SproutScape/SproutScape/Content/Developers/basde/Collections/SproutScapeDevFolderBas/Core/Assets/Drone2DAnims/plugin/BeeBot_PlugIn/Plug_In_00010.uasset" 331
"F:/GitHub/SproutScape/SproutScape/Content/Developers/basde/Collections/SproutScapeDevFolderBas/Core/Assets/Drone2DAnims/plugin/BeeBot_PlugIn/Plug_In_00010.uexp" 332
"F:/GitHub/SproutScape/SproutScape/Content/Developers/basde/Collections/SproutScapeDevFolderBas/Core/Assets/Drone2DAnims/plugin/BeeBot_PlugIn/Plug_In_00010_Sprite.uasset" 333
"F:/GitHub/SproutScape/SproutScape/Content/Developers/basde/Collections/SproutScapeDevFolderBas/Core/Assets/Drone2DAnims/plugin/BeeBot_PlugIn/Plug_In_00010_Sprite.uexp" 334
"F:/GitHub/SproutScape/SproutScape/Content/Developers/basde/Collections/SproutScapeDevFolderBas/Core/Assets/Drone2DAnims/plugin/BeeBot_PlugIn/Plug_In_00028.uasset" 335
"F:/GitHub/SproutScape/SproutScape/Content/Developers/basde/Collections/SproutScapeDevFolderBas/Core/Assets/Drone2DAnims/plugin/BeeBot_PlugIn/Plug_In_00028.uexp" 336
"F:/GitHub/SproutScape/SproutScape/Content/Developers/basde/Collections/SproutScapeDevFolderBas/Core/Assets/Drone2DAnims/plugin/BeeBot_PlugIn/Plug_In_00028_Sprite.uasset" 337
"F:/GitHub/SproutScape/SproutScape/Content/Developers/basde/Collections/SproutScapeDevFolderBas/Core/Assets/Drone2DAnims/plugin/BeeBot_PlugIn/Plug_In_00028_Sprite.uexp" 338
"F:/GitHub/SproutScape/SproutScape/Content/Developers/basde/Collections/SproutScapeDevFolderBas/Core/Assets/Drone2DAnims/plugin/BeeBot_PlugIn/Plug_In_00001.uasset" 339
"F:/GitHub/SproutScape/SproutScape/Content/Developers/basde/Collections/SproutScapeDevFolderBas/Core/Assets/Drone2DAnims/plugin/BeeBot_PlugIn/Plug_In_00001.uexp" 340
"F:/GitHub/SproutScape/SproutScape/Content/Developers/basde/Collections/SproutScapeDevFolderBas/Core/Assets/Drone2DAnims/plugin/BeeBot_PlugIn/Plug_In_00001_Sprite.uasset" 341
"F:/GitHub/SproutScape/SproutScape/Content/Developers/basde/Collections/SproutScapeDevFolderBas/Core/Assets/Drone2DAnims/plugin/BeeBot_PlugIn/Plug_In_00001_Sprite.uexp" 342
"F:/GitHub/SproutScape/SproutScape/Content/Developers/basde/Collections/SproutScapeDevFolderBas/Core/Assets/Drone2DAnims/plugin/BeeBot_PlugIn/Plug_In_00033.uasset" 343
"F:/GitHub/SproutScape/SproutScape/Content/Developers/basde/Collections/SproutScapeDevFolderBas/Core/Assets/Drone2DAnims/plugin/BeeBot_PlugIn/Plug_In_00033.uexp" 344
"F:/GitHub/SproutScape/SproutScape/Content/Developers/basde/Collections/SproutScapeDevFolderBas/Core/Assets/Drone2DAnims/plugin/BeeBot_PlugIn/Plug_In_00033_Sprite.uasset" 345
"F:/GitHub/SproutScape/SproutScape/Content/Developers/basde/Collections/SproutScapeDevFolderBas/Core/Assets/Drone2DAnims/plugin/BeeBot_PlugIn/Plug_In_00033_Sprite.uexp" 346
"F:/GitHub/SproutScape/SproutScape/Content/Developers/basde/Collections/SproutScapeDevFolderBas/Core/Assets/Drone2DAnims/plugin/BeeBot_PlugIn/Plug_In_00051.uasset" 347
"F:/GitHub/SproutScape/SproutScape/Content/Developers/basde/Collections/SproutScapeDevFolderBas/Core/Assets/Drone2DAnims/plugin/BeeBot_PlugIn/Plug_In_00051.uexp" 348
"F:/GitHub/SproutScape/SproutScape/Content/Developers/basde/Collections/SproutScapeDevFolderBas/Core/Assets/Drone2DAnims/plugin/BeeBot_PlugIn/Plug_In_00051_Sprite.uasset" 349
"F:/GitHub/SproutScape/SproutScape/Content/Developers/basde/Collections/SproutScapeDevFolderBas/Core/Assets/Drone2DAnims/plugin/BeeBot_PlugIn/Plug_In_00051_Sprite.uexp" 350
"F:/GitHub/SproutScape/SproutScape/Content/Developers/basde/Collections/SproutScapeDevFolderBas/Core/Assets/Drone2DAnims/plugin/BeeBot_PlugIn/Plug_In_00059.uasset" 351
"F:/GitHub/SproutScape/SproutScape/Content/Developers/basde/Collections/SproutScapeDevFolderBas/Core/Assets/Drone2DAnims/plugin/BeeBot_PlugIn/Plug_In_00059.uexp" 352
"F:/GitHub/SproutScape/SproutScape/Content/Developers/basde/Collections/SproutScapeDevFolderBas/Core/Assets/Drone2DAnims/plugin/BeeBot_PlugIn/Plug_In_00059_Sprite.uasset" 353
"F:/GitHub/SproutScape/SproutScape/Content/Developers/basde/Collections/SproutScapeDevFolderBas/Core/Assets/Drone2DAnims/plugin/BeeBot_PlugIn/Plug_In_00059_Sprite.uexp" 354
"F:/GitHub/SproutScape/SproutScape/Content/Developers/basde/Collections/SproutScapeDevFolderBas/Core/Assets/Drone2DAnims/plugin/BeeBot_PlugIn/Plug_In_00027.uasset" 355
"F:/GitHub/SproutScape/SproutScape/Content/Developers/basde/Collections/SproutScapeDevFolderBas/Core/Assets/Drone2DAnims/plugin/BeeBot_PlugIn/Plug_In_00027.uexp" 356
"F:/GitHub/SproutScape/SproutScape/Content/Developers/basde/Collections/SproutScapeDevFolderBas/Core/Assets/Drone2DAnims/plugin/BeeBot_PlugIn/Plug_In_00027_Sprite.uasset" 357
"F:/GitHub/SproutScape/SproutScape/Content/Developers/basde/Collections/SproutScapeDevFolderBas/Core/Assets/Drone2DAnims/plugin/BeeBot_PlugIn/Plug_In_00027_Sprite.uexp" 358
"F:/GitHub/SproutScape/SproutScape/Content/Developers/basde/Collections/SproutScapeDevFolderBas/Core/Assets/Drone2DAnims/plugin/BeeBot_PlugIn/Plug_In_00025.uasset" 359
"F:/GitHub/SproutScape/SproutScape/Content/Developers/basde/Collections/SproutScapeDevFolderBas/Core/Assets/Drone2DAnims/plugin/BeeBot_PlugIn/Plug_In_00025.uexp" 360
"F:/GitHub/SproutScape/SproutScape/Content/Developers/basde/Collections/SproutScapeDevFolderBas/Core/Assets/Drone2DAnims/plugin/BeeBot_PlugIn/Plug_In_00025_Sprite.uasset" 361
"F:/GitHub/SproutScape/SproutScape/Content/Developers/basde/Collections/SproutScapeDevFolderBas/Core/Assets/Drone2DAnims/plugin/BeeBot_PlugIn/Plug_In_00025_Sprite.uexp" 362
"F:/GitHub/SproutScape/SproutScape/Content/Developers/basde/Collections/SproutScapeDevFolderBas/Core/Assets/Drone2DAnims/plugin/BeeBot_PlugIn/Plug_In_00057.uasset" 363
"F:/GitHub/SproutScape/SproutScape/Content/Developers/basde/Collections/SproutScapeDevFolderBas/Core/Assets/Drone2DAnims/plugin/BeeBot_PlugIn/Plug_In_00057.uexp" 364
"F:/GitHub/SproutScape/SproutScape/Content/Developers/basde/Collections/SproutScapeDevFolderBas/Core/Assets/Drone2DAnims/plugin/BeeBot_PlugIn/Plug_In_00057_Sprite.uasset" 365
"F:/GitHub/SproutScape/SproutScape/Content/Developers/basde/Collections/SproutScapeDevFolderBas/Core/Assets/Drone2DAnims/plugin/BeeBot_PlugIn/Plug_In_00057_Sprite.uexp" 366
"F:/GitHub/SproutScape/SproutScape/Content/Developers/basde/Collections/SproutScapeDevFolderBas/Core/Assets/Drone2DAnims/plugin/BeeBot_PlugIn/Plug_In_00044.uasset" 367
"F:/GitHub/SproutScape/SproutScape/Content/Developers/basde/Collections/SproutScapeDevFolderBas/Core/Assets/Drone2DAnims/plugin/BeeBot_PlugIn/Plug_In_00044.uexp" 368
"F:/GitHub/SproutScape/SproutScape/Content/Developers/basde/Collections/SproutScapeDevFolderBas/Core/Assets/Drone2DAnims/plugin/BeeBot_PlugIn/Plug_In_00044_Sprite.uasset" 369
"F:/GitHub/SproutScape/SproutScape/Content/Developers/basde/Collections/SproutScapeDevFolderBas/Core/Assets/Drone2DAnims/plugin/BeeBot_PlugIn/Plug_In_00044_Sprite.uexp" 370
"F:/GitHub/SproutScape/SproutScape/Content/Developers/basde/Collections/SproutScapeDevFolderBas/Core/Assets/Drone2DAnims/plugin/BeeBot_PlugIn/Plug_In_00039.uasset" 371
"F:/GitHub/SproutScape/SproutScape/Content/Developers/basde/Collections/SproutScapeDevFolderBas/Core/Assets/Drone2DAnims/plugin/BeeBot_PlugIn/Plug_In_00039.uexp" 372
"F:/GitHub/SproutScape/SproutScape/Content/Developers/basde/Collections/SproutScapeDevFolderBas/Core/Assets/Drone2DAnims/plugin/BeeBot_PlugIn/Plug_In_00039_Sprite.uasset" 373
"F:/GitHub/SproutScape/SproutScape/Content/Developers/basde/Collections/SproutScapeDevFolderBas/Core/Assets/Drone2DAnims/plugin/BeeBot_PlugIn/Plug_In_00039_Sprite.uexp" 374
"F:/GitHub/SproutScape/SproutScape/Content/Developers/basde/Collections/SproutScapeDevFolderBas/Core/Assets/Drone2DAnims/plugin/BeeBot_PlugIn/Plug_In_00004.uasset" 375
"F:/GitHub/SproutScape/SproutScape/Content/Developers/basde/Collections/SproutScapeDevFolderBas/Core/Assets/Drone2DAnims/plugin/BeeBot_PlugIn/Plug_In_00004.uexp" 376
"F:/GitHub/SproutScape/SproutScape/Content/Developers/basde/Collections/SproutScapeDevFolderBas/Core/Assets/Drone2DAnims/plugin/BeeBot_PlugIn/Plug_In_00004_Sprite.uasset" 377
"F:/GitHub/SproutScape/SproutScape/Content/Developers/basde/Collections/SproutScapeDevFolderBas/Core/Assets/Drone2DAnims/plugin/BeeBot_PlugIn/Plug_In_00004_Sprite.uexp" 378
"F:/GitHub/SproutScape/SproutScape/Content/Developers/basde/Collections/SproutScapeDevFolderBas/Core/Assets/Drone2DAnims/plugin/BeeBot_PlugIn/Plug_In_00022.uasset" 379
"F:/GitHub/SproutScape/SproutScape/Content/Developers/basde/Collections/SproutScapeDevFolderBas/Core/Assets/Drone2DAnims/plugin/BeeBot_PlugIn/Plug_In_00022.uexp" 380
"F:/GitHub/SproutScape/SproutScape/Content/Developers/basde/Collections/SproutScapeDevFolderBas/Core/Assets/Drone2DAnims/plugin/BeeBot_PlugIn/Plug_In_00022_Sprite.uasset" 381
"F:/GitHub/SproutScape/SproutScape/Content/Developers/basde/Collections/SproutScapeDevFolderBas/Core/Assets/Drone2DAnims/plugin/BeeBot_PlugIn/Plug_In_00022_Sprite.uexp" 382
"F:/GitHub/SproutScape/SproutScape/Content/Developers/basde/Collections/SproutScapeDevFolderBas/Core/Assets/Drone2DAnims/plugin/BeeBot_PlugIn/Plug_In_00002.uasset" 383
"F:/GitHub/SproutScape/SproutScape/Content/Developers/basde/Collections/SproutScapeDevFolderBas/Core/Assets/Drone2DAnims/plugin/BeeBot_PlugIn/Plug_In_00002.uexp" 384
"F:/GitHub/SproutScape/SproutScape/Content/Developers/basde/Collections/SproutScapeDevFolderBas/Core/Assets/Drone2DAnims/plugin/BeeBot_PlugIn/Plug_In_00002_Sprite.uasset" 385
"F:/GitHub/SproutScape/SproutScape/Content/Developers/basde/Collections/SproutScapeDevFolderBas/Core/Assets/Drone2DAnims/plugin/BeeBot_PlugIn/Plug_In_00002_Sprite.uexp" 386
"F:/GitHub/SproutScape/SproutScape/Content/Developers/basde/Collections/SproutScapeDevFolderBas/Core/Assets/Drone2DAnims/plugin/BeeBot_PlugIn/Plug_In_00013.uasset" 387
"F:/GitHub/SproutScape/SproutScape/Content/Developers/basde/Collections/SproutScapeDevFolderBas/Core/Assets/Drone2DAnims/plugin/BeeBot_PlugIn/Plug_In_00013.uexp" 388
"F:/GitHub/SproutScape/SproutScape/Content/Developers/basde/Collections/SproutScapeDevFolderBas/Core/Assets/Drone2DAnims/plugin/BeeBot_PlugIn/Plug_In_00013_Sprite.uasset" 389
"F:/GitHub/SproutScape/SproutScape/Content/Developers/basde/Collections/SproutScapeDevFolderBas/Core/Assets/Drone2DAnims/plugin/BeeBot_PlugIn/Plug_In_00013_Sprite.uexp" 390
"F:/GitHub/SproutScape/SproutScape/Content/Developers/basde/Collections/SproutScapeDevFolderBas/Core/Assets/Drone2DAnims/plugin/BeeBot_PlugIn/Plug_In_00041.uasset" 391
"F:/GitHub/SproutScape/SproutScape/Content/Developers/basde/Collections/SproutScapeDevFolderBas/Core/Assets/Drone2DAnims/plugin/BeeBot_PlugIn/Plug_In_00041.uexp" 392
"F:/GitHub/SproutScape/SproutScape/Content/Developers/basde/Collections/SproutScapeDevFolderBas/Core/Assets/Drone2DAnims/plugin/BeeBot_PlugIn/Plug_In_00041_Sprite.uasset" 393
"F:/GitHub/SproutScape/SproutScape/Content/Developers/basde/Collections/SproutScapeDevFolderBas/Core/Assets/Drone2DAnims/plugin/BeeBot_PlugIn/Plug_In_00041_Sprite.uexp" 394
"F:/GitHub/SproutScape/SproutScape/Content/Developers/basde/Collections/SproutScapeDevFolderBas/Core/Assets/Drone2DAnims/plugin/BeeBot_PlugIn/Plug_In_00049.uasset" 395
"F:/GitHub/SproutScape/SproutScape/Content/Developers/basde/Collections/SproutScapeDevFolderBas/Core/Assets/Drone2DAnims/plugin/BeeBot_PlugIn/Plug_In_00049.uexp" 396
"F:/GitHub/SproutScape/SproutScape/Content/Developers/basde/Collections/SproutScapeDevFolderBas/Core/Assets/Drone2DAnims/plugin/BeeBot_PlugIn/Plug_In_00049_Sprite.uasset" 397
"F:/GitHub/SproutScape/SproutScape/Content/Developers/basde/Collections/SproutScapeDevFolderBas/Core/Assets/Drone2DAnims/plugin/BeeBot_PlugIn/Plug_In_00049_Sprite.uexp" 398
"F:/GitHub/SproutScape/SproutScape/Content/Developers/basde/Collections/SproutScapeDevFolderBas/Core/Assets/Drone2DAnims/plugin/BeeBot_PlugIn/Plug_In_00046.uasset" 399
"F:/GitHub/SproutScape/SproutScape/Content/Developers/basde/Collections/SproutScapeDevFolderBas/Core/Assets/Drone2DAnims/plugin/BeeBot_PlugIn/Plug_In_00046.uexp" 400
"F:/GitHub/SproutScape/SproutScape/Content/Developers/basde/Collections/SproutScapeDevFolderBas/Core/Assets/Drone2DAnims/plugin/BeeBot_PlugIn/Plug_In_00046_Sprite.uasset" 401
"F:/GitHub/SproutScape/SproutScape/Content/Developers/basde/Collections/SproutScapeDevFolderBas/Core/Assets/Drone2DAnims/plugin/BeeBot_PlugIn/Plug_In_00046_Sprite.uexp" 402
"F:/GitHub/SproutScape/SproutScape/Content/Developers/basde/Collections/SproutScapeDevFolderBas/Core/Assets/Drone2DAnims/plugin/BeeBot_PlugIn/Plug_In_00038.uasset" 403
"F:/GitHub/SproutScape/SproutScape/Content/Developers/basde/Collections/SproutScapeDevFolderBas/Core/Assets/Drone2DAnims/plugin/BeeBot_PlugIn/Plug_In_00038.uexp" 404
"F:/GitHub/SproutScape/SproutScape/Content/Developers/basde/Collections/SproutScapeDevFolderBas/Core/Assets/Drone2DAnims/plugin/BeeBot_PlugIn/Plug_In_00038_Sprite.uasset" 405
"F:/GitHub/SproutScape/SproutScape/Content/Developers/basde/Collections/SproutScapeDevFolderBas/Core/Assets/Drone2DAnims/plugin/BeeBot_PlugIn/Plug_In_00038_Sprite.uexp" 406
"F:/GitHub/SproutScape/SproutScape/Content/Developers/basde/Collections/SproutScapeDevFolderBas/Core/Assets/Drone2DAnims/plugin/BeeBot_PlugIn/Plug_In_00031.uasset" 407
"F:/GitHub/SproutScape/SproutScape/Content/Developers/basde/Collections/SproutScapeDevFolderBas/Core/Assets/Drone2DAnims/plugin/BeeBot_PlugIn/Plug_In_00031.uexp" 408
"F:/GitHub/SproutScape/SproutScape/Content/Developers/basde/Collections/SproutScapeDevFolderBas/Core/Assets/Drone2DAnims/plugin/BeeBot_PlugIn/Plug_In_00031_Sprite.uasset" 409
"F:/GitHub/SproutScape/SproutScape/Content/Developers/basde/Collections/SproutScapeDevFolderBas/Core/Assets/Drone2DAnims/plugin/BeeBot_PlugIn/Plug_In_00031_Sprite.uexp" 410
"F:/GitHub/SproutScape/SproutScape/Content/Developers/basde/Collections/SproutScapeDevFolderBas/Core/Assets/Drone2DAnims/plugin/BeeBot_PlugIn/Plug_In_00062.uasset" 411
"F:/GitHub/SproutScape/SproutScape/Content/Developers/basde/Collections/SproutScapeDevFolderBas/Core/Assets/Drone2DAnims/plugin/BeeBot_PlugIn/Plug_In_00062.uexp" 412
"F:/GitHub/SproutScape/SproutScape/Content/Developers/basde/Collections/SproutScapeDevFolderBas/Core/Assets/Drone2DAnims/plugin/BeeBot_PlugIn/Plug_In_00062_Sprite.uasset" 413
"F:/GitHub/SproutScape/SproutScape/Content/Developers/basde/Collections/SproutScapeDevFolderBas/Core/Assets/Drone2DAnims/plugin/BeeBot_PlugIn/Plug_In_00062_Sprite.uexp" 414
"F:/GitHub/SproutScape/SproutScape/Content/Developers/basde/Collections/SproutScapeDevFolderBas/Core/Assets/Drone2DAnims/plugin/BeeBot_PlugIn/Plug_In_00032.uasset" 415
"F:/GitHub/SproutScape/SproutScape/Content/Developers/basde/Collections/SproutScapeDevFolderBas/Core/Assets/Drone2DAnims/plugin/BeeBot_PlugIn/Plug_In_00032.uexp" 416
"F:/GitHub/SproutScape/SproutScape/Content/Developers/basde/Collections/SproutScapeDevFolderBas/Core/Assets/Drone2DAnims/plugin/BeeBot_PlugIn/Plug_In_00032_Sprite.uasset" 417
"F:/GitHub/SproutScape/SproutScape/Content/Developers/basde/Collections/SproutScapeDevFolderBas/Core/Assets/Drone2DAnims/plugin/BeeBot_PlugIn/Plug_In_00032_Sprite.uexp" 418
"F:/GitHub/SproutScape/SproutScape/Content/Developers/basde/Collections/SproutScapeDevFolderBas/Core/Assets/Drone2DAnims/plugin/BeeBot_PlugIn/Plug_In_00061.uasset" 419
"F:/GitHub/SproutScape/SproutScape/Content/Developers/basde/Collections/SproutScapeDevFolderBas/Core/Assets/Drone2DAnims/plugin/BeeBot_PlugIn/Plug_In_00061.uexp" 420
"F:/GitHub/SproutScape/SproutScape/Content/Developers/basde/Collections/SproutScapeDevFolderBas/Core/Assets/Drone2DAnims/plugin/BeeBot_PlugIn/Plug_In_00061_Sprite.uasset" 421
"F:/GitHub/SproutScape/SproutScape/Content/Developers/basde/Collections/SproutScapeDevFolderBas/Core/Assets/Drone2DAnims/plugin/BeeBot_PlugIn/Plug_In_00061_Sprite.uexp" 422
"F:/GitHub/SproutScape/SproutScape/Content/Developers/basde/Collections/SproutScapeDevFolderBas/Core/Assets/Drone2DAnims/plugin/BeeBot_PlugIn/Plug_In_00021.uasset" 423
"F:/GitHub/SproutScape/SproutScape/Content/Developers/basde/Collections/SproutScapeDevFolderBas/Core/Assets/Drone2DAnims/plugin/BeeBot_PlugIn/Plug_In_00021.uexp" 424
"F:/GitHub/SproutScape/SproutScape/Content/Developers/basde/Collections/SproutScapeDevFolderBas/Core/Assets/Drone2DAnims/plugin/BeeBot_PlugIn/Plug_In_00021_Sprite.uasset" 425
"F:/GitHub/SproutScape/SproutScape/Content/Developers/basde/Collections/SproutScapeDevFolderBas/Core/Assets/Drone2DAnims/plugin/BeeBot_PlugIn/Plug_In_00021_Sprite.uexp" 426
"F:/GitHub/SproutScape/SproutScape/Content/Developers/basde/Collections/SproutScapeDevFolderBas/Core/Assets/Drone2DAnims/plugin/BeeBot_PlugIn/Plug_In_00007.uasset" 427
"F:/GitHub/SproutScape/SproutScape/Content/Developers/basde/Collections/SproutScapeDevFolderBas/Core/Assets/Drone2DAnims/plugin/BeeBot_PlugIn/Plug_In_00007.uexp" 428
"F:/GitHub/SproutScape/SproutScape/Content/Developers/basde/Collections/SproutScapeDevFolderBas/Core/Assets/Drone2DAnims/plugin/BeeBot_PlugIn/Plug_In_00007_Sprite.uasset" 429
"F:/GitHub/SproutScape/SproutScape/Content/Developers/basde/Collections/SproutScapeDevFolderBas/Core/Assets/Drone2DAnims/plugin/BeeBot_PlugIn/Plug_In_00007_Sprite.uexp" 430
"F:/GitHub/SproutScape/SproutScape/Content/Developers/basde/Collections/SproutScapeDevFolderBas/Core/Assets/Drone2DAnims/plugin/BeeBot_PlugIn/Plug_In_00006.uasset" 431
"F:/GitHub/SproutScape/SproutScape/Content/Developers/basde/Collections/SproutScapeDevFolderBas/Core/Assets/Drone2DAnims/plugin/BeeBot_PlugIn/Plug_In_00006.uexp" 432
"F:/GitHub/SproutScape/SproutScape/Content/Developers/basde/Collections/SproutScapeDevFolderBas/Core/Assets/Drone2DAnims/plugin/BeeBot_PlugIn/Plug_In_00006_Sprite.uasset" 433
"F:/GitHub/SproutScape/SproutScape/Content/Developers/basde/Collections/SproutScapeDevFolderBas/Core/Assets/Drone2DAnims/plugin/BeeBot_PlugIn/Plug_In_00006_Sprite.uexp" 434
"F:/GitHub/SproutScape/SproutScape/Content/Developers/basde/Collections/SproutScapeDevFolderBas/Core/Assets/Drone2DAnims/plugin/BeeBot_PlugIn/Plug_In_00015.uasset" 435
"F:/GitHub/SproutScape/SproutScape/Content/Developers/basde/Collections/SproutScapeDevFolderBas/Core/Assets/Drone2DAnims/plugin/BeeBot_PlugIn/Plug_In_00015.uexp" 436
"F:/GitHub/SproutScape/SproutScape/Content/Developers/basde/Collections/SproutScapeDevFolderBas/Core/Assets/Drone2DAnims/plugin/BeeBot_PlugIn/Plug_In_00015_Sprite.uasset" 437
"F:/GitHub/SproutScape/SproutScape/Content/Developers/basde/Collections/SproutScapeDevFolderBas/Core/Assets/Drone2DAnims/plugin/BeeBot_PlugIn/Plug_In_00015_Sprite.uexp" 438
"F:/GitHub/SproutScape/SproutScape/Content/Developers/basde/Collections/SproutScapeDevFolderBas/Core/Assets/Drone2DAnims/plugin/BeeBot_PlugIn/Plug_In_00048.uasset" 439
"F:/GitHub/SproutScape/SproutScape/Content/Developers/basde/Collections/SproutScapeDevFolderBas/Core/Assets/Drone2DAnims/plugin/BeeBot_PlugIn/Plug_In_00048.uexp" 440
"F:/GitHub/SproutScape/SproutScape/Content/Developers/basde/Collections/SproutScapeDevFolderBas/Core/Assets/Drone2DAnims/plugin/BeeBot_PlugIn/Plug_In_00048_Sprite.uasset" 441
"F:/GitHub/SproutScape/SproutScape/Content/Developers/basde/Collections/SproutScapeDevFolderBas/Core/Assets/Drone2DAnims/plugin/BeeBot_PlugIn/Plug_In_00048_Sprite.uexp" 442
"F:/GitHub/SproutScape/SproutScape/Content/Developers/basde/Collections/SproutScapeDevFolderBas/Core/Assets/Drone2DAnims/plugin/BeeBot_PlugIn/Plug_In_00035.uasset" 443
"F:/GitHub/SproutScape/SproutScape/Content/Developers/basde/Collections/SproutScapeDevFolderBas/Core/Assets/Drone2DAnims/plugin/BeeBot_PlugIn/Plug_In_00035.uexp" 444
"F:/GitHub/SproutScape/SproutScape/Content/Developers/basde/Collections/SproutScapeDevFolderBas/Core/Assets/Drone2DAnims/plugin/BeeBot_PlugIn/Plug_In_00035_Sprite.uasset" 445
"F:/GitHub/SproutScape/SproutScape/Content/Developers/basde/Collections/SproutScapeDevFolderBas/Core/Assets/Drone2DAnims/plugin/BeeBot_PlugIn/Plug_In_00035_Sprite.uexp" 446
"F:/GitHub/SproutScape/SproutScape/Content/Developers/basde/Collections/SproutScapeDevFolderBas/Core/Assets/Drone2DAnims/plugin/BeeBot_PlugIn/Plug_In_00030.uasset" 447
"F:/GitHub/SproutScape/SproutScape/Content/Developers/basde/Collections/SproutScapeDevFolderBas/Core/Assets/Drone2DAnims/plugin/BeeBot_PlugIn/Plug_In_00030.uexp" 448
"F:/GitHub/SproutScape/SproutScape/Content/Developers/basde/Collections/SproutScapeDevFolderBas/Core/Assets/Drone2DAnims/plugin/BeeBot_PlugIn/Plug_In_00030_Sprite.uasset" 449
"F:/GitHub/SproutScape/SproutScape/Content/Developers/basde/Collections/SproutScapeDevFolderBas/Core/Assets/Drone2DAnims/plugin/BeeBot_PlugIn/Plug_In_00030_Sprite.uexp" 450
"F:/GitHub/SproutScape/SproutScape/Content/Developers/basde/Collections/SproutScapeDevFolderBas/Core/Assets/Drone2DAnims/plugin/BeeBot_PlugIn/Plug_In_00016.uasset" 451
"F:/GitHub/SproutScape/SproutScape/Content/Developers/basde/Collections/SproutScapeDevFolderBas/Core/Assets/Drone2DAnims/plugin/BeeBot_PlugIn/Plug_In_00016.uexp" 452
"F:/GitHub/SproutScape/SproutScape/Content/Developers/basde/Collections/SproutScapeDevFolderBas/Core/Assets/Drone2DAnims/plugin/BeeBot_PlugIn/Plug_In_00016_Sprite.uasset" 453
"F:/GitHub/SproutScape/SproutScape/Content/Developers/basde/Collections/SproutScapeDevFolderBas/Core/Assets/Drone2DAnims/plugin/BeeBot_PlugIn/Plug_In_00016_Sprite.uexp" 454
"F:/GitHub/SproutScape/SproutScape/Content/Developers/basde/Collections/SproutScapeDevFolderBas/Core/Assets/Drone2DAnims/plugin/BeeBot_PlugIn/Plug_In_00042.uasset" 455
"F:/GitHub/SproutScape/SproutScape/Content/Developers/basde/Collections/SproutScapeDevFolderBas/Core/Assets/Drone2DAnims/plugin/BeeBot_PlugIn/Plug_In_00042.uexp" 456
"F:/GitHub/SproutScape/SproutScape/Content/Developers/basde/Collections/SproutScapeDevFolderBas/Core/Assets/Drone2DAnims/plugin/BeeBot_PlugIn/Plug_In_00042_Sprite.uasset" 457
"F:/GitHub/SproutScape/SproutScape/Content/Developers/basde/Collections/SproutScapeDevFolderBas/Core/Assets/Drone2DAnims/plugin/BeeBot_PlugIn/Plug_In_00042_Sprite.uexp" 458
"F:/GitHub/SproutScape/SproutScape/Content/Developers/basde/Collections/SproutScapeDevFolderBas/Core/Assets/Drone2DAnims/plugin/BeeBot_PlugIn/Plug_In_00060.uasset" 459
"F:/GitHub/SproutScape/SproutScape/Content/Developers/basde/Collections/SproutScapeDevFolderBas/Core/Assets/Drone2DAnims/plugin/BeeBot_PlugIn/Plug_In_00060.uexp" 460
"F:/GitHub/SproutScape/SproutScape/Content/Developers/basde/Collections/SproutScapeDevFolderBas/Core/Assets/Drone2DAnims/plugin/BeeBot_PlugIn/Plug_In_00060_Sprite.uasset" 461
"F:/GitHub/SproutScape/SproutScape/Content/Developers/basde/Collections/SproutScapeDevFolderBas/Core/Assets/Drone2DAnims/plugin/BeeBot_PlugIn/Plug_In_00060_Sprite.uexp" 462
"F:/GitHub/SproutScape/SproutScape/Content/Developers/basde/Collections/SproutScapeDevFolderBas/Core/Assets/Drone2DAnims/plugin/BeeBot_PlugIn/Plug_In_00036.uasset" 463
"F:/GitHub/SproutScape/SproutScape/Content/Developers/basde/Collections/SproutScapeDevFolderBas/Core/Assets/Drone2DAnims/plugin/BeeBot_PlugIn/Plug_In_00036.uexp" 464
"F:/GitHub/SproutScape/SproutScape/Content/Developers/basde/Collections/SproutScapeDevFolderBas/Core/Assets/Drone2DAnims/plugin/BeeBot_PlugIn/Plug_In_00036_Sprite.uasset" 465
"F:/GitHub/SproutScape/SproutScape/Content/Developers/basde/Collections/SproutScapeDevFolderBas/Core/Assets/Drone2DAnims/plugin/BeeBot_PlugIn/Plug_In_00036_Sprite.uexp" 466
"F:/GitHub/SproutScape/SproutScape/Content/Developers/basde/Collections/SproutScapeDevFolderBas/Core/Assets/Drone2DAnims/plugin/BeeBot_PlugIn/Plug_In_00037.uasset" 467
"F:/GitHub/SproutScape/SproutScape/Content/Developers/basde/Collections/SproutScapeDevFolderBas/Core/Assets/Drone2DAnims/plugin/BeeBot_PlugIn/Plug_In_00037.uexp" 468
"F:/GitHub/SproutScape/SproutScape/Content/Developers/basde/Collections/SproutScapeDevFolderBas/Core/Assets/Drone2DAnims/plugin/BeeBot_PlugIn/Plug_In_00037_Sprite.uasset" 469
"F:/GitHub/SproutScape/SproutScape/Content/Developers/basde/Collections/SproutScapeDevFolderBas/Core/Assets/Drone2DAnims/plugin/BeeBot_PlugIn/Plug_In_00037_Sprite.uexp" 470
"F:/GitHub/SproutScape/SproutScape/Content/Developers/basde/Collections/SproutScapeDevFolderBas/Core/Assets/Drone2DAnims/plugin/BeeBot_PlugIn/Plug_In_00000.uasset" 471
"F:/GitHub/SproutScape/SproutScape/Content/Developers/basde/Collections/SproutScapeDevFolderBas/Core/Assets/Drone2DAnims/plugin/BeeBot_PlugIn/Plug_In_00000.uexp" 472
"F:/GitHub/SproutScape/SproutScape/Content/Developers/basde/Collections/SproutScapeDevFolderBas/Core/Assets/Drone2DAnims/plugin/BeeBot_PlugIn/Plug_In_00000_Sprite.uasset" 473
"F:/GitHub/SproutScape/SproutScape/Content/Developers/basde/Collections/SproutScapeDevFolderBas/Core/Assets/Drone2DAnims/plugin/BeeBot_PlugIn/Plug_In_00000_Sprite.uexp" 474
"F:/GitHub/SproutScape/SproutScape/Content/Developers/basde/Collections/SproutScapeDevFolderBas/Core/Assets/Drone2DAnims/plugin/BeeBot_PlugIn/Plug_In_00011.uasset" 475
"F:/GitHub/SproutScape/SproutScape/Content/Developers/basde/Collections/SproutScapeDevFolderBas/Core/Assets/Drone2DAnims/plugin/BeeBot_PlugIn/Plug_In_00011.uexp" 476
"F:/GitHub/SproutScape/SproutScape/Content/Developers/basde/Collections/SproutScapeDevFolderBas/Core/Assets/Drone2DAnims/plugin/BeeBot_PlugIn/Plug_In_00011_Sprite.uasset" 477
"F:/GitHub/SproutScape/SproutScape/Content/Developers/basde/Collections/SproutScapeDevFolderBas/Core/Assets/Drone2DAnims/plugin/BeeBot_PlugIn/Plug_In_00011_Sprite.uexp" 478
"F:/GitHub/SproutScape/SproutScape/Content/Developers/basde/Collections/SproutScapeDevFolderBas/Core/Assets/Drone2DAnims/plugin/BeeBot_PlugIn/Plug_In_00063.uasset" 479
"F:/GitHub/SproutScape/SproutScape/Content/Developers/basde/Collections/SproutScapeDevFolderBas/Core/Assets/Drone2DAnims/plugin/BeeBot_PlugIn/Plug_In_00063.uexp" 480
"F:/GitHub/SproutScape/SproutScape/Content/Developers/basde/Collections/SproutScapeDevFolderBas/Core/Assets/Drone2DAnims/plugin/BeeBot_PlugIn/Plug_In_00063_Sprite.uasset" 481
"F:/GitHub/SproutScape/SproutScape/Content/Developers/basde/Collections/SproutScapeDevFolderBas/Core/Assets/Drone2DAnims/plugin/BeeBot_PlugIn/Plug_In_00063_Sprite.uexp" 482
"F:/GitHub/SproutScape/SproutScape/Content/Developers/basde/Collections/SproutScapeDevFolderBas/Core/Assets/Drone2DAnims/plugin/BeeBot_PlugIn/Plug_In_00008.uasset" 483
"F:/GitHub/SproutScape/SproutScape/Content/Developers/basde/Collections/SproutScapeDevFolderBas/Core/Assets/Drone2DAnims/plugin/BeeBot_PlugIn/Plug_In_00008.uexp" 484
"F:/GitHub/SproutScape/SproutScape/Content/Developers/basde/Collections/SproutScapeDevFolderBas/Core/Assets/Drone2DAnims/plugin/BeeBot_PlugIn/Plug_In_00008_Sprite.uasset" 485
"F:/GitHub/SproutScape/SproutScape/Content/Developers/basde/Collections/SproutScapeDevFolderBas/Core/Assets/Drone2DAnims/plugin/BeeBot_PlugIn/Plug_In_00008_Sprite.uexp" 486
"F:/GitHub/SproutScape/SproutScape/Content/Developers/basde/Collections/SproutScapeDevFolderBas/Core/Assets/Drone2DAnims/plugin/BeeBot_PlugIn/Plug_In_00058.uasset" 487
"F:/GitHub/SproutScape/SproutScape/Content/Developers/basde/Collections/SproutScapeDevFolderBas/Core/Assets/Drone2DAnims/plugin/BeeBot_PlugIn/Plug_In_00058.uexp" 488
"F:/GitHub/SproutScape/SproutScape/Content/Developers/basde/Collections/SproutScapeDevFolderBas/Core/Assets/Drone2DAnims/plugin/BeeBot_PlugIn/Plug_In_00058_Sprite.uasset" 489
"F:/GitHub/SproutScape/SproutScape/Content/Developers/basde/Collections/SproutScapeDevFolderBas/Core/Assets/Drone2DAnims/plugin/BeeBot_PlugIn/Plug_In_00058_Sprite.uexp" 490
"F:/GitHub/SproutScape/SproutScape/Content/Developers/basde/Collections/SproutScapeDevFolderBas/Core/Assets/Drone2DAnims/plugin/BeeBot_PlugIn/Plug_In_00026.uasset" 491
"F:/GitHub/SproutScape/SproutScape/Content/Developers/basde/Collections/SproutScapeDevFolderBas/Core/Assets/Drone2DAnims/plugin/BeeBot_PlugIn/Plug_In_00026.uexp" 492
"F:/GitHub/SproutScape/SproutScape/Content/Developers/basde/Collections/SproutScapeDevFolderBas/Core/Assets/Drone2DAnims/plugin/BeeBot_PlugIn/Plug_In_00026_Sprite.uasset" 493
"F:/GitHub/SproutScape/SproutScape/Content/Developers/basde/Collections/SproutScapeDevFolderBas/Core/Assets/Drone2DAnims/plugin/BeeBot_PlugIn/Plug_In_00026_Sprite.uexp" 494
"F:/GitHub/SproutScape/SproutScape/Content/Developers/basde/Collections/SproutScapeDevFolderBas/Core/Assets/Drone2DAnims/plugin/BeeBot_PlugIn/Plug_In_00023.uasset" 495
"F:/GitHub/SproutScape/SproutScape/Content/Developers/basde/Collections/SproutScapeDevFolderBas/Core/Assets/Drone2DAnims/plugin/BeeBot_PlugIn/Plug_In_00023.uexp" 496
"F:/GitHub/SproutScape/SproutScape/Content/Developers/basde/Collections/SproutScapeDevFolderBas/Core/Assets/Drone2DAnims/plugin/BeeBot_PlugIn/Plug_In_00023_Sprite.uasset" 497
"F:/GitHub/SproutScape/SproutScape/Content/Developers/basde/Collections/SproutScapeDevFolderBas/Core/Assets/Drone2DAnims/plugin/BeeBot_PlugIn/Plug_In_00023_Sprite.uexp" 498
"F:/GitHub/SproutScape/SproutScape/Content/Developers/basde/Collections/SproutScapeDevFolderBas/Core/Assets/Drone2DAnims/plugin/BeeBot_PlugIn/Plug_In_00056.uasset" 499
"F:/GitHub/SproutScape/SproutScape/Content/Developers/basde/Collections/SproutScapeDevFolderBas/Core/Assets/Drone2DAnims/plugin/BeeBot_PlugIn/Plug_In_00056.uexp" 500
"F:/GitHub/SproutScape/SproutScape/Content/Developers/basde/Collections/SproutScapeDevFolderBas/Core/Assets/Drone2DAnims/plugin/BeeBot_PlugIn/Plug_In_00056_Sprite.uasset" 501
"F:/GitHub/SproutScape/SproutScape/Content/Developers/basde/Collections/SproutScapeDevFolderBas/Core/Assets/Drone2DAnims/plugin/BeeBot_PlugIn/Plug_In_00056_Sprite.uexp" 502
"F:/GitHub/SproutScape/SproutScape/Content/Developers/basde/Collections/SproutScapeDevFolderBas/Core/Assets/Drone2DAnims/plugin/BeeBot_PlugIn/Plug_In_00019.uasset" 503
"F:/GitHub/SproutScape/SproutScape/Content/Developers/basde/Collections/SproutScapeDevFolderBas/Core/Assets/Drone2DAnims/plugin/BeeBot_PlugIn/Plug_In_00019.uexp" 504
"F:/GitHub/SproutScape/SproutScape/Content/Developers/basde/Collections/SproutScapeDevFolderBas/Core/Assets/Drone2DAnims/plugin/BeeBot_PlugIn/Plug_In_00019_Sprite.uasset" 505
"F:/GitHub/SproutScape/SproutScape/Content/Developers/basde/Collections/SproutScapeDevFolderBas/Core/Assets/Drone2DAnims/plugin/BeeBot_PlugIn/Plug_In_00019_Sprite.uexp" 506
"F:/GitHub/SproutScape/SproutScape/Content/Developers/basde/Collections/SproutScapeDevFolderBas/Core/Assets/Drone2DAnims/plugin/BeeBot_PlugIn/Plug_In_00052.uasset" 507
"F:/GitHub/SproutScape/SproutScape/Content/Developers/basde/Collections/SproutScapeDevFolderBas/Core/Assets/Drone2DAnims/plugin/BeeBot_PlugIn/Plug_In_00052.uexp" 508
"F:/GitHub/SproutScape/SproutScape/Content/Developers/basde/Collections/SproutScapeDevFolderBas/Core/Assets/Drone2DAnims/plugin/BeeBot_PlugIn/Plug_In_00052_Sprite.uasset" 509
"F:/GitHub/SproutScape/SproutScape/Content/Developers/basde/Collections/SproutScapeDevFolderBas/Core/Assets/Drone2DAnims/plugin/BeeBot_PlugIn/Plug_In_00052_Sprite.uexp" 510
"F:/GitHub/SproutScape/SproutScape/Content/Developers/basde/Collections/SproutScapeDevFolderBas/Core/Assets/Drone2DAnims/plugin/BeeBot_PlugIn/FB_PlugIn.uasset" 511
"F:/GitHub/SproutScape/SproutScape/Content/Developers/basde/Collections/SproutScapeDevFolderBas/Core/Assets/Drone2DAnims/plugin/BeeBot_PlugIn/FB_PlugIn.uexp" 512
"F:/GitHub/SproutScape/SproutScape/Content/Developers/basde/Collections/SproutScapeDevFolderBas/Core/Assets/Drone2DAnims/Move/BeeBot_Walk/Walk_00006_Sprite.uasset" 513
"F:/GitHub/SproutScape/SproutScape/Content/Developers/basde/Collections/SproutScapeDevFolderBas/Core/Assets/Drone2DAnims/Move/BeeBot_Walk/Walk_00006_Sprite.uexp" 514
"F:/GitHub/SproutScape/SproutScape/Content/Developers/basde/Collections/SproutScapeDevFolderBas/Core/Assets/Drone2DAnims/Move/BeeBot_Walk/Walk_00031_Sprite.uasset" 515
"F:/GitHub/SproutScape/SproutScape/Content/Developers/basde/Collections/SproutScapeDevFolderBas/Core/Assets/Drone2DAnims/Move/BeeBot_Walk/Walk_00031_Sprite.uexp" 516
"F:/GitHub/SproutScape/SproutScape/Content/Developers/basde/Collections/SproutScapeDevFolderBas/Core/Assets/Drone2DAnims/Move/BeeBot_Walk/Walk_00039_Sprite.uasset" 517
"F:/GitHub/SproutScape/SproutScape/Content/Developers/basde/Collections/SproutScapeDevFolderBas/Core/Assets/Drone2DAnims/Move/BeeBot_Walk/Walk_00039_Sprite.uexp" 518
"F:/GitHub/SproutScape/SproutScape/Content/Developers/basde/Collections/SproutScapeDevFolderBas/Core/Assets/Drone2DAnims/Move/BeeBot_Walk/Walk_00058_Sprite.uasset" 519
"F:/GitHub/SproutScape/SproutScape/Content/Developers/basde/Collections/SproutScapeDevFolderBas/Core/Assets/Drone2DAnims/Move/BeeBot_Walk/Walk_00058_Sprite.uexp" 520
"F:/GitHub/SproutScape/SproutScape/Content/Developers/basde/Collections/SproutScapeDevFolderBas/Core/Assets/Drone2DAnims/Move/BeeBot_Walk/Walk_00053_Sprite.uasset" 521
"F:/GitHub/SproutScape/SproutScape/Content/Developers/basde/Collections/SproutScapeDevFolderBas/Core/Assets/Drone2DAnims/Move/BeeBot_Walk/Walk_00053_Sprite.uexp" 522
"F:/GitHub/SproutScape/SproutScape/Content/Developers/basde/Collections/SproutScapeDevFolderBas/Core/Assets/Drone2DAnims/Move/BeeBot_Walk/Walk_00059_Sprite.uasset" 523
"F:/GitHub/SproutScape/SproutScape/Content/Developers/basde/Collections/SproutScapeDevFolderBas/Core/Assets/Drone2DAnims/Move/BeeBot_Walk/Walk_00059_Sprite.uexp" 524
"F:/GitHub/SproutScape/SproutScape/Content/Developers/basde/Collections/SproutScapeDevFolderBas/Core/Assets/Drone2DAnims/Move/BeeBot_Walk/Walk_00019_Sprite.uasset" 525
"F:/GitHub/SproutScape/SproutScape/Content/Developers/basde/Collections/SproutScapeDevFolderBas/Core/Assets/Drone2DAnims/Move/BeeBot_Walk/Walk_00019_Sprite.uexp" 526
"F:/GitHub/SproutScape/SproutScape/Content/Developers/basde/Collections/SproutScapeDevFolderBas/Core/Assets/Drone2DAnims/Move/BeeBot_Walk/Walk_00040_Sprite.uasset" 527
"F:/GitHub/SproutScape/SproutScape/Content/Developers/basde/Collections/SproutScapeDevFolderBas/Core/Assets/Drone2DAnims/Move/BeeBot_Walk/Walk_00040_Sprite.uexp" 528
"F:/GitHub/SproutScape/SproutScape/Content/Developers/basde/Collections/SproutScapeDevFolderBas/Core/Assets/Drone2DAnims/Move/BeeBot_Walk/Walk_00009_Sprite.uasset" 529
"F:/GitHub/SproutScape/SproutScape/Content/Developers/basde/Collections/SproutScapeDevFolderBas/Core/Assets/Drone2DAnims/Move/BeeBot_Walk/Walk_00009_Sprite.uexp" 530
"F:/GitHub/SproutScape/SproutScape/Content/Developers/basde/Collections/SproutScapeDevFolderBas/Core/Assets/Drone2DAnims/Move/BeeBot_Walk/Walk_00049_Sprite.uasset" 531
"F:/GitHub/SproutScape/SproutScape/Content/Developers/basde/Collections/SproutScapeDevFolderBas/Core/Assets/Drone2DAnims/Move/BeeBot_Walk/Walk_00049_Sprite.uexp" 532
"F:/GitHub/SproutScape/SproutScape/Content/Developers/basde/Collections/SproutScapeDevFolderBas/Core/Assets/Drone2DAnims/Move/BeeBot_Walk/Walk_00016_Sprite.uasset" 533
"F:/GitHub/SproutScape/SproutScape/Content/Developers/basde/Collections/SproutScapeDevFolderBas/Core/Assets/Drone2DAnims/Move/BeeBot_Walk/Walk_00016_Sprite.uexp" 534
"F:/GitHub/SproutScape/SproutScape/Content/Developers/basde/Collections/SproutScapeDevFolderBas/Core/Assets/Drone2DAnims/Move/BeeBot_Walk/Walk_00047_Sprite.uasset" 535
"F:/GitHub/SproutScape/SproutScape/Content/Developers/basde/Collections/SproutScapeDevFolderBas/Core/Assets/Drone2DAnims/Move/BeeBot_Walk/Walk_00047_Sprite.uexp" 536
"F:/GitHub/SproutScape/SproutScape/Content/Developers/basde/Collections/SproutScapeDevFolderBas/Core/Assets/Drone2DAnims/Move/BeeBot_Walk/Walk_00042_Sprite.uasset" 537
"F:/GitHub/SproutScape/SproutScape/Content/Developers/basde/Collections/SproutScapeDevFolderBas/Core/Assets/Drone2DAnims/Move/BeeBot_Walk/Walk_00042_Sprite.uexp" 538
"F:/GitHub/SproutScape/SproutScape/Content/Developers/basde/Collections/SproutScapeDevFolderBas/Core/Assets/Drone2DAnims/Move/BeeBot_Walk/Walk_00014_Sprite.uasset" 539
"F:/GitHub/SproutScape/SproutScape/Content/Developers/basde/Collections/SproutScapeDevFolderBas/Core/Assets/Drone2DAnims/Move/BeeBot_Walk/Walk_00014_Sprite.uexp" 540
"F:/GitHub/SproutScape/SproutScape/Content/Developers/basde/Collections/SproutScapeDevFolderBas/Core/Assets/Drone2DAnims/Move/BeeBot_Walk/Walk_00030_Sprite.uasset" 541
"F:/GitHub/SproutScape/SproutScape/Content/Developers/basde/Collections/SproutScapeDevFolderBas/Core/Assets/Drone2DAnims/Move/BeeBot_Walk/Walk_00030_Sprite.uexp" 542
"F:/GitHub/SproutScape/SproutScape/Content/Developers/basde/Collections/SproutScapeDevFolderBas/Core/Assets/Drone2DAnims/Move/BeeBot_Walk/Walk_00027_Sprite.uasset" 543
"F:/GitHub/SproutScape/SproutScape/Content/Developers/basde/Collections/SproutScapeDevFolderBas/Core/Assets/Drone2DAnims/Move/BeeBot_Walk/Walk_00027_Sprite.uexp" 544
"F:/GitHub/SproutScape/SproutScape/Content/Developers/basde/Collections/SproutScapeDevFolderBas/Core/Assets/Drone2DAnims/Move/BeeBot_Walk/Walk_00056_Sprite.uasset" 545
"F:/GitHub/SproutScape/SproutScape/Content/Developers/basde/Collections/SproutScapeDevFolderBas/Core/Assets/Drone2DAnims/Move/BeeBot_Walk/Walk_00056_Sprite.uexp" 546
"F:/GitHub/SproutScape/SproutScape/Content/Developers/basde/Collections/SproutScapeDevFolderBas/Core/Assets/Drone2DAnims/Move/BeeBot_Walk/Walk_00020_Sprite.uasset" 547
"F:/GitHub/SproutScape/SproutScape/Content/Developers/basde/Collections/SproutScapeDevFolderBas/Core/Assets/Drone2DAnims/Move/BeeBot_Walk/Walk_00020_Sprite.uexp" 548
"F:/GitHub/SproutScape/SproutScape/Content/Developers/basde/Collections/SproutScapeDevFolderBas/Core/Assets/Drone2DAnims/Move/BeeBot_Walk/Walk_00021_Sprite.uasset" 549
"F:/GitHub/SproutScape/SproutScape/Content/Developers/basde/Collections/SproutScapeDevFolderBas/Core/Assets/Drone2DAnims/Move/BeeBot_Walk/Walk_00021_Sprite.uexp" 550
"F:/GitHub/SproutScape/SproutScape/Content/Developers/basde/Collections/SproutScapeDevFolderBas/Core/Assets/Drone2DAnims/Move/BeeBot_Walk/Walk_00004_Sprite.uasset" 551
"F:/GitHub/SproutScape/SproutScape/Content/Developers/basde/Collections/SproutScapeDevFolderBas/Core/Assets/Drone2DAnims/Move/BeeBot_Walk/Walk_00004_Sprite.uexp" 552
"F:/GitHub/SproutScape/SproutScape/Content/Developers/basde/Collections/SproutScapeDevFolderBas/Core/Assets/Drone2DAnims/Move/BeeBot_Walk/Walk_00011_Sprite.uasset" 553
"F:/GitHub/SproutScape/SproutScape/Content/Developers/basde/Collections/SproutScapeDevFolderBas/Core/Assets/Drone2DAnims/Move/BeeBot_Walk/Walk_00011_Sprite.uexp" 554
"F:/GitHub/SproutScape/SproutScape/Content/Developers/basde/Collections/SproutScapeDevFolderBas/Core/Assets/Drone2DAnims/Move/BeeBot_Walk/Walk_00002_Sprite.uasset" 555
"F:/GitHub/SproutScape/SproutScape/Content/Developers/basde/Collections/SproutScapeDevFolderBas/Core/Assets/Drone2DAnims/Move/BeeBot_Walk/Walk_00002_Sprite.uexp" 556
"F:/GitHub/SproutScape/SproutScape/Content/Developers/basde/Collections/SproutScapeDevFolderBas/Core/Assets/Drone2DAnims/Move/BeeBot_Walk/Walk_00033_Sprite.uasset" 557
"F:/GitHub/SproutScape/SproutScape/Content/Developers/basde/Collections/SproutScapeDevFolderBas/Core/Assets/Drone2DAnims/Move/BeeBot_Walk/Walk_00033_Sprite.uexp" 558
"F:/GitHub/SproutScape/SproutScape/Content/Developers/basde/Collections/SproutScapeDevFolderBas/Core/Assets/Drone2DAnims/Move/BeeBot_Walk/Walk_00001_Sprite.uasset" 559
"F:/GitHub/SproutScape/SproutScape/Content/Developers/basde/Collections/SproutScapeDevFolderBas/Core/Assets/Drone2DAnims/Move/BeeBot_Walk/Walk_00001_Sprite.uexp" 560
"F:/GitHub/SproutScape/SproutScape/Content/Developers/basde/Collections/SproutScapeDevFolderBas/Core/Assets/Drone2DAnims/Move/BeeBot_Walk/Walk_00017_Sprite.uasset" 561
"F:/GitHub/SproutScape/SproutScape/Content/Developers/basde/Collections/SproutScapeDevFolderBas/Core/Assets/Drone2DAnims/Move/BeeBot_Walk/Walk_00017_Sprite.uexp" 562
"F:/GitHub/SproutScape/SproutScape/Content/Developers/basde/Collections/SproutScapeDevFolderBas/Core/Assets/Drone2DAnims/Move/BeeBot_Walk/Walk_00051_Sprite.uasset" 563
"F:/GitHub/SproutScape/SproutScape/Content/Developers/basde/Collections/SproutScapeDevFolderBas/Core/Assets/Drone2DAnims/Move/BeeBot_Walk/Walk_00051_Sprite.uexp" 564
"F:/GitHub/SproutScape/SproutScape/Content/Developers/basde/Collections/SproutScapeDevFolderBas/Core/Assets/Drone2DAnims/Move/BeeBot_Walk/Walk_00012_Sprite.uasset" 565
"F:/GitHub/SproutScape/SproutScape/Content/Developers/basde/Collections/SproutScapeDevFolderBas/Core/Assets/Drone2DAnims/Move/BeeBot_Walk/Walk_00012_Sprite.uexp" 566
"F:/GitHub/SproutScape/SproutScape/Content/Developers/basde/Collections/SproutScapeDevFolderBas/Core/Assets/Drone2DAnims/Move/BeeBot_Walk/Walk_00005_Sprite.uasset" 567
"F:/GitHub/SproutScape/SproutScape/Content/Developers/basde/Collections/SproutScapeDevFolderBas/Core/Assets/Drone2DAnims/Move/BeeBot_Walk/Walk_00005_Sprite.uexp" 568
"F:/GitHub/SproutScape/SproutScape/Content/Developers/basde/Collections/SproutScapeDevFolderBas/Core/Assets/Drone2DAnims/Move/BeeBot_Walk/Walk_00046_Sprite.uasset" 569
"F:/GitHub/SproutScape/SproutScape/Content/Developers/basde/Collections/SproutScapeDevFolderBas/Core/Assets/Drone2DAnims/Move/BeeBot_Walk/Walk_00046_Sprite.uexp" 570
"F:/GitHub/SproutScape/SproutScape/Content/Developers/basde/Collections/SproutScapeDevFolderBas/Core/Assets/Drone2DAnims/Move/BeeBot_Walk/Walk_00060_Sprite.uasset" 571
"F:/GitHub/SproutScape/SproutScape/Content/Developers/basde/Collections/SproutScapeDevFolderBas/Core/Assets/Drone2DAnims/Move/BeeBot_Walk/Walk_00060_Sprite.uexp" 572
"F:/GitHub/SproutScape/SproutScape/Content/Developers/basde/Collections/SproutScapeDevFolderBas/Core/Assets/Drone2DAnims/Move/BeeBot_Walk/Walk_00054_Sprite.uasset" 573
"F:/GitHub/SproutScape/SproutScape/Content/Developers/basde/Collections/SproutScapeDevFolderBas/Core/Assets/Drone2DAnims/Move/BeeBot_Walk/Walk_00054_Sprite.uexp" 574
"F:/GitHub/SproutScape/SproutScape/Content/Developers/basde/Collections/SproutScapeDevFolderBas/Core/Assets/Drone2DAnims/Move/BeeBot_Walk/Walk_00048_Sprite.uasset" 575
"F:/GitHub/SproutScape/SproutScape/Content/Developers/basde/Collections/SproutScapeDevFolderBas/Core/Assets/Drone2DAnims/Move/BeeBot_Walk/Walk_00048_Sprite.uexp" 576
"F:/GitHub/SproutScape/SproutScape/Content/Developers/basde/Collections/SproutScapeDevFolderBas/Core/Assets/Drone2DAnims/Move/BeeBot_Walk/Walk_00022_Sprite.uasset" 577
"F:/GitHub/SproutScape/SproutScape/Content/Developers/basde/Collections/SproutScapeDevFolderBas/Core/Assets/Drone2DAnims/Move/BeeBot_Walk/Walk_00022_Sprite.uexp" 578
"F:/GitHub/SproutScape/SproutScape/Content/Developers/basde/Collections/SproutScapeDevFolderBas/Core/Assets/Drone2DAnims/Move/BeeBot_Walk/Walk_00028_Sprite.uasset" 579
"F:/GitHub/SproutScape/SproutScape/Content/Developers/basde/Collections/SproutScapeDevFolderBas/Core/Assets/Drone2DAnims/Move/BeeBot_Walk/Walk_00028_Sprite.uexp" 580
"F:/GitHub/SproutScape/SproutScape/Content/Developers/basde/Collections/SproutScapeDevFolderBas/Core/Assets/Drone2DAnims/Move/BeeBot_Walk/Walk_00045_Sprite.uasset" 581
"F:/GitHub/SproutScape/SproutScape/Content/Developers/basde/Collections/SproutScapeDevFolderBas/Core/Assets/Drone2DAnims/Move/BeeBot_Walk/Walk_00045_Sprite.uexp" 582
"F:/GitHub/SproutScape/SproutScape/Content/Developers/basde/Collections/SproutScapeDevFolderBas/Core/Assets/Drone2DAnims/Move/BeeBot_Walk/Walk_00025_Sprite.uasset" 583
"F:/GitHub/SproutScape/SproutScape/Content/Developers/basde/Collections/SproutScapeDevFolderBas/Core/Assets/Drone2DAnims/Move/BeeBot_Walk/Walk_00025_Sprite.uexp" 584
"F:/GitHub/SproutScape/SproutScape/Content/Developers/basde/Collections/SproutScapeDevFolderBas/Core/Assets/Drone2DAnims/Move/BeeBot_Walk/Walk_00036_Sprite.uasset" 585
"F:/GitHub/SproutScape/SproutScape/Content/Developers/basde/Collections/SproutScapeDevFolderBas/Core/Assets/Drone2DAnims/Move/BeeBot_Walk/Walk_00036_Sprite.uexp" 586
"F:/GitHub/SproutScape/SproutScape/Content/Developers/basde/Collections/SproutScapeDevFolderBas/Core/Assets/Drone2DAnims/Move/BeeBot_Walk/Walk_00013_Sprite.uasset" 587
"F:/GitHub/SproutScape/SproutScape/Content/Developers/basde/Collections/SproutScapeDevFolderBas/Core/Assets/Drone2DAnims/Move/BeeBot_Walk/Walk_00013_Sprite.uexp" 588
"F:/GitHub/SproutScape/SproutScape/Content/Developers/basde/Collections/SproutScapeDevFolderBas/Core/Assets/Drone2DAnims/Move/BeeBot_Walk/Walk_00010_Sprite.uasset" 589
"F:/GitHub/SproutScape/SproutScape/Content/Developers/basde/Collections/SproutScapeDevFolderBas/Core/Assets/Drone2DAnims/Move/BeeBot_Walk/Walk_00010_Sprite.uexp" 590
"F:/GitHub/SproutScape/SproutScape/Content/Developers/basde/Collections/SproutScapeDevFolderBas/Core/Assets/Drone2DAnims/Move/BeeBot_Walk/Walk_00026_Sprite.uasset" 591
"F:/GitHub/SproutScape/SproutScape/Content/Developers/basde/Collections/SproutScapeDevFolderBas/Core/Assets/Drone2DAnims/Move/BeeBot_Walk/Walk_00026_Sprite.uexp" 592
"F:/GitHub/SproutScape/SproutScape/Content/Developers/basde/Collections/SproutScapeDevFolderBas/Core/Assets/Drone2DAnims/Move/BeeBot_Walk/Walk_00007_Sprite.uasset" 593
"F:/GitHub/SproutScape/SproutScape/Content/Developers/basde/Collections/SproutScapeDevFolderBas/Core/Assets/Drone2DAnims/Move/BeeBot_Walk/Walk_00007_Sprite.uexp" 594
"F:/GitHub/SproutScape/SproutScape/Content/Developers/basde/Collections/SproutScapeDevFolderBas/Core/Assets/Drone2DAnims/Move/BeeBot_Walk/Walk_00041_Sprite.uasset" 595
"F:/GitHub/SproutScape/SproutScape/Content/Developers/basde/Collections/SproutScapeDevFolderBas/Core/Assets/Drone2DAnims/Move/BeeBot_Walk/Walk_00041_Sprite.uexp" 596
"F:/GitHub/SproutScape/SproutScape/Content/Developers/basde/Collections/SproutScapeDevFolderBas/Core/Assets/Drone2DAnims/Move/BeeBot_Walk/Walk_00000_Sprite.uasset" 597
"F:/GitHub/SproutScape/SproutScape/Content/Developers/basde/Collections/SproutScapeDevFolderBas/Core/Assets/Drone2DAnims/Move/BeeBot_Walk/Walk_00000_Sprite.uexp" 598
"F:/GitHub/SproutScape/SproutScape/Content/Developers/basde/Collections/SproutScapeDevFolderBas/Core/Assets/Drone2DAnims/Move/BeeBot_Walk/Walk_00034_Sprite.uasset" 599
"F:/GitHub/SproutScape/SproutScape/Content/Developers/basde/Collections/SproutScapeDevFolderBas/Core/Assets/Drone2DAnims/Move/BeeBot_Walk/Walk_00034_Sprite.uexp" 600
"F:/GitHub/SproutScape/SproutScape/Content/Developers/basde/Collections/SproutScapeDevFolderBas/Core/Assets/Drone2DAnims/Move/BeeBot_Walk/Walk_00035_Sprite.uasset" 601
"F:/GitHub/SproutScape/SproutScape/Content/Developers/basde/Collections/SproutScapeDevFolderBas/Core/Assets/Drone2DAnims/Move/BeeBot_Walk/Walk_00035_Sprite.uexp" 602
"F:/GitHub/SproutScape/SproutScape/Content/Developers/basde/Collections/SproutScapeDevFolderBas/Core/Assets/Drone2DAnims/Move/BeeBot_Walk/Walk_00043_Sprite.uasset" 603
"F:/GitHub/SproutScape/SproutScape/Content/Developers/basde/Collections/SproutScapeDevFolderBas/Core/Assets/Drone2DAnims/Move/BeeBot_Walk/Walk_00043_Sprite.uexp" 604
"F:/GitHub/SproutScape/SproutScape/Content/Developers/basde/Collections/SproutScapeDevFolderBas/Core/Assets/Drone2DAnims/Move/BeeBot_Walk/Walk_00032_Sprite.uasset" 605
"F:/GitHub/SproutScape/SproutScape/Content/Developers/basde/Collections/SproutScapeDevFolderBas/Core/Assets/Drone2DAnims/Move/BeeBot_Walk/Walk_00032_Sprite.uexp" 606
"F:/GitHub/SproutScape/SproutScape/Content/Developers/basde/Collections/SproutScapeDevFolderBas/Core/Assets/Drone2DAnims/Move/BeeBot_Walk/Walk_00024_Sprite.uasset" 607
"F:/GitHub/SproutScape/SproutScape/Content/Developers/basde/Collections/SproutScapeDevFolderBas/Core/Assets/Drone2DAnims/Move/BeeBot_Walk/Walk_00024_Sprite.uexp" 608
"F:/GitHub/SproutScape/SproutScape/Content/Developers/basde/Collections/SproutScapeDevFolderBas/Core/Assets/Drone2DAnims/Move/BeeBot_Walk/Walk_00003_Sprite.uasset" 609
"F:/GitHub/SproutScape/SproutScape/Content/Developers/basde/Collections/SproutScapeDevFolderBas/Core/Assets/Drone2DAnims/Move/BeeBot_Walk/Walk_00003_Sprite.uexp" 610
"F:/GitHub/SproutScape/SproutScape/Content/Developers/basde/Collections/SproutScapeDevFolderBas/Core/Assets/Drone2DAnims/Move/BeeBot_Walk/Walk_00008_Sprite.uasset" 611
"F:/GitHub/SproutScape/SproutScape/Content/Developers/basde/Collections/SproutScapeDevFolderBas/Core/Assets/Drone2DAnims/Move/BeeBot_Walk/Walk_00008_Sprite.uexp" 612
"F:/GitHub/SproutScape/SproutScape/Content/Developers/basde/Collections/SproutScapeDevFolderBas/Core/Assets/Drone2DAnims/Move/BeeBot_Walk/Walk_00055_Sprite.uasset" 613
"F:/GitHub/SproutScape/SproutScape/Content/Developers/basde/Collections/SproutScapeDevFolderBas/Core/Assets/Drone2DAnims/Move/BeeBot_Walk/Walk_00055_Sprite.uexp" 614
"F:/GitHub/SproutScape/SproutScape/Content/Developers/basde/Collections/SproutScapeDevFolderBas/Core/Assets/Drone2DAnims/Move/BeeBot_Walk/Walk_00050_Sprite.uasset" 615
"F:/GitHub/SproutScape/SproutScape/Content/Developers/basde/Collections/SproutScapeDevFolderBas/Core/Assets/Drone2DAnims/Move/BeeBot_Walk/Walk_00050_Sprite.uexp" 616
"F:/GitHub/SproutScape/SproutScape/Content/Developers/basde/Collections/SproutScapeDevFolderBas/Core/Assets/Drone2DAnims/Move/BeeBot_Walk/Walk_00023_Sprite.uasset" 617
"F:/GitHub/SproutScape/SproutScape/Content/Developers/basde/Collections/SproutScapeDevFolderBas/Core/Assets/Drone2DAnims/Move/BeeBot_Walk/Walk_00023_Sprite.uexp" 618
"F:/GitHub/SproutScape/SproutScape/Content/Developers/basde/Collections/SproutScapeDevFolderBas/Core/Assets/Drone2DAnims/Move/BeeBot_Walk/Walk_00052_Sprite.uasset" 619
"F:/GitHub/SproutScape/SproutScape/Content/Developers/basde/Collections/SproutScapeDevFolderBas/Core/Assets/Drone2DAnims/Move/BeeBot_Walk/Walk_00052_Sprite.uexp" 620
"F:/GitHub/SproutScape/SproutScape/Content/Developers/basde/Collections/SproutScapeDevFolderBas/Core/Assets/Drone2DAnims/Move/BeeBot_Walk/Walk_00018_Sprite.uasset" 621
"F:/GitHub/SproutScape/SproutScape/Content/Developers/basde/Collections/SproutScapeDevFolderBas/Core/Assets/Drone2DAnims/Move/BeeBot_Walk/Walk_00018_Sprite.uexp" 622
"F:/GitHub/SproutScape/SproutScape/Content/Developers/basde/Collections/SproutScapeDevFolderBas/Core/Assets/Drone2DAnims/Move/BeeBot_Walk/Walk_00015_Sprite.uasset" 623
"F:/GitHub/SproutScape/SproutScape/Content/Developers/basde/Collections/SproutScapeDevFolderBas/Core/Assets/Drone2DAnims/Move/BeeBot_Walk/Walk_00015_Sprite.uexp" 624
"F:/GitHub/SproutScape/SproutScape/Content/Developers/basde/Collections/SproutScapeDevFolderBas/Core/Assets/Drone2DAnims/Move/BeeBot_Walk/Walk_00038_Sprite.uasset" 625
"F:/GitHub/SproutScape/SproutScape/Content/Developers/basde/Collections/SproutScapeDevFolderBas/Core/Assets/Drone2DAnims/Move/BeeBot_Walk/Walk_00038_Sprite.uexp" 626
"F:/GitHub/SproutScape/SproutScape/Content/Developers/basde/Collections/SproutScapeDevFolderBas/Core/Assets/Drone2DAnims/Move/BeeBot_Walk/Walk_00044_Sprite.uasset" 627
"F:/GitHub/SproutScape/SproutScape/Content/Developers/basde/Collections/SproutScapeDevFolderBas/Core/Assets/Drone2DAnims/Move/BeeBot_Walk/Walk_00044_Sprite.uexp" 628
"F:/GitHub/SproutScape/SproutScape/Content/Developers/basde/Collections/SproutScapeDevFolderBas/Core/Assets/Drone2DAnims/Move/BeeBot_Walk/Walk_00037_Sprite.uasset" 629
"F:/GitHub/SproutScape/SproutScape/Content/Developers/basde/Collections/SproutScapeDevFolderBas/Core/Assets/Drone2DAnims/Move/BeeBot_Walk/Walk_00037_Sprite.uexp" 630
"F:/GitHub/SproutScape/SproutScape/Content/Developers/basde/Collections/SproutScapeDevFolderBas/Core/Assets/Drone2DAnims/Move/BeeBot_Walk/Walk_00029_Sprite.uasset" 631
"F:/GitHub/SproutScape/SproutScape/Content/Developers/basde/Collections/SproutScapeDevFolderBas/Core/Assets/Drone2DAnims/Move/BeeBot_Walk/Walk_00029_Sprite.uexp" 632
"F:/GitHub/SproutScape/SproutScape/Content/Developers/basde/Collections/SproutScapeDevFolderBas/Core/Assets/Drone2DAnims/Move/BeeBot_Walk/FB_Walk.uasset" 633
"F:/GitHub/SproutScape/SproutScape/Content/Developers/basde/Collections/SproutScapeDevFolderBas/Core/Assets/Drone2DAnims/Move/BeeBot_Walk/FB_Walk.uexp" 634
"F:/GitHub/SproutScape/SproutScape/Content/Developers/basde/Collections/SproutScapeDevFolderBas/Core/Assets/Drone2DAnims/Jump/BeeBot_Jump_Up/Jump_Up_00006.uasset" 635
"F:/GitHub/SproutScape/SproutScape/Content/Developers/basde/Collections/SproutScapeDevFolderBas/Core/Assets/Drone2DAnims/Jump/BeeBot_Jump_Up/Jump_Up_00006.uexp" 636
"F:/GitHub/SproutScape/SproutScape/Content/Developers/basde/Collections/SproutScapeDevFolderBas/Core/Assets/Drone2DAnims/Jump/BeeBot_Jump_Up/Jump_Up_00006_Sprite.uasset" 637
"F:/GitHub/SproutScape/SproutScape/Content/Developers/basde/Collections/SproutScapeDevFolderBas/Core/Assets/Drone2DAnims/Jump/BeeBot_Jump_Up/Jump_Up_00006_Sprite.uexp" 638
"F:/GitHub/SproutScape/SproutScape/Content/Developers/basde/Collections/SproutScapeDevFolderBas/Core/Assets/Drone2DAnims/Jump/BeeBot_Jump_Up/Jump_Up_00031.uasset" 639
"F:/GitHub/SproutScape/SproutScape/Content/Developers/basde/Collections/SproutScapeDevFolderBas/Core/Assets/Drone2DAnims/Jump/BeeBot_Jump_Up/Jump_Up_00031.uexp" 640
"F:/GitHub/SproutScape/SproutScape/Content/Developers/basde/Collections/SproutScapeDevFolderBas/Core/Assets/Drone2DAnims/Jump/BeeBot_Jump_Up/Jump_Up_00031_Sprite.uasset" 641
"F:/GitHub/SproutScape/SproutScape/Content/Developers/basde/Collections/SproutScapeDevFolderBas/Core/Assets/Drone2DAnims/Jump/BeeBot_Jump_Up/Jump_Up_00031_Sprite.uexp" 642
"F:/GitHub/SproutScape/SproutScape/Content/Developers/basde/Collections/SproutScapeDevFolderBas/Core/Assets/Drone2DAnims/Jump/BeeBot_Jump_Up/Jump_Up_00035.uasset" 643
"F:/GitHub/SproutScape/SproutScape/Content/Developers/basde/Collections/SproutScapeDevFolderBas/Core/Assets/Drone2DAnims/Jump/BeeBot_Jump_Up/Jump_Up_00035.uexp" 644
"F:/GitHub/SproutScape/SproutScape/Content/Developers/basde/Collections/SproutScapeDevFolderBas/Core/Assets/Drone2DAnims/Jump/BeeBot_Jump_Up/Jump_Up_00035_Sprite.uasset" 645
"F:/GitHub/SproutScape/SproutScape/Content/Developers/basde/Collections/SproutScapeDevFolderBas/Core/Assets/Drone2DAnims/Jump/BeeBot_Jump_Up/Jump_Up_00035_Sprite.uexp" 646
"F:/GitHub/SproutScape/SproutScape/Content/Developers/basde/Collections/SproutScapeDevFolderBas/Core/Assets/Drone2DAnims/Jump/BeeBot_Jump_Up/Jump_Up_00005.uasset" 647
"F:/GitHub/SproutScape/SproutScape/Content/Developers/basde/Collections/SproutScapeDevFolderBas/Core/Assets/Drone2DAnims/Jump/BeeBot_Jump_Up/Jump_Up_00005.uexp" 648
"F:/GitHub/SproutScape/SproutScape/Content/Developers/basde/Collections/SproutScapeDevFolderBas/Core/Assets/Drone2DAnims/Jump/BeeBot_Jump_Up/Jump_Up_00005_Sprite.uasset" 649
"F:/GitHub/SproutScape/SproutScape/Content/Developers/basde/Collections/SproutScapeDevFolderBas/Core/Assets/Drone2DAnims/Jump/BeeBot_Jump_Up/Jump_Up_00005_Sprite.uexp" 650
"F:/GitHub/SproutScape/SproutScape/Content/Developers/basde/Collections/SproutScapeDevFolderBas/Core/Assets/Drone2DAnims/Jump/BeeBot_Jump_Up/Jump_Up_00026.uasset" 651
"F:/GitHub/SproutScape/SproutScape/Content/Developers/basde/Collections/SproutScapeDevFolderBas/Core/Assets/Drone2DAnims/Jump/BeeBot_Jump_Up/Jump_Up_00026.uexp" 652
"F:/GitHub/SproutScape/SproutScape/Content/Developers/basde/Collections/SproutScapeDevFolderBas/Core/Assets/Drone2DAnims/Jump/BeeBot_Jump_Up/Jump_Up_00026_Sprite.uasset" 653
"F:/GitHub/SproutScape/SproutScape/Content/Developers/basde/Collections/SproutScapeDevFolderBas/Core/Assets/Drone2DAnims/Jump/BeeBot_Jump_Up/Jump_Up_00026_Sprite.uexp" 654
"F:/GitHub/SproutScape/SproutScape/Content/Developers/basde/Collections/SproutScapeDevFolderBas/Core/Assets/Drone2DAnims/Jump/BeeBot_Jump_Up/Jump_Up_00032.uasset" 655
"F:/GitHub/SproutScape/SproutScape/Content/Developers/basde/Collections/SproutScapeDevFolderBas/Core/Assets/Drone2DAnims/Jump/BeeBot_Jump_Up/Jump_Up_00032.uexp" 656
"F:/GitHub/SproutScape/SproutScape/Content/Developers/basde/Collections/SproutScapeDevFolderBas/Core/Assets/Drone2DAnims/Jump/BeeBot_Jump_Up/Jump_Up_00032_Sprite.uasset" 657
"F:/GitHub/SproutScape/SproutScape/Content/Developers/basde/Collections/SproutScapeDevFolderBas/Core/Assets/Drone2DAnims/Jump/BeeBot_Jump_Up/Jump_Up_00032_Sprite.uexp" 658
"F:/GitHub/SproutScape/SproutScape/Content/Developers/basde/Collections/SproutScapeDevFolderBas/Core/Assets/Drone2DAnims/Jump/BeeBot_Jump_Up/Jump_Up_00000.uasset" 659
"F:/GitHub/SproutScape/SproutScape/Content/Developers/basde/Collections/SproutScapeDevFolderBas/Core/Assets/Drone2DAnims/Jump/BeeBot_Jump_Up/Jump_Up_00000.uexp" 660
"F:/GitHub/SproutScape/SproutScape/Content/Developers/basde/Collections/SproutScapeDevFolderBas/Core/Assets/Drone2DAnims/Jump/BeeBot_Jump_Up/Jump_Up_00000_Sprite.uasset" 661
"F:/GitHub/SproutScape/SproutScape/Content/Developers/basde/Collections/SproutScapeDevFolderBas/Core/Assets/Drone2DAnims/Jump/BeeBot_Jump_Up/Jump_Up_00000_Sprite.uexp" 662
"F:/GitHub/SproutScape/SproutScape/Content/Developers/basde/Collections/SproutScapeDevFolderBas/Core/Assets/Drone2DAnims/Jump/BeeBot_Jump_Up/Jump_Up_00012.uasset" 663
"F:/GitHub/SproutScape/SproutScape/Content/Developers/basde/Collections/SproutScapeDevFolderBas/Core/Assets/Drone2DAnims/Jump/BeeBot_Jump_Up/Jump_Up_00012.uexp" 664
"F:/GitHub/SproutScape/SproutScape/Content/Developers/basde/Collections/SproutScapeDevFolderBas/Core/Assets/Drone2DAnims/Jump/BeeBot_Jump_Up/Jump_Up_00012_Sprite.uasset" 665
"F:/GitHub/SproutScape/SproutScape/Content/Developers/basde/Collections/SproutScapeDevFolderBas/Core/Assets/Drone2DAnims/Jump/BeeBot_Jump_Up/Jump_Up_00012_Sprite.uexp" 666
"F:/GitHub/SproutScape/SproutScape/Content/Developers/basde/Collections/SproutScapeDevFolderBas/Core/Assets/Drone2DAnims/Jump/BeeBot_Jump_Up/Jump_Up_00022.uasset" 667
"F:/GitHub/SproutScape/SproutScape/Content/Developers/basde/Collections/SproutScapeDevFolderBas/Core/Assets/Drone2DAnims/Jump/BeeBot_Jump_Up/Jump_Up_00022.uexp" 668
"F:/GitHub/SproutScape/SproutScape/Content/Developers/basde/Collections/SproutScapeDevFolderBas/Core/Assets/Drone2DAnims/Jump/BeeBot_Jump_Up/Jump_Up_00022_Sprite.uasset" 669
"F:/GitHub/SproutScape/SproutScape/Content/Developers/basde/Collections/SproutScapeDevFolderBas/Core/Assets/Drone2DAnims/Jump/BeeBot_Jump_Up/Jump_Up_00022_Sprite.uexp" 670
"F:/GitHub/SproutScape/SproutScape/Content/Developers/basde/Collections/SproutScapeDevFolderBas/Core/Assets/Drone2DAnims/Jump/BeeBot_Jump_Up/Jump_Up_00015.uasset" 671
"F:/GitHub/SproutScape/SproutScape/Content/Developers/basde/Collections/SproutScapeDevFolderBas/Core/Assets/Drone2DAnims/Jump/BeeBot_Jump_Up/Jump_Up_00015.uexp" 672
"F:/GitHub/SproutScape/SproutScape/Content/Developers/basde/Collections/SproutScapeDevFolderBas/Core/Assets/Drone2DAnims/Jump/BeeBot_Jump_Up/Jump_Up_00015_Sprite.uasset" 673
"F:/GitHub/SproutScape/SproutScape/Content/Developers/basde/Collections/SproutScapeDevFolderBas/Core/Assets/Drone2DAnims/Jump/BeeBot_Jump_Up/Jump_Up_00015_Sprite.uexp" 674
"F:/GitHub/SproutScape/SproutScape/Content/Developers/basde/Collections/SproutScapeDevFolderBas/Core/Assets/Drone2DAnims/Jump/BeeBot_Jump_Up/Jump_Up_00018.uasset" 675
"F:/GitHub/SproutScape/SproutScape/Content/Developers/basde/Collections/SproutScapeDevFolderBas/Core/Assets/Drone2DAnims/Jump/BeeBot_Jump_Up/Jump_Up_00018.uexp" 676
"F:/GitHub/SproutScape/SproutScape/Content/Developers/basde/Collections/SproutScapeDevFolderBas/Core/Assets/Drone2DAnims/Jump/BeeBot_Jump_Up/Jump_Up_00018_Sprite.uasset" 677
"F:/GitHub/SproutScape/SproutScape/Content/Developers/basde/Collections/SproutScapeDevFolderBas/Core/Assets/Drone2DAnims/Jump/BeeBot_Jump_Up/Jump_Up_00018_Sprite.uexp" 678
"F:/GitHub/SproutScape/SproutScape/Content/Developers/basde/Collections/SproutScapeDevFolderBas/Core/Assets/Drone2DAnims/Jump/BeeBot_Jump_Up/Jump_Up_00020.uasset" 679
"F:/GitHub/SproutScape/SproutScape/Content/Developers/basde/Collections/SproutScapeDevFolderBas/Core/Assets/Drone2DAnims/Jump/BeeBot_Jump_Up/Jump_Up_00020.uexp" 680
"F:/GitHub/SproutScape/SproutScape/Content/Developers/basde/Collections/SproutScapeDevFolderBas/Core/Assets/Drone2DAnims/Jump/BeeBot_Jump_Up/Jump_Up_00020_Sprite.uasset" 681
"F:/GitHub/SproutScape/SproutScape/Content/Developers/basde/Collections/SproutScapeDevFolderBas/Core/Assets/Drone2DAnims/Jump/BeeBot_Jump_Up/Jump_Up_00020_Sprite.uexp" 682
"F:/GitHub/SproutScape/SproutScape/Content/Developers/basde/Collections/SproutScapeDevFolderBas/Core/Assets/Drone2DAnims/Jump/BeeBot_Jump_Up/Jump_Up_00023.uasset" 683
"F:/GitHub/SproutScape/SproutScape/Content/Developers/basde/Collections/SproutScapeDevFolderBas/Core/Assets/Drone2DAnims/Jump/BeeBot_Jump_Up/Jump_Up_00023.uexp" 684
"F:/GitHub/SproutScape/SproutScape/Content/Developers/basde/Collections/SproutScapeDevFolderBas/Core/Assets/Drone2DAnims/Jump/BeeBot_Jump_Up/Jump_Up_00023_Sprite.uasset" 685
"F:/GitHub/SproutScape/SproutScape/Content/Developers/basde/Collections/SproutScapeDevFolderBas/Core/Assets/Drone2DAnims/Jump/BeeBot_Jump_Up/Jump_Up_00023_Sprite.uexp" 686
"F:/GitHub/SproutScape/SproutScape/Content/Developers/basde/Collections/SproutScapeDevFolderBas/Core/Assets/Drone2DAnims/Jump/BeeBot_Jump_Up/Jump_Up_00010.uasset" 687
"F:/GitHub/SproutScape/SproutScape/Content/Developers/basde/Collections/SproutScapeDevFolderBas/Core/Assets/Drone2DAnims/Jump/BeeBot_Jump_Up/Jump_Up_00010.uexp" 688
"F:/GitHub/SproutScape/SproutScape/Content/Developers/basde/Collections/SproutScapeDevFolderBas/Core/Assets/Drone2DAnims/Jump/BeeBot_Jump_Up/Jump_Up_00010_Sprite.uasset" 689
"F:/GitHub/SproutScape/SproutScape/Content/Developers/basde/Collections/SproutScapeDevFolderBas/Core/Assets/Drone2DAnims/Jump/BeeBot_Jump_Up/Jump_Up_00010_Sprite.uexp" 690
"F:/GitHub/SproutScape/SproutScape/Content/Developers/basde/Collections/SproutScapeDevFolderBas/Core/Assets/Drone2DAnims/Jump/BeeBot_Jump_Up/Jump_Up_00017.uasset" 691
"F:/GitHub/SproutScape/SproutScape/Content/Developers/basde/Collections/SproutScapeDevFolderBas/Core/Assets/Drone2DAnims/Jump/BeeBot_Jump_Up/Jump_Up_00017.uexp" 692
"F:/GitHub/SproutScape/SproutScape/Content/Developers/basde/Collections/SproutScapeDevFolderBas/Core/Assets/Drone2DAnims/Jump/BeeBot_Jump_Up/Jump_Up_00017_Sprite.uasset" 693
"F:/GitHub/SproutScape/SproutScape/Content/Developers/basde/Collections/SproutScapeDevFolderBas/Core/Assets/Drone2DAnims/Jump/BeeBot_Jump_Up/Jump_Up_00017_Sprite.uexp" 694
"F:/GitHub/SproutScape/SproutScape/Content/Developers/basde/Collections/SproutScapeDevFolderBas/Core/Assets/Drone2DAnims/Jump/BeeBot_Jump_Up/Jump_Up_00003.uasset" 695
"F:/GitHub/SproutScape/SproutScape/Content/Developers/basde/Collections/SproutScapeDevFolderBas/Core/Assets/Drone2DAnims/Jump/BeeBot_Jump_Up/Jump_Up_00003.uexp" 696
"F:/GitHub/SproutScape/SproutScape/Content/Developers/basde/Collections/SproutScapeDevFolderBas/Core/Assets/Drone2DAnims/Jump/BeeBot_Jump_Up/Jump_Up_00003_Sprite.uasset" 697
"F:/GitHub/SproutScape/SproutScape/Content/Developers/basde/Collections/SproutScapeDevFolderBas/Core/Assets/Drone2DAnims/Jump/BeeBot_Jump_Up/Jump_Up_00003_Sprite.uexp" 698
"F:/GitHub/SproutScape/SproutScape/Content/Developers/basde/Collections/SproutScapeDevFolderBas/Core/Assets/Drone2DAnims/Jump/BeeBot_Jump_Up/Jump_Up_00008.uasset" 699
"F:/GitHub/SproutScape/SproutScape/Content/Developers/basde/Collections/SproutScapeDevFolderBas/Core/Assets/Drone2DAnims/Jump/BeeBot_Jump_Up/Jump_Up_00008.uexp" 700
"F:/GitHub/SproutScape/SproutScape/Content/Developers/basde/Collections/SproutScapeDevFolderBas/Core/Assets/Drone2DAnims/Jump/BeeBot_Jump_Up/Jump_Up_00008_Sprite.uasset" 701
"F:/GitHub/SproutScape/SproutScape/Content/Developers/basde/Collections/SproutScapeDevFolderBas/Core/Assets/Drone2DAnims/Jump/BeeBot_Jump_Up/Jump_Up_00008_Sprite.uexp" 702
"F:/GitHub/SproutScape/SproutScape/Content/Developers/basde/Collections/SproutScapeDevFolderBas/Core/Assets/Drone2DAnims/Jump/BeeBot_Jump_Up/Jump_Up_00001.uasset" 703
"F:/GitHub/SproutScape/SproutScape/Content/Developers/basde/Collections/SproutScapeDevFolderBas/Core/Assets/Drone2DAnims/Jump/BeeBot_Jump_Up/Jump_Up_00001.uexp" 704
"F:/GitHub/SproutScape/SproutScape/Content/Developers/basde/Collections/SproutScapeDevFolderBas/Core/Assets/Drone2DAnims/Jump/BeeBot_Jump_Up/Jump_Up_00001_Sprite.uasset" 705
"F:/GitHub/SproutScape/SproutScape/Content/Developers/basde/Collections/SproutScapeDevFolderBas/Core/Assets/Drone2DAnims/Jump/BeeBot_Jump_Up/Jump_Up_00001_Sprite.uexp" 706
"F:/GitHub/SproutScape/SproutScape/Content/Developers/basde/Collections/SproutScapeDevFolderBas/Core/Assets/Drone2DAnims/Jump/BeeBot_Jump_Up/Jump_Up_00013.uasset" 707
"F:/GitHub/SproutScape/SproutScape/Content/Developers/basde/Collections/SproutScapeDevFolderBas/Core/Assets/Drone2DAnims/Jump/BeeBot_Jump_Up/Jump_Up_00013.uexp" 708
"F:/GitHub/SproutScape/SproutScape/Content/Developers/basde/Collections/SproutScapeDevFolderBas/Core/Assets/Drone2DAnims/Jump/BeeBot_Jump_Up/Jump_Up_00013_Sprite.uasset" 709
"F:/GitHub/SproutScape/SproutScape/Content/Developers/basde/Collections/SproutScapeDevFolderBas/Core/Assets/Drone2DAnims/Jump/BeeBot_Jump_Up/Jump_Up_00013_Sprite.uexp" 710
"F:/GitHub/SproutScape/SproutScape/Content/Developers/basde/Collections/SproutScapeDevFolderBas/Core/Assets/Drone2DAnims/Jump/BeeBot_Jump_Up/Jump_Up_00004.uasset" 711
"F:/GitHub/SproutScape/SproutScape/Content/Developers/basde/Collections/SproutScapeDevFolderBas/Core/Assets/Drone2DAnims/Jump/BeeBot_Jump_Up/Jump_Up_00004.uexp" 712
"F:/GitHub/SproutScape/SproutScape/Content/Developers/basde/Collections/SproutScapeDevFolderBas/Core/Assets/Drone2DAnims/Jump/BeeBot_Jump_Up/Jump_Up_00004_Sprite.uasset" 713
"F:/GitHub/SproutScape/SproutScape/Content/Developers/basde/Collections/SproutScapeDevFolderBas/Core/Assets/Drone2DAnims/Jump/BeeBot_Jump_Up/Jump_Up_00004_Sprite.uexp" 714
"F:/GitHub/SproutScape/SproutScape/Content/Developers/basde/Collections/SproutScapeDevFolderBas/Core/Assets/Drone2DAnims/Jump/BeeBot_Jump_Up/Jump_Up_00007.uasset" 715
"F:/GitHub/SproutScape/SproutScape/Content/Developers/basde/Collections/SproutScapeDevFolderBas/Core/Assets/Drone2DAnims/Jump/BeeBot_Jump_Up/Jump_Up_00007.uexp" 716
"F:/GitHub/SproutScape/SproutScape/Content/Developers/basde/Collections/SproutScapeDevFolderBas/Core/Assets/Drone2DAnims/Jump/BeeBot_Jump_Up/Jump_Up_00007_Sprite.uasset" 717
"F:/GitHub/SproutScape/SproutScape/Content/Developers/basde/Collections/SproutScapeDevFolderBas/Core/Assets/Drone2DAnims/Jump/BeeBot_Jump_Up/Jump_Up_00007_Sprite.uexp" 718
"F:/GitHub/SproutScape/SproutScape/Content/Developers/basde/Collections/SproutScapeDevFolderBas/Core/Assets/Drone2DAnims/Jump/BeeBot_Jump_Up/Jump_Up_00016.uasset" 719
"F:/GitHub/SproutScape/SproutScape/Content/Developers/basde/Collections/SproutScapeDevFolderBas/Core/Assets/Drone2DAnims/Jump/BeeBot_Jump_Up/Jump_Up_00016.uexp" 720
"F:/GitHub/SproutScape/SproutScape/Content/Developers/basde/Collections/SproutScapeDevFolderBas/Core/Assets/Drone2DAnims/Jump/BeeBot_Jump_Up/Jump_Up_00016_Sprite.uasset" 721
"F:/GitHub/SproutScape/SproutScape/Content/Developers/basde/Collections/SproutScapeDevFolderBas/Core/Assets/Drone2DAnims/Jump/BeeBot_Jump_Up/Jump_Up_00016_Sprite.uexp" 722
"F:/GitHub/SproutScape/SproutScape/Content/Developers/basde/Collections/SproutScapeDevFolderBas/Core/Assets/Drone2DAnims/Jump/BeeBot_Jump_Up/Jump_Up_00025.uasset" 723
"F:/GitHub/SproutScape/SproutScape/Content/Developers/basde/Collections/SproutScapeDevFolderBas/Core/Assets/Drone2DAnims/Jump/BeeBot_Jump_Up/Jump_Up_00025.uexp" 724
"F:/GitHub/SproutScape/SproutScape/Content/Developers/basde/Collections/SproutScapeDevFolderBas/Core/Assets/Drone2DAnims/Jump/BeeBot_Jump_Up/Jump_Up_00025_Sprite.uasset" 725
"F:/GitHub/SproutScape/SproutScape/Content/Developers/basde/Collections/SproutScapeDevFolderBas/Core/Assets/Drone2DAnims/Jump/BeeBot_Jump_Up/Jump_Up_00025_Sprite.uexp" 726
"F:/GitHub/SproutScape/SproutScape/Content/Developers/basde/Collections/SproutScapeDevFolderBas/Core/Assets/Drone2DAnims/Jump/BeeBot_Jump_Up/Jump_Up_00029.uasset" 727
"F:/GitHub/SproutScape/SproutScape/Content/Developers/basde/Collections/SproutScapeDevFolderBas/Core/Assets/Drone2DAnims/Jump/BeeBot_Jump_Up/Jump_Up_00029.uexp" 728
"F:/GitHub/SproutScape/SproutScape/Content/Developers/basde/Collections/SproutScapeDevFolderBas/Core/Assets/Drone2DAnims/Jump/BeeBot_Jump_Up/Jump_Up_00029_Sprite.uasset" 729
"F:/GitHub/SproutScape/SproutScape/Content/Developers/basde/Collections/SproutScapeDevFolderBas/Core/Assets/Drone2DAnims/Jump/BeeBot_Jump_Up/Jump_Up_00029_Sprite.uexp" 730
"F:/GitHub/SproutScape/SproutScape/Content/Developers/basde/Collections/SproutScapeDevFolderBas/Core/Assets/Drone2DAnims/Jump/BeeBot_Jump_Up/Jump_Up_00024.uasset" 731
"F:/GitHub/SproutScape/SproutScape/Content/Developers/basde/Collections/SproutScapeDevFolderBas/Core/Assets/Drone2DAnims/Jump/BeeBot_Jump_Up/Jump_Up_00024.uexp" 732
"F:/GitHub/SproutScape/SproutScape/Content/Developers/basde/Collections/SproutScapeDevFolderBas/Core/Assets/Drone2DAnims/Jump/BeeBot_Jump_Up/Jump_Up_00024_Sprite.uasset" 733
"F:/GitHub/SproutScape/SproutScape/Content/Developers/basde/Collections/SproutScapeDevFolderBas/Core/Assets/Drone2DAnims/Jump/BeeBot_Jump_Up/Jump_Up_00024_Sprite.uexp" 734
"F:/GitHub/SproutScape/SproutScape/Content/Developers/basde/Collections/SproutScapeDevFolderBas/Core/Assets/Drone2DAnims/Jump/BeeBot_Jump_Up/Jump_Up_00034.uasset" 735
"F:/GitHub/SproutScape/SproutScape/Content/Developers/basde/Collections/SproutScapeDevFolderBas/Core/Assets/Drone2DAnims/Jump/BeeBot_Jump_Up/Jump_Up_00034.uexp" 736
"F:/GitHub/SproutScape/SproutScape/Content/Developers/basde/Collections/SproutScapeDevFolderBas/Core/Assets/Drone2DAnims/Jump/BeeBot_Jump_Up/Jump_Up_00034_Sprite.uasset" 737
"F:/GitHub/SproutScape/SproutScape/Content/Developers/basde/Collections/SproutScapeDevFolderBas/Core/Assets/Drone2DAnims/Jump/BeeBot_Jump_Up/Jump_Up_00034_Sprite.uexp" 738
"F:/GitHub/SproutScape/SproutScape/Content/Developers/basde/Collections/SproutScapeDevFolderBas/Core/Assets/Drone2DAnims/Jump/BeeBot_Jump_Up/Jump_Up_00036.uasset" 739
"F:/GitHub/SproutScape/SproutScape/Content/Developers/basde/Collections/SproutScapeDevFolderBas/Core/Assets/Drone2DAnims/Jump/BeeBot_Jump_Up/Jump_Up_00036.uexp" 740
"F:/GitHub/SproutScape/SproutScape/Content/Developers/basde/Collections/SproutScapeDevFolderBas/Core/Assets/Drone2DAnims/Jump/BeeBot_Jump_Up/Jump_Up_00036_Sprite.uasset" 741
"F:/GitHub/SproutScape/SproutScape/Content/Developers/basde/Collections/SproutScapeDevFolderBas/Core/Assets/Drone2DAnims/Jump/BeeBot_Jump_Up/Jump_Up_00036_Sprite.uexp" 742
"F:/GitHub/SproutScape/SproutScape/Content/Developers/basde/Collections/SproutScapeDevFolderBas/Core/Assets/Drone2DAnims/Jump/BeeBot_Jump_Up/Jump_Up_00030.uasset" 743
"F:/GitHub/SproutScape/SproutScape/Content/Developers/basde/Collections/SproutScapeDevFolderBas/Core/Assets/Drone2DAnims/Jump/BeeBot_Jump_Up/Jump_Up_00030.uexp" 744
"F:/GitHub/SproutScape/SproutScape/Content/Developers/basde/Collections/SproutScapeDevFolderBas/Core/Assets/Drone2DAnims/Jump/BeeBot_Jump_Up/Jump_Up_00030_Sprite.uasset" 745
"F:/GitHub/SproutScape/SproutScape/Content/Developers/basde/Collections/SproutScapeDevFolderBas/Core/Assets/Drone2DAnims/Jump/BeeBot_Jump_Up/Jump_Up_00030_Sprite.uexp" 746
"F:/GitHub/SproutScape/SproutScape/Content/Developers/basde/Collections/SproutScapeDevFolderBas/Core/Assets/Drone2DAnims/Jump/BeeBot_Jump_Up/Jump_Up_00009.uasset" 747
"F:/GitHub/SproutScape/SproutScape/Content/Developers/basde/Collections/SproutScapeDevFolderBas/Core/Assets/Drone2DAnims/Jump/BeeBot_Jump_Up/Jump_Up_00009.uexp" 748
"F:/GitHub/SproutScape/SproutScape/Content/Developers/basde/Collections/SproutScapeDevFolderBas/Core/Assets/Drone2DAnims/Jump/BeeBot_Jump_Up/Jump_Up_00009_Sprite.uasset" 749
"F:/GitHub/SproutScape/SproutScape/Content/Developers/basde/Collections/SproutScapeDevFolderBas/Core/Assets/Drone2DAnims/Jump/BeeBot_Jump_Up/Jump_Up_00009_Sprite.uexp" 750
"F:/GitHub/SproutScape/SproutScape/Content/Developers/basde/Collections/SproutScapeDevFolderBas/Core/Assets/Drone2DAnims/Jump/BeeBot_Jump_Up/Jump_Up_00002.uasset" 751
"F:/GitHub/SproutScape/SproutScape/Content/Developers/basde/Collections/SproutScapeDevFolderBas/Core/Assets/Drone2DAnims/Jump/BeeBot_Jump_Up/Jump_Up_00002.uexp" 752
"F:/GitHub/SproutScape/SproutScape/Content/Developers/basde/Collections/SproutScapeDevFolderBas/Core/Assets/Drone2DAnims/Jump/BeeBot_Jump_Up/Jump_Up_00002_Sprite.uasset" 753
"F:/GitHub/SproutScape/SproutScape/Content/Developers/basde/Collections/SproutScapeDevFolderBas/Core/Assets/Drone2DAnims/Jump/BeeBot_Jump_Up/Jump_Up_00002_Sprite.uexp" 754
"F:/GitHub/SproutScape/SproutScape/Content/Developers/basde/Collections/SproutScapeDevFolderBas/Core/Assets/Drone2DAnims/Jump/BeeBot_Jump_Up/Jump_Up_00028.uasset" 755
"F:/GitHub/SproutScape/SproutScape/Content/Developers/basde/Collections/SproutScapeDevFolderBas/Core/Assets/Drone2DAnims/Jump/BeeBot_Jump_Up/Jump_Up_00028.uexp" 756
"F:/GitHub/SproutScape/SproutScape/Content/Developers/basde/Collections/SproutScapeDevFolderBas/Core/Assets/Drone2DAnims/Jump/BeeBot_Jump_Up/Jump_Up_00028_Sprite.uasset" 757
"F:/GitHub/SproutScape/SproutScape/Content/Developers/basde/Collections/SproutScapeDevFolderBas/Core/Assets/Drone2DAnims/Jump/BeeBot_Jump_Up/Jump_Up_00028_Sprite.uexp" 758
"F:/GitHub/SproutScape/SproutScape/Content/Developers/basde/Collections/SproutScapeDevFolderBas/Core/Assets/Drone2DAnims/Jump/BeeBot_Jump_Up/Jump_Up_00019.uasset" 759
"F:/GitHub/SproutScape/SproutScape/Content/Developers/basde/Collections/SproutScapeDevFolderBas/Core/Assets/Drone2DAnims/Jump/BeeBot_Jump_Up/Jump_Up_00019.uexp" 760
"F:/GitHub/SproutScape/SproutScape/Content/Developers/basde/Collections/SproutScapeDevFolderBas/Core/Assets/Drone2DAnims/Jump/BeeBot_Jump_Up/Jump_Up_00019_Sprite.uasset" 761
"F:/GitHub/SproutScape/SproutScape/Content/Developers/basde/Collections/SproutScapeDevFolderBas/Core/Assets/Drone2DAnims/Jump/BeeBot_Jump_Up/Jump_Up_00019_Sprite.uexp" 762
"F:/GitHub/SproutScape/SproutScape/Content/Developers/basde/Collections/SproutScapeDevFolderBas/Core/Assets/Drone2DAnims/Jump/BeeBot_Jump_Up/Jump_Up_00014.uasset" 763
"F:/GitHub/SproutScape/SproutScape/Content/Developers/basde/Collections/SproutScapeDevFolderBas/Core/Assets/Drone2DAnims/Jump/BeeBot_Jump_Up/Jump_Up_00014.uexp" 764
"F:/GitHub/SproutScape/SproutScape/Content/Developers/basde/Collections/SproutScapeDevFolderBas/Core/Assets/Drone2DAnims/Jump/BeeBot_Jump_Up/Jump_Up_00014_Sprite.uasset" 765
"F:/GitHub/SproutScape/SproutScape/Content/Developers/basde/Collections/SproutScapeDevFolderBas/Core/Assets/Drone2DAnims/Jump/BeeBot_Jump_Up/Jump_Up_00014_Sprite.uexp" 766
"F:/GitHub/SproutScape/SproutScape/Content/Developers/basde/Collections/SproutScapeDevFolderBas/Core/Assets/Drone2DAnims/Jump/BeeBot_Jump_Up/Jump_Up_00033.uasset" 767
"F:/GitHub/SproutScape/SproutScape/Content/Developers/basde/Collections/SproutScapeDevFolderBas/Core/Assets/Drone2DAnims/Jump/BeeBot_Jump_Up/Jump_Up_00033.uexp" 768
"F:/GitHub/SproutScape/SproutScape/Content/Developers/basde/Collections/SproutScapeDevFolderBas/Core/Assets/Drone2DAnims/Jump/BeeBot_Jump_Up/Jump_Up_00033_Sprite.uasset" 769
"F:/GitHub/SproutScape/SproutScape/Content/Developers/basde/Collections/SproutScapeDevFolderBas/Core/Assets/Drone2DAnims/Jump/BeeBot_Jump_Up/Jump_Up_00033_Sprite.uexp" 770
"F:/GitHub/SproutScape/SproutScape/Content/Developers/basde/Collections/SproutScapeDevFolderBas/Core/Assets/Drone2DAnims/Jump/BeeBot_Jump_Up/Jump_Up_00021.uasset" 771
"F:/GitHub/SproutScape/SproutScape/Content/Developers/basde/Collections/SproutScapeDevFolderBas/Core/Assets/Drone2DAnims/Jump/BeeBot_Jump_Up/Jump_Up_00021.uexp" 772
"F:/GitHub/SproutScape/SproutScape/Content/Developers/basde/Collections/SproutScapeDevFolderBas/Core/Assets/Drone2DAnims/Jump/BeeBot_Jump_Up/Jump_Up_00021_Sprite.uasset" 773
"F:/GitHub/SproutScape/SproutScape/Content/Developers/basde/Collections/SproutScapeDevFolderBas/Core/Assets/Drone2DAnims/Jump/BeeBot_Jump_Up/Jump_Up_00021_Sprite.uexp" 774
"F:/GitHub/SproutScape/SproutScape/Content/Developers/basde/Collections/SproutScapeDevFolderBas/Core/Assets/Drone2DAnims/Jump/BeeBot_Jump_Up/Jump_Up_00011.uasset" 775
"F:/GitHub/SproutScape/SproutScape/Content/Developers/basde/Collections/SproutScapeDevFolderBas/Core/Assets/Drone2DAnims/Jump/BeeBot_Jump_Up/Jump_Up_00011.uexp" 776
"F:/GitHub/SproutScape/SproutScape/Content/Developers/basde/Collections/SproutScapeDevFolderBas/Core/Assets/Drone2DAnims/Jump/BeeBot_Jump_Up/Jump_Up_00011_Sprite.uasset" 777
"F:/GitHub/SproutScape/SproutScape/Content/Developers/basde/Collections/SproutScapeDevFolderBas/Core/Assets/Drone2DAnims/Jump/BeeBot_Jump_Up/Jump_Up_00011_Sprite.uexp" 778
"F:/GitHub/SproutScape/SproutScape/Content/Developers/basde/Collections/SproutScapeDevFolderBas/Core/Assets/Drone2DAnims/Jump/BeeBot_Jump_Up/Jump_Up_00027.uasset" 779
"F:/GitHub/SproutScape/SproutScape/Content/Developers/basde/Collections/SproutScapeDevFolderBas/Core/Assets/Drone2DAnims/Jump/BeeBot_Jump_Up/Jump_Up_00027.uexp" 780
"F:/GitHub/SproutScape/SproutScape/Content/Developers/basde/Collections/SproutScapeDevFolderBas/Core/Assets/Drone2DAnims/Jump/BeeBot_Jump_Up/Jump_Up_00027_Sprite.uasset" 781
"F:/GitHub/SproutScape/SproutScape/Content/Developers/basde/Collections/SproutScapeDevFolderBas/Core/Assets/Drone2DAnims/Jump/BeeBot_Jump_Up/Jump_Up_00027_Sprite.uexp" 782
"F:/GitHub/SproutScape/SproutScape/Content/Developers/basde/Collections/SproutScapeDevFolderBas/Core/Assets/Drone2DAnims/Jump/BeeBot_Jump_Up/FB_JumpUp.uasset" 783
"F:/GitHub/SproutScape/SproutScape/Content/Developers/basde/Collections/SproutScapeDevFolderBas/Core/Assets/Drone2DAnims/Jump/BeeBot_Jump_Up/FB_JumpUp.uexp" 784
"../../../Engine/Content/EditorResources/S_Actor.ubulk" 785
"../../../Engine/Content/EditorResources/S_Actor.uasset" 786
"../../../Engine/Content/EditorResources/S_Actor.uexp" 787
"../../../Engine/Plugins/Runtime/AudioWidgets/Content/Resources/ScrubHandleDown_Clamped.uasset" 788
"../../../Engine/Plugins/Runtime/AudioWidgets/Content/Resources/ScrubHandleDown_Clamped.uexp" 789
"../../../Engine/Content/EngineResources/GradientTexture0.uasset" 790
"../../../Engine/Content/EngineResources/GradientTexture0.uexp" 791
"../../../Engine/Content/EngineResources/DefaultTexture.ubulk" 792
"../../../Engine/Content/EngineResources/DefaultTexture.uasset" 793
"../../../Engine/Content/EngineResources/DefaultTexture.uexp" 794
"../../../Engine/Content/EngineResources/Black.uasset" 795
"../../../Engine/Content/EngineResources/Black.uexp" 796
"../../../Engine/Content/EngineMaterials/PreintegratedSkinBRDF.uasset" 797
"../../../Engine/Content/EngineMaterials/PreintegratedSkinBRDF.uexp" 798
"../../../Engine/Content/EngineMaterials/MiniFont.uasset" 799
"../../../Engine/Content/EngineMaterials/MiniFont.uexp" 800
"../../../Engine/Content/EngineMaterials/FastBlueNoise_vec2_128x128x64.uasset" 801
"../../../Engine/Content/EngineMaterials/FastBlueNoise_vec2_128x128x64.uexp" 802
"../../../Engine/Content/EngineMaterials/FastBlueNoise_scalar_128x128x64.uasset" 803
"../../../Engine/Content/EngineMaterials/FastBlueNoise_scalar_128x128x64.uexp" 804
"../../../Engine/Content/EngineMaterials/DefaultWhiteGrid.ubulk" 805
"../../../Engine/Content/EngineMaterials/DefaultWhiteGrid.uasset" 806
"../../../Engine/Content/EngineMaterials/DefaultWhiteGrid.uexp" 807
"../../../Engine/Content/EngineMaterials/DefaultBokeh.uasset" 808
"../../../Engine/Content/EngineMaterials/DefaultBokeh.uexp" 809
"../../../Engine/Content/EngineMaterials/DefaultBloomKernel.uasset" 810
"../../../Engine/Content/EngineMaterials/DefaultBloomKernel.uexp" 811
"../../../Engine/Content/EngineDamageTypes/DmgTypeBP_Environmental.uasset" 812
"../../../Engine/Content/EngineDamageTypes/DmgTypeBP_Environmental.uexp" 813
"../../../Engine/Content/EditorResources/S_TriggerSphere.uasset" 814
"../../../Engine/Content/EditorResources/S_TriggerSphere.uexp" 815
"../../../Engine/Content/EditorResources/S_TriggerCapsule.uasset" 816
"../../../Engine/Content/EditorResources/S_TriggerCapsule.uexp" 817
"../../../Engine/Content/EditorResources/S_TriggerBox.uasset" 818
"../../../Engine/Content/EditorResources/S_TriggerBox.uexp" 819
"../../../Engine/Content/EditorResources/S_Trigger.ubulk" 820
"../../../Engine/Content/EditorResources/S_Trigger.uasset" 821
"../../../Engine/Content/EditorResources/S_Trigger.uexp" 822
"../../../Engine/Content/EditorResources/S_Terrain.ubulk" 823
"../../../Engine/Content/EditorResources/S_Terrain.uasset" 824
"../../../Engine/Content/EditorResources/S_Terrain.uexp" 825
"../../../Engine/Content/EditorResources/S_Solver.ubulk" 826
"../../../Engine/Content/EditorResources/S_Solver.uasset" 827
"../../../Engine/Content/EditorResources/S_Solver.uexp" 828
"../../../Engine/Content/EditorResources/S_BoxReflectionCapture.uasset" 829
"../../../Engine/Content/EditorResources/S_BoxReflectionCapture.uexp" 830
"../../../Engine/Content/EditorResources/EmptyActor.uasset" 831
"../../../Engine/Content/EditorResources/EmptyActor.uexp" 832
"../../../Engine/Content/EditorResources/BSPVertex.uasset" 833
"../../../Engine/Content/EditorResources/BSPVertex.uexp" 834
"../../../Engine/Content/EditorLandscapeResources/DefaultAlphaTexture.uasset" 835
"../../../Engine/Content/EditorLandscapeResources/DefaultAlphaTexture.uexp" 836
"../../../Engine/Content/EngineResources/FilmGrains/Marcie_Grain_v3_128_M2_000.uasset" 837
"../../../Engine/Content/EngineResources/FilmGrains/Marcie_Grain_v3_128_M2_000.uexp" 838
"../../../Engine/Content/EngineMaterials/LTC/Sheen_LTC.uasset" 839
"../../../Engine/Content/EngineMaterials/LTC/Sheen_LTC.uexp" 840
"../../../Engine/Content/EngineMaterials/LTC/GGX_LTCMat.uasset" 841
"../../../Engine/Content/EngineMaterials/LTC/GGX_LTCMat.uexp" 842
"../../../Engine/Content/EngineMaterials/LTC/GGX_LTCAmp.uasset" 843
"../../../Engine/Content/EngineMaterials/LTC/GGX_LTCAmp.uexp" 844
"../../../Engine/Content/EngineMaterials/EnergyConservation/Sheen_Energy.uasset" 845
"../../../Engine/Content/EngineMaterials/EnergyConservation/Sheen_Energy.uexp" 846
"../../../Engine/Content/EngineMaterials/EnergyConservation/SheenLegacy_Energy.uasset" 847
"../../../Engine/Content/EngineMaterials/EnergyConservation/SheenLegacy_Energy.uexp" 848
"../../../Engine/Content/EngineMaterials/EnergyConservation/GGX_TransmissionEnergyArray.uasset" 849
"../../../Engine/Content/EngineMaterials/EnergyConservation/GGX_TransmissionEnergyArray.uexp" 850
"../../../Engine/Content/EngineMaterials/EnergyConservation/GGX_ReflectionEnergy.uasset" 851
"../../../Engine/Content/EngineMaterials/EnergyConservation/GGX_ReflectionEnergy.uexp" 852
"../../../Engine/Content/EngineMaterials/EnergyConservation/Diffuse_Energy.uasset" 853
"../../../Engine/Content/EngineMaterials/EnergyConservation/Diffuse_Energy.uexp" 854
"../../../Engine/Content/EditorResources/SequenceRecorder/RecordingIndicator.uasset" 855
"../../../Engine/Content/EditorResources/SequenceRecorder/RecordingIndicator.uexp" 856
"../../../Engine/Content/EditorResources/SequenceRecorder/Countdown.uasset" 857
"../../../Engine/Content/EditorResources/SequenceRecorder/Countdown.uexp" 858
"../../../Engine/Content/EditorMaterials/ParticleSystems/PSysThumbnail_OOD.ubulk" 859
"../../../Engine/Content/EditorMaterials/ParticleSystems/PSysThumbnail_OOD.uasset" 860
"../../../Engine/Content/EditorMaterials/ParticleSystems/PSysThumbnail_OOD.uexp" 861
"../../../Engine/Content/EditorMaterials/ParticleSystems/PSysThumbnail_NoImage.ubulk" 862
"../../../Engine/Content/EditorMaterials/ParticleSystems/PSysThumbnail_NoImage.uasset" 863
"../../../Engine/Content/EditorMaterials/ParticleSystems/PSysThumbnail_NoImage.uexp" 864
"../../../Engine/Content/EngineMaterials/T_Default_Material_Grid_M.ubulk" 865
"../../../Engine/Content/EngineMaterials/T_Default_Material_Grid_M.uasset" 866
"../../../Engine/Content/EngineMaterials/T_Default_Material_Grid_M.uexp" 867
"../../../Engine/Content/EngineMaterials/T_Default_Material_Grid_N.ubulk" 868
"../../../Engine/Content/EngineMaterials/T_Default_Material_Grid_N.uasset" 869
"../../../Engine/Content/EngineMaterials/T_Default_Material_Grid_N.uexp" 870
"../../../Engine/Content/Functions/Engine_MaterialFunctions01/Opacity/CameraDepthFade.uasset" 871
"../../../Engine/Content/Functions/Engine_MaterialFunctions01/Opacity/CameraDepthFade.uexp" 872
"../../../Engine/Content/EngineMaterials/WorldGridMaterial.uasset" 873
"../../../Engine/Content/EngineMaterials/WorldGridMaterial.uexp" 874
"../../../Engine/Content/BasicShapes/Cube.uasset" 875
"../../../Engine/Content/BasicShapes/Cube.uexp" 876
"F:/GitHub/SproutScape/SproutScape/Content/LevelPrototyping/Input/Actions/IA_Jump.uasset" 877
"F:/GitHub/SproutScape/SproutScape/Content/LevelPrototyping/Input/Actions/IA_Jump.uexp" 878
"F:/GitHub/SproutScape/SproutScape/Content/LevelPrototyping/Input/Actions/IA_Connect.uasset" 879
"F:/GitHub/SproutScape/SproutScape/Content/LevelPrototyping/Input/Actions/IA_Connect.uexp" 880
"F:/GitHub/SproutScape/SproutScape/Content/LevelPrototyping/Input/Actions/IA_Shoot.uasset" 881
"F:/GitHub/SproutScape/SproutScape/Content/LevelPrototyping/Input/Actions/IA_Shoot.uexp" 882
"F:/GitHub/SproutScape/SproutScape/Content/LevelPrototyping/Input/Actions/IA_Move.uasset" 883
"F:/GitHub/SproutScape/SproutScape/Content/LevelPrototyping/Input/Actions/IA_Move.uexp" 884
"F:/GitHub/SproutScape/SproutScape/Content/LevelPrototyping/Input/Actions/IA_Interact.uasset" 885
"F:/GitHub/SproutScape/SproutScape/Content/LevelPrototyping/Input/Actions/IA_Interact.uexp" 886
"F:/GitHub/SproutScape/SproutScape/Content/LevelPrototyping/Input/IMC_Action.uasset" 887
"F:/GitHub/SproutScape/SproutScape/Content/LevelPrototyping/Input/IMC_Action.uexp" 888
"../../../Engine/Content/BasicShapes/BasicShapeMaterial.uasset" 889
"../../../Engine/Content/BasicShapes/BasicShapeMaterial.uexp" 890
"F:/GitHub/SproutScape/SproutScape/Content/SproutScape/Blueprints/ZD_Player_BASE.uasset" 891
"F:/GitHub/SproutScape/SproutScape/Content/SproutScape/Blueprints/ZD_Player_BASE.uexp" 892
"F:/GitHub/SproutScape/SproutScape/Content/SproutScape/Blueprints/Triggerables/BP_DeathCollider.uasset" 893
"F:/GitHub/SproutScape/SproutScape/Content/SproutScape/Blueprints/Triggerables/BP_DeathCollider.uexp" 894
"../../../Engine/Content/EngineMaterials/DefaultMaterial.uasset" 895
"../../../Engine/Content/EngineMaterials/DefaultMaterial.uexp" 896
"../../../Engine/Content/BasicShapes/Cylinder.uasset" 897
"../../../Engine/Content/BasicShapes/Cylinder.uexp" 898
"F:/GitHub/SproutScape/SproutScape/Content/SproutScape/Enums/E_ButtonOptions.uasset" 899
"F:/GitHub/SproutScape/SproutScape/Content/SproutScape/Enums/E_ButtonOptions.uexp" 900
"F:/GitHub/SproutScape/SproutScape/Content/SproutScape/Blueprints/Triggerables/BP_Button.uasset" 901
"F:/GitHub/SproutScape/SproutScape/Content/SproutScape/Blueprints/Triggerables/BP_Button.uexp" 902
"F:/GitHub/SproutScape/SproutScape/Content/SproutScape/Blueprints/Game/BP_PlayerController.uasset" 903
"F:/GitHub/SproutScape/SproutScape/Content/SproutScape/Blueprints/Game/BP_PlayerController.uexp" 904
"F:/GitHub/SproutScape/SproutScape/Content/SproutScape/Blueprints/Game/BP_GameModeTest.uasset" 905
"F:/GitHub/SproutScape/SproutScape/Content/SproutScape/Blueprints/Game/BP_GameModeTest.uexp" 906
"F:/GitHub/SproutScape/SproutScape/Content/Developers/basde/Collections/SproutScapeDevFolderBas/Core/Materials/M_Green.uasset" 907
"F:/GitHub/SproutScape/SproutScape/Content/Developers/basde/Collections/SproutScapeDevFolderBas/Core/Materials/M_Green.uexp" 908
"F:/GitHub/SproutScape/SproutScape/Content/Developers/basde/Collections/SproutScapeDevFolderBas/Core/Assets/Drone/Cylinder.uasset" 909
"F:/GitHub/SproutScape/SproutScape/Content/Developers/basde/Collections/SproutScapeDevFolderBas/Core/Assets/Drone/Cylinder.uexp" 910
"F:/GitHub/SproutScape/SproutScape/Content/Developers/basde/Collections/SproutScapeDevFolderBas/Core/Assets/Drone/Sphere_006.uasset" 911
"F:/GitHub/SproutScape/SproutScape/Content/Developers/basde/Collections/SproutScapeDevFolderBas/Core/Assets/Drone/Sphere_006.uexp" 912
"F:/GitHub/SproutScape/SproutScape/Content/Developers/basde/Collections/SproutScapeDevFolderBas/Core/Assets/Drone/Sphere_008.uasset" 913
"F:/GitHub/SproutScape/SproutScape/Content/Developers/basde/Collections/SproutScapeDevFolderBas/Core/Assets/Drone/Sphere_008.uexp" 914
"F:/GitHub/SproutScape/SproutScape/Content/Developers/basde/Collections/SproutScapeDevFolderBas/Core/Assets/Drone/Plane.uasset" 915
"F:/GitHub/SproutScape/SproutScape/Content/Developers/basde/Collections/SproutScapeDevFolderBas/Core/Assets/Drone/Plane.uexp" 916
"F:/GitHub/SproutScape/SproutScape/Content/Developers/basde/Collections/SproutScapeDevFolderBas/Core/Materials/M_Pink.uasset" 917
"F:/GitHub/SproutScape/SproutScape/Content/Developers/basde/Collections/SproutScapeDevFolderBas/Core/Materials/M_Pink.uexp" 918
"F:/GitHub/SproutScape/SproutScape/Content/Developers/basde/Collections/SproutScapeDevFolderBas/Core/Assets/Drone/Sphere_007.uasset" 919
"F:/GitHub/SproutScape/SproutScape/Content/Developers/basde/Collections/SproutScapeDevFolderBas/Core/Assets/Drone/Sphere_007.uexp" 920
"F:/GitHub/SproutScape/SproutScape/Content/Developers/basde/Collections/SproutScapeDevFolderBas/Core/Assets/Drone/Plane_003.uasset" 921
"F:/GitHub/SproutScape/SproutScape/Content/Developers/basde/Collections/SproutScapeDevFolderBas/Core/Assets/Drone/Plane_003.uexp" 922
"F:/GitHub/SproutScape/SproutScape/Content/Developers/basde/Collections/SproutScapeDevFolderBas/Core/BLueprints/BP/BP_Drone.uasset" 923
"F:/GitHub/SproutScape/SproutScape/Content/Developers/basde/Collections/SproutScapeDevFolderBas/Core/BLueprints/BP/BP_Drone.uexp" 924
"F:/GitHub/SproutScape/SproutScape/Content/Developers/edrik/BluePrints/BPZD_2D.uasset" 925
"F:/GitHub/SproutScape/SproutScape/Content/Developers/edrik/BluePrints/BPZD_2D.uexp" 926
"F:/GitHub/SproutScape/SproutScape/Content/SproutScape/Blueprints/Game/BP_GameMode.uasset" 927
"F:/GitHub/SproutScape/SproutScape/Content/SproutScape/Blueprints/Game/BP_GameMode.uexp" 928
"F:/GitHub/SproutScape/SproutScape/Content/Developers/Osa/Textures/Level_1_props/Vloerkleed_texture/T_Vloerkleed_ORM.ubulk" 929
"F:/GitHub/SproutScape/SproutScape/Content/Developers/Osa/Textures/Level_1_props/Vloerkleed_texture/T_Vloerkleed_ORM.uasset" 930
"F:/GitHub/SproutScape/SproutScape/Content/Developers/Osa/Textures/Level_1_props/Vloerkleed_texture/T_Vloerkleed_ORM.uexp" 931
"F:/GitHub/SproutScape/SproutScape/Content/Developers/Osa/Textures/Level_1_props/Vloerkleed_texture/T_Vloerkleed_N.ubulk" 932
"F:/GitHub/SproutScape/SproutScape/Content/Developers/Osa/Textures/Level_1_props/Vloerkleed_texture/T_Vloerkleed_N.uasset" 933
"F:/GitHub/SproutScape/SproutScape/Content/Developers/Osa/Textures/Level_1_props/Vloerkleed_texture/T_Vloerkleed_N.uexp" 934
"F:/GitHub/SproutScape/SproutScape/Content/Developers/Osa/Textures/Level_1_props/Vloerkleed_texture/T_Vloerkleed_D.ubulk" 935
"F:/GitHub/SproutScape/SproutScape/Content/Developers/Osa/Textures/Level_1_props/Vloerkleed_texture/T_Vloerkleed_D.uasset" 936
"F:/GitHub/SproutScape/SproutScape/Content/Developers/Osa/Textures/Level_1_props/Vloerkleed_texture/T_Vloerkleed_D.uexp" 937
"F:/GitHub/SproutScape/SproutScape/Content/Developers/Osa/Materials/Level_1_props/M_Vloerkleed.uasset" 938
"F:/GitHub/SproutScape/SproutScape/Content/Developers/Osa/Materials/Level_1_props/M_Vloerkleed.uexp" 939
"F:/GitHub/SproutScape/SproutScape/Content/Developers/Osa/Models/Level_1_props/S_Vloerkleed_01.uasset" 940
"F:/GitHub/SproutScape/SproutScape/Content/Developers/Osa/Models/Level_1_props/S_Vloerkleed_01.uexp" 941
"F:/GitHub/SproutScape/SproutScape/Content/Developers/Osa/Textures/Level_1_props/Roomba_texture/T_Roomba_ORM.ubulk" 942
"F:/GitHub/SproutScape/SproutScape/Content/Developers/Osa/Textures/Level_1_props/Roomba_texture/T_Roomba_ORM.uasset" 943
"F:/GitHub/SproutScape/SproutScape/Content/Developers/Osa/Textures/Level_1_props/Roomba_texture/T_Roomba_ORM.uexp" 944
"F:/GitHub/SproutScape/SproutScape/Content/Developers/Osa/Textures/Level_1_props/Roomba_texture/T_Roomba_N.ubulk" 945
"F:/GitHub/SproutScape/SproutScape/Content/Developers/Osa/Textures/Level_1_props/Roomba_texture/T_Roomba_N.uasset" 946
"F:/GitHub/SproutScape/SproutScape/Content/Developers/Osa/Textures/Level_1_props/Roomba_texture/T_Roomba_N.uexp" 947
"F:/GitHub/SproutScape/SproutScape/Content/Developers/Osa/Textures/Level_1_props/Roomba_texture/T_Roomba_D.ubulk" 948
"F:/GitHub/SproutScape/SproutScape/Content/Developers/Osa/Textures/Level_1_props/Roomba_texture/T_Roomba_D.uasset" 949
"F:/GitHub/SproutScape/SproutScape/Content/Developers/Osa/Textures/Level_1_props/Roomba_texture/T_Roomba_D.uexp" 950
"F:/GitHub/SproutScape/SproutScape/Content/Developers/Osa/Materials/Level_1_props/M_Roomba.uasset" 951
"F:/GitHub/SproutScape/SproutScape/Content/Developers/Osa/Materials/Level_1_props/M_Roomba.uexp" 952
"F:/GitHub/SproutScape/SproutScape/Content/Developers/Osa/Models/Level_1_props/S_Roomba_01.ubulk" 953
"F:/GitHub/SproutScape/SproutScape/Content/Developers/Osa/Models/Level_1_props/S_Roomba_01.uasset" 954
"F:/GitHub/SproutScape/SproutScape/Content/Developers/Osa/Models/Level_1_props/S_Roomba_01.uexp" 955
"F:/GitHub/SproutScape/SproutScape/Content/Developers/Osa/Textures/Level_1_props/RoombaOplader_texture/T_Oplader_N.ubulk" 956
"F:/GitHub/SproutScape/SproutScape/Content/Developers/Osa/Textures/Level_1_props/RoombaOplader_texture/T_Oplader_N.uasset" 957
"F:/GitHub/SproutScape/SproutScape/Content/Developers/Osa/Textures/Level_1_props/RoombaOplader_texture/T_Oplader_N.uexp" 958
"F:/GitHub/SproutScape/SproutScape/Content/Developers/Osa/Textures/Level_1_props/RoombaOplader_texture/T_Oplader_D.ubulk" 959
"F:/GitHub/SproutScape/SproutScape/Content/Developers/Osa/Textures/Level_1_props/RoombaOplader_texture/T_Oplader_D.uasset" 960
"F:/GitHub/SproutScape/SproutScape/Content/Developers/Osa/Textures/Level_1_props/RoombaOplader_texture/T_Oplader_D.uexp" 961
"F:/GitHub/SproutScape/SproutScape/Content/Developers/Osa/Textures/Level_1_props/RoombaOplader_texture/T_Oplader_ORM.ubulk" 962
"F:/GitHub/SproutScape/SproutScape/Content/Developers/Osa/Textures/Level_1_props/RoombaOplader_texture/T_Oplader_ORM.uasset" 963
"F:/GitHub/SproutScape/SproutScape/Content/Developers/Osa/Textures/Level_1_props/RoombaOplader_texture/T_Oplader_ORM.uexp" 964
"F:/GitHub/SproutScape/SproutScape/Content/Developers/Osa/Materials/Level_1_props/M_RoombaOplader.uasset" 965
"F:/GitHub/SproutScape/SproutScape/Content/Developers/Osa/Materials/Level_1_props/M_RoombaOplader.uexp" 966
"F:/GitHub/SproutScape/SproutScape/Content/Developers/Osa/Models/Level_1_props/S_Oplader_01.uasset" 967
"F:/GitHub/SproutScape/SproutScape/Content/Developers/Osa/Models/Level_1_props/S_Oplader_01.uexp" 968
"F:/GitHub/SproutScape/SproutScape/Content/Developers/Osa/Textures/Level_1_props/PropjePapier_texture/T_Propje_N.ubulk" 969
"F:/GitHub/SproutScape/SproutScape/Content/Developers/Osa/Textures/Level_1_props/PropjePapier_texture/T_Propje_N.uasset" 970
"F:/GitHub/SproutScape/SproutScape/Content/Developers/Osa/Textures/Level_1_props/PropjePapier_texture/T_Propje_N.uexp" 971
"F:/GitHub/SproutScape/SproutScape/Content/Developers/Osa/Textures/Level_1_props/PropjePapier_texture/T_Propje_D.ubulk" 972
"F:/GitHub/SproutScape/SproutScape/Content/Developers/Osa/Textures/Level_1_props/PropjePapier_texture/T_Propje_D.uasset" 973
"F:/GitHub/SproutScape/SproutScape/Content/Developers/Osa/Textures/Level_1_props/PropjePapier_texture/T_Propje_D.uexp" 974
"F:/GitHub/SproutScape/SproutScape/Content/Developers/Osa/Textures/Level_1_props/PropjePapier_texture/T_Propje_ORM.ubulk" 975
"F:/GitHub/SproutScape/SproutScape/Content/Developers/Osa/Textures/Level_1_props/PropjePapier_texture/T_Propje_ORM.uasset" 976
"F:/GitHub/SproutScape/SproutScape/Content/Developers/Osa/Textures/Level_1_props/PropjePapier_texture/T_Propje_ORM.uexp" 977
"F:/GitHub/SproutScape/SproutScape/Content/Developers/Osa/Materials/Level_1_props/M_PapierPropje.uasset" 978
"F:/GitHub/SproutScape/SproutScape/Content/Developers/Osa/Materials/Level_1_props/M_PapierPropje.uexp" 979
"F:/GitHub/SproutScape/SproutScape/Content/Developers/Osa/Models/Level_1_props/S_Propje_01.uasset" 980
"F:/GitHub/SproutScape/SproutScape/Content/Developers/Osa/Models/Level_1_props/S_Propje_01.uexp" 981
"F:/GitHub/SproutScape/SproutScape/Content/Developers/Osa/Textures/Level_1_props/LeterBlok_P_texture/T_LetterBlok_P_D.ubulk" 982
"F:/GitHub/SproutScape/SproutScape/Content/Developers/Osa/Textures/Level_1_props/LeterBlok_P_texture/T_LetterBlok_P_D.uasset" 983
"F:/GitHub/SproutScape/SproutScape/Content/Developers/Osa/Textures/Level_1_props/LeterBlok_P_texture/T_LetterBlok_P_D.uexp" 984
"F:/GitHub/SproutScape/SproutScape/Content/Developers/Osa/Textures/Level_1_props/LeterBlok_P_texture/T_LetterBlok_P_ORM.ubulk" 985
"F:/GitHub/SproutScape/SproutScape/Content/Developers/Osa/Textures/Level_1_props/LeterBlok_P_texture/T_LetterBlok_P_ORM.uasset" 986
"F:/GitHub/SproutScape/SproutScape/Content/Developers/Osa/Textures/Level_1_props/LeterBlok_P_texture/T_LetterBlok_P_ORM.uexp" 987
"F:/GitHub/SproutScape/SproutScape/Content/Developers/Osa/Textures/Level_1_props/LeterBlok_P_texture/T_LetterBlok_P_N.ubulk" 988
"F:/GitHub/SproutScape/SproutScape/Content/Developers/Osa/Textures/Level_1_props/LeterBlok_P_texture/T_LetterBlok_P_N.uasset" 989
"F:/GitHub/SproutScape/SproutScape/Content/Developers/Osa/Textures/Level_1_props/LeterBlok_P_texture/T_LetterBlok_P_N.uexp" 990
"F:/GitHub/SproutScape/SproutScape/Content/Developers/Osa/Materials/Level_1_props/M_LetterBlok_P.uasset" 991
"F:/GitHub/SproutScape/SproutScape/Content/Developers/Osa/Materials/Level_1_props/M_LetterBlok_P.uexp" 992
"F:/GitHub/SproutScape/SproutScape/Content/Developers/Osa/Models/Level_1_props/S_Letterblok_01.uasset" 993
"F:/GitHub/SproutScape/SproutScape/Content/Developers/Osa/Models/Level_1_props/S_Letterblok_01.uexp" 994
"F:/GitHub/SproutScape/SproutScape/Content/Developers/Osa/Textures/Level_1_props/Laars_texture/T_Laars_D.ubulk" 995
"F:/GitHub/SproutScape/SproutScape/Content/Developers/Osa/Textures/Level_1_props/Laars_texture/T_Laars_D.uasset" 996
"F:/GitHub/SproutScape/SproutScape/Content/Developers/Osa/Textures/Level_1_props/Laars_texture/T_Laars_D.uexp" 997
"F:/GitHub/SproutScape/SproutScape/Content/Developers/Osa/Textures/Level_1_props/Laars_texture/T_Laars_N.ubulk" 998
"F:/GitHub/SproutScape/SproutScape/Content/Developers/Osa/Textures/Level_1_props/Laars_texture/T_Laars_N.uasset" 999
"F:/GitHub/SproutScape/SproutScape/Content/Developers/Osa/Textures/Level_1_props/Laars_texture/T_Laars_N.uexp" 1000
"F:/GitHub/SproutScape/SproutScape/Content/Developers/Osa/Textures/Level_1_props/Laars_texture/T_Laars_ORM.ubulk" 1001
"F:/GitHub/SproutScape/SproutScape/Content/Developers/Osa/Textures/Level_1_props/Laars_texture/T_Laars_ORM.uasset" 1002
"F:/GitHub/SproutScape/SproutScape/Content/Developers/Osa/Textures/Level_1_props/Laars_texture/T_Laars_ORM.uexp" 1003
"F:/GitHub/SproutScape/SproutScape/Content/Developers/Osa/Materials/Level_1_props/M_Laars.uasset" 1004
"F:/GitHub/SproutScape/SproutScape/Content/Developers/Osa/Materials/Level_1_props/M_Laars.uexp" 1005
"F:/GitHub/SproutScape/SproutScape/Content/Developers/Osa/Models/Level_1_props/S_Laars_01.uasset" 1006
"F:/GitHub/SproutScape/SproutScape/Content/Developers/Osa/Models/Level_1_props/S_Laars_01.uexp" 1007
"F:/GitHub/SproutScape/SproutScape/Content/Developers/Osa/Textures/Level_1_props/Krant_texture/T_Krant_D.ubulk" 1008
"F:/GitHub/SproutScape/SproutScape/Content/Developers/Osa/Textures/Level_1_props/Krant_texture/T_Krant_D.uasset" 1009
"F:/GitHub/SproutScape/SproutScape/Content/Developers/Osa/Textures/Level_1_props/Krant_texture/T_Krant_D.uexp" 1010
"F:/GitHub/SproutScape/SproutScape/Content/Developers/Osa/Textures/Level_1_props/Krant_texture/T_Krant_N.ubulk" 1011
"F:/GitHub/SproutScape/SproutScape/Content/Developers/Osa/Textures/Level_1_props/Krant_texture/T_Krant_N.uasset" 1012
"F:/GitHub/SproutScape/SproutScape/Content/Developers/Osa/Textures/Level_1_props/Krant_texture/T_Krant_N.uexp" 1013
"F:/GitHub/SproutScape/SproutScape/Content/Developers/Osa/Textures/Level_1_props/Krant_texture/T_Krant_ORM.ubulk" 1014
"F:/GitHub/SproutScape/SproutScape/Content/Developers/Osa/Textures/Level_1_props/Krant_texture/T_Krant_ORM.uasset" 1015
"F:/GitHub/SproutScape/SproutScape/Content/Developers/Osa/Textures/Level_1_props/Krant_texture/T_Krant_ORM.uexp" 1016
"F:/GitHub/SproutScape/SproutScape/Content/Developers/Osa/Materials/Level_1_props/M_Krant.uasset" 1017
"F:/GitHub/SproutScape/SproutScape/Content/Developers/Osa/Materials/Level_1_props/M_Krant.uexp" 1018
"F:/GitHub/SproutScape/SproutScape/Content/Developers/Osa/Models/Level_1_props/S_Krant_01.uasset" 1019
"F:/GitHub/SproutScape/SproutScape/Content/Developers/Osa/Models/Level_1_props/S_Krant_01.uexp" 1020
"F:/GitHub/SproutScape/SproutScape/Content/Developers/Osa/Textures/Level_1_props/HondenSpeeltje_texture/T_HondenSpeeltje_D.ubulk" 1021
"F:/GitHub/SproutScape/SproutScape/Content/Developers/Osa/Textures/Level_1_props/HondenSpeeltje_texture/T_HondenSpeeltje_D.uasset" 1022
"F:/GitHub/SproutScape/SproutScape/Content/Developers/Osa/Textures/Level_1_props/HondenSpeeltje_texture/T_HondenSpeeltje_D.uexp" 1023
"F:/GitHub/SproutScape/SproutScape/Content/Developers/Osa/Textures/Level_1_props/HondenSpeeltje_texture/T_HondenSpeeltje_ORM.ubulk" 1024
"F:/GitHub/SproutScape/SproutScape/Content/Developers/Osa/Textures/Level_1_props/HondenSpeeltje_texture/T_HondenSpeeltje_ORM.uasset" 1025
"F:/GitHub/SproutScape/SproutScape/Content/Developers/Osa/Textures/Level_1_props/HondenSpeeltje_texture/T_HondenSpeeltje_ORM.uexp" 1026
"F:/GitHub/SproutScape/SproutScape/Content/Developers/Osa/Textures/Level_1_props/HondenSpeeltje_texture/T_HondenSpeeltje_N.ubulk" 1027
"F:/GitHub/SproutScape/SproutScape/Content/Developers/Osa/Textures/Level_1_props/HondenSpeeltje_texture/T_HondenSpeeltje_N.uasset" 1028
"F:/GitHub/SproutScape/SproutScape/Content/Developers/Osa/Textures/Level_1_props/HondenSpeeltje_texture/T_HondenSpeeltje_N.uexp" 1029
"F:/GitHub/SproutScape/SproutScape/Content/Developers/Osa/Materials/Level_1_props/M_HondenSpeeltje.uasset" 1030
"F:/GitHub/SproutScape/SproutScape/Content/Developers/Osa/Materials/Level_1_props/M_HondenSpeeltje.uexp" 1031
"F:/GitHub/SproutScape/SproutScape/Content/Developers/Osa/Models/Level_1_props/S_HondenSpeeltje_01.ubulk" 1032
"F:/GitHub/SproutScape/SproutScape/Content/Developers/Osa/Models/Level_1_props/S_HondenSpeeltje_01.uasset" 1033
"F:/GitHub/SproutScape/SproutScape/Content/Developers/Osa/Models/Level_1_props/S_HondenSpeeltje_01.uexp" 1034
"F:/GitHub/SproutScape/SproutScape/Content/Developers/Osa/Textures/Level_1_props/HondenMand_texture/T_HondenMandje_ORM.ubulk" 1035
"F:/GitHub/SproutScape/SproutScape/Content/Developers/Osa/Textures/Level_1_props/HondenMand_texture/T_HondenMandje_ORM.uasset" 1036
"F:/GitHub/SproutScape/SproutScape/Content/Developers/Osa/Textures/Level_1_props/HondenMand_texture/T_HondenMandje_ORM.uexp" 1037
"F:/GitHub/SproutScape/SproutScape/Content/Developers/Osa/Textures/Level_1_props/HondenMand_texture/T_HondenMandje_N.ubulk" 1038
"F:/GitHub/SproutScape/SproutScape/Content/Developers/Osa/Textures/Level_1_props/HondenMand_texture/T_HondenMandje_N.uasset" 1039
"F:/GitHub/SproutScape/SproutScape/Content/Developers/Osa/Textures/Level_1_props/HondenMand_texture/T_HondenMandje_N.uexp" 1040
"F:/GitHub/SproutScape/SproutScape/Content/Developers/Osa/Textures/Level_1_props/HondenMand_texture/T_HondenMandje_D.ubulk" 1041
"F:/GitHub/SproutScape/SproutScape/Content/Developers/Osa/Textures/Level_1_props/HondenMand_texture/T_HondenMandje_D.uasset" 1042
"F:/GitHub/SproutScape/SproutScape/Content/Developers/Osa/Textures/Level_1_props/HondenMand_texture/T_HondenMandje_D.uexp" 1043
"F:/GitHub/SproutScape/SproutScape/Content/Developers/Osa/Materials/Level_1_props/M_HondenMand.uasset" 1044
"F:/GitHub/SproutScape/SproutScape/Content/Developers/Osa/Materials/Level_1_props/M_HondenMand.uexp" 1045
"F:/GitHub/SproutScape/SproutScape/Content/Developers/Osa/Models/Level_1_props/S_HondenMandje_01.ubulk" 1046
"F:/GitHub/SproutScape/SproutScape/Content/Developers/Osa/Models/Level_1_props/S_HondenMandje_01.uasset" 1047
"F:/GitHub/SproutScape/SproutScape/Content/Developers/Osa/Models/Level_1_props/S_HondenMandje_01.uexp" 1048
"F:/GitHub/SproutScape/SproutScape/Content/Developers/Osa/Textures/Level_1_props/Doos_texture/T_doos_N.ubulk" 1049
"F:/GitHub/SproutScape/SproutScape/Content/Developers/Osa/Textures/Level_1_props/Doos_texture/T_doos_N.uasset" 1050
"F:/GitHub/SproutScape/SproutScape/Content/Developers/Osa/Textures/Level_1_props/Doos_texture/T_doos_N.uexp" 1051
"F:/GitHub/SproutScape/SproutScape/Content/Developers/Osa/Textures/Level_1_props/Doos_texture/T_Doos_ORM.ubulk" 1052
"F:/GitHub/SproutScape/SproutScape/Content/Developers/Osa/Textures/Level_1_props/Doos_texture/T_Doos_ORM.uasset" 1053
"F:/GitHub/SproutScape/SproutScape/Content/Developers/Osa/Textures/Level_1_props/Doos_texture/T_Doos_ORM.uexp" 1054
"F:/GitHub/SproutScape/SproutScape/Content/Developers/Osa/Textures/Level_1_props/Doos_texture/T_Doos_D.uasset" 1055
"F:/GitHub/SproutScape/SproutScape/Content/Developers/Osa/Textures/Level_1_props/Doos_texture/T_Doos_D.uexp" 1056
"F:/GitHub/SproutScape/SproutScape/Content/Developers/Osa/Materials/Level_1_props/M_Doos.uasset" 1057
"F:/GitHub/SproutScape/SproutScape/Content/Developers/Osa/Materials/Level_1_props/M_Doos.uexp" 1058
"F:/GitHub/SproutScape/SproutScape/Content/Developers/Osa/Models/Level_1_props/S_Doos_01.uasset" 1059
"F:/GitHub/SproutScape/SproutScape/Content/Developers/Osa/Models/Level_1_props/S_Doos_01.uexp" 1060
"F:/GitHub/SproutScape/SproutScape/Content/Developers/Osa/Textures/Level_1_props/Deurmat_texture/T_Deurmat_ORM.ubulk" 1061
"F:/GitHub/SproutScape/SproutScape/Content/Developers/Osa/Textures/Level_1_props/Deurmat_texture/T_Deurmat_ORM.uasset" 1062
"F:/GitHub/SproutScape/SproutScape/Content/Developers/Osa/Textures/Level_1_props/Deurmat_texture/T_Deurmat_ORM.uexp" 1063
"F:/GitHub/SproutScape/SproutScape/Content/Developers/Osa/Textures/Level_1_props/Deurmat_texture/T_Deurmat_N.ubulk" 1064
"F:/GitHub/SproutScape/SproutScape/Content/Developers/Osa/Textures/Level_1_props/Deurmat_texture/T_Deurmat_N.uasset" 1065
"F:/GitHub/SproutScape/SproutScape/Content/Developers/Osa/Textures/Level_1_props/Deurmat_texture/T_Deurmat_N.uexp" 1066
"F:/GitHub/SproutScape/SproutScape/Content/Developers/Osa/Textures/Level_1_props/Deurmat_texture/T_Deurmat_D.ubulk" 1067
"F:/GitHub/SproutScape/SproutScape/Content/Developers/Osa/Textures/Level_1_props/Deurmat_texture/T_Deurmat_D.uasset" 1068
"F:/GitHub/SproutScape/SproutScape/Content/Developers/Osa/Textures/Level_1_props/Deurmat_texture/T_Deurmat_D.uexp" 1069
"F:/GitHub/SproutScape/SproutScape/Content/Developers/Osa/Materials/Level_1_props/M_Deurmat.uasset" 1070
"F:/GitHub/SproutScape/SproutScape/Content/Developers/Osa/Materials/Level_1_props/M_Deurmat.uexp" 1071
"F:/GitHub/SproutScape/SproutScape/Content/Developers/Osa/Models/Level_1_props/S_Deurmat_01.uasset" 1072
"F:/GitHub/SproutScape/SproutScape/Content/Developers/Osa/Models/Level_1_props/S_Deurmat_01.uexp" 1073
"F:/GitHub/SproutScape/SproutScape/Content/Developers/Osa/Textures/Level_1_props/Deegroller_textures/T_Deegroller_N.ubulk" 1074
"F:/GitHub/SproutScape/SproutScape/Content/Developers/Osa/Textures/Level_1_props/Deegroller_textures/T_Deegroller_N.uasset" 1075
"F:/GitHub/SproutScape/SproutScape/Content/Developers/Osa/Textures/Level_1_props/Deegroller_textures/T_Deegroller_N.uexp" 1076
"F:/GitHub/SproutScape/SproutScape/Content/Developers/Osa/Textures/Level_1_props/Deegroller_textures/T_Deegroller_ORM.ubulk" 1077
"F:/GitHub/SproutScape/SproutScape/Content/Developers/Osa/Textures/Level_1_props/Deegroller_textures/T_Deegroller_ORM.uasset" 1078
"F:/GitHub/SproutScape/SproutScape/Content/Developers/Osa/Textures/Level_1_props/Deegroller_textures/T_Deegroller_ORM.uexp" 1079
"F:/GitHub/SproutScape/SproutScape/Content/Developers/Osa/Textures/Level_1_props/Deegroller_textures/T_Deegroller_D.ubulk" 1080
"F:/GitHub/SproutScape/SproutScape/Content/Developers/Osa/Textures/Level_1_props/Deegroller_textures/T_Deegroller_D.uasset" 1081
"F:/GitHub/SproutScape/SproutScape/Content/Developers/Osa/Textures/Level_1_props/Deegroller_textures/T_Deegroller_D.uexp" 1082
"F:/GitHub/SproutScape/SproutScape/Content/Developers/Osa/Materials/Level_1_props/M_Deegroller.uasset" 1083
"F:/GitHub/SproutScape/SproutScape/Content/Developers/Osa/Materials/Level_1_props/M_Deegroller.uexp" 1084
"F:/GitHub/SproutScape/SproutScape/Content/Developers/Osa/Models/Level_1_props/S_Deegroller_01.uasset" 1085
"F:/GitHub/SproutScape/SproutScape/Content/Developers/Osa/Models/Level_1_props/S_Deegroller_01.uexp" 1086
"F:/GitHub/SproutScape/SproutScape/Content/Developers/milad/UI/Menu/Button_Options.uasset" 1087
"F:/GitHub/SproutScape/SproutScape/Content/Developers/milad/UI/Menu/Button_Options.uexp" 1088
"F:/GitHub/SproutScape/SproutScape/Content/Developers/milan/MainMenu/assets/sprites/T_TitelLogo.uasset" 1089
"F:/GitHub/SproutScape/SproutScape/Content/Developers/milan/MainMenu/assets/sprites/T_TitelLogo.uexp" 1090
"F:/GitHub/SproutScape/SproutScape/Content/Developers/milad/UI/Menu/Button_Exit.uasset" 1091
"F:/GitHub/SproutScape/SproutScape/Content/Developers/milad/UI/Menu/Button_Exit.uexp" 1092
"F:/GitHub/SproutScape/SproutScape/Content/Developers/milan/MainMenu/assets/sprites/T_Props_BG.uasset" 1093
"F:/GitHub/SproutScape/SproutScape/Content/Developers/milan/MainMenu/assets/sprites/T_Props_BG.uexp" 1094
"F:/GitHub/SproutScape/SproutScape/Content/Developers/milad/UI/Menu/BackBase1_Menu_UI.uasset" 1095
"F:/GitHub/SproutScape/SproutScape/Content/Developers/milad/UI/Menu/BackBase1_Menu_UI.uexp" 1096
"F:/GitHub/SproutScape/SproutScape/Content/Developers/milan/MainMenu/Audio/SW_ButtonPress.ubulk" 1097
"F:/GitHub/SproutScape/SproutScape/Content/Developers/milan/MainMenu/Audio/SW_ButtonPress.uasset" 1098
"F:/GitHub/SproutScape/SproutScape/Content/Developers/milan/MainMenu/Audio/SW_ButtonPress.uexp" 1099
"F:/GitHub/SproutScape/SproutScape/Content/Developers/milan/MainMenu/assets/sprites/T_Characters.uasset" 1100
"F:/GitHub/SproutScape/SproutScape/Content/Developers/milan/MainMenu/assets/sprites/T_Characters.uexp" 1101
"F:/GitHub/SproutScape/SproutScape/Content/Developers/milad/UI/Menu/BackBase_Menu_Rectangle.uasset" 1102
"F:/GitHub/SproutScape/SproutScape/Content/Developers/milad/UI/Menu/BackBase_Menu_Rectangle.uexp" 1103
"F:/GitHub/SproutScape/SproutScape/Content/Developers/milad/UI/Menu/Arrow_Back_Button.uasset" 1104
"F:/GitHub/SproutScape/SproutScape/Content/Developers/milad/UI/Menu/Arrow_Back_Button.uexp" 1105
"F:/GitHub/SproutScape/SproutScape/Content/Developers/milad/UI/Menu/Find_Game.uasset" 1106
"F:/GitHub/SproutScape/SproutScape/Content/Developers/milad/UI/Menu/Find_Game.uexp" 1107
"F:/GitHub/SproutScape/SproutScape/Content/Developers/milan/Font/Feelin_Teachy_TTF.uexp" 1108
"F:/GitHub/SproutScape/SproutScape/Content/Developers/milan/Font/Feelin_Teachy_TTF.uasset" 1109
"F:/GitHub/SproutScape/SproutScape/Content/Developers/milan/Font/Feelin_Teachy_TTF.ufont" 1110
"F:/GitHub/SproutScape/SproutScape/Content/Developers/milan/Font/Feelin_Teachy_TTF_Font.uasset" 1111
"F:/GitHub/SproutScape/SproutScape/Content/Developers/milan/Font/Feelin_Teachy_TTF_Font.uexp" 1112
"F:/GitHub/SproutScape/SproutScape/Content/Developers/milad/UI/Menu/Join_Game_GameBar.uasset" 1113
"F:/GitHub/SproutScape/SproutScape/Content/Developers/milad/UI/Menu/Join_Game_GameBar.uexp" 1114
"F:/GitHub/SproutScape/SproutScape/Content/Developers/milan/MainMenu/Widgets/WB_ServerBrowserItem_Empty.uasset" 1115
"F:/GitHub/SproutScape/SproutScape/Content/Developers/milan/MainMenu/Widgets/WB_ServerBrowserItem_Empty.uexp" 1116
"F:/GitHub/SproutScape/SproutScape/Content/Developers/milan/MainMenu/Widgets/WB_ServerBrowserItem.uasset" 1117
"F:/GitHub/SproutScape/SproutScape/Content/Developers/milan/MainMenu/Widgets/WB_ServerBrowserItem.uexp" 1118
"F:/GitHub/SproutScape/SproutScape/Content/Developers/milad/UI/Menu/Blue_Button_Icon.uasset" 1119
"F:/GitHub/SproutScape/SproutScape/Content/Developers/milad/UI/Menu/Blue_Button_Icon.uexp" 1120
"F:/GitHub/SproutScape/SproutScape/Content/Developers/milan/MainMenu/Widgets/WB_ServerBrowser.uasset" 1121
"F:/GitHub/SproutScape/SproutScape/Content/Developers/milan/MainMenu/Widgets/WB_ServerBrowser.uexp" 1122
"F:/GitHub/SproutScape/SproutScape/Content/Developers/milan/MainMenu/Audio/SFX_Music.uasset" 1123
"F:/GitHub/SproutScape/SproutScape/Content/Developers/milan/MainMenu/Audio/SFX_Music.uexp" 1124
"F:/GitHub/SproutScape/SproutScape/Content/Developers/milan/MainMenu/Audio/SW_upbeat-cartoon-203275.ubulk" 1125
"F:/GitHub/SproutScape/SproutScape/Content/Developers/milan/MainMenu/Audio/SW_upbeat-cartoon-203275.uasset" 1126
"F:/GitHub/SproutScape/SproutScape/Content/Developers/milan/MainMenu/Audio/SW_upbeat-cartoon-203275.uexp" 1127
"F:/GitHub/SproutScape/SproutScape/Content/Lobby/Blueprints/Lobby/BP_OurGameInstance.uasset" 1128
"F:/GitHub/SproutScape/SproutScape/Content/Lobby/Blueprints/Lobby/BP_OurGameInstance.uexp" 1129
"F:/GitHub/SproutScape/SproutScape/Content/Developers/milad/UI/Menu/Button_Join.uasset" 1130
"F:/GitHub/SproutScape/SproutScape/Content/Developers/milad/UI/Menu/Button_Join.uexp" 1131
"F:/GitHub/SproutScape/SproutScape/Content/Developers/milan/MainMenu/assets/sprites/T_Background.uasset" 1132
"F:/GitHub/SproutScape/SproutScape/Content/Developers/milan/MainMenu/assets/sprites/T_Background.uexp" 1133
"F:/GitHub/SproutScape/SproutScape/Content/Developers/milad/UI/Menu/Create_Game.uasset" 1134
"F:/GitHub/SproutScape/SproutScape/Content/Developers/milad/UI/Menu/Create_Game.uexp" 1135
"F:/GitHub/SproutScape/SproutScape/Content/Developers/milan/MainMenu/Widgets/WB_CreateLobby.uasset" 1136
"F:/GitHub/SproutScape/SproutScape/Content/Developers/milan/MainMenu/Widgets/WB_CreateLobby.uexp" 1137
"F:/GitHub/SproutScape/SproutScape/Content/Developers/milan/MainMenu/assets/PlayerSelection/background.uasset" 1138
"F:/GitHub/SproutScape/SproutScape/Content/Developers/milan/MainMenu/assets/PlayerSelection/background.uexp" 1139
"F:/GitHub/SproutScape/SproutScape/Content/Developers/milan/MainMenu/assets/PlayerSelection/Text_player_1.uasset" 1140
"F:/GitHub/SproutScape/SproutScape/Content/Developers/milan/MainMenu/assets/PlayerSelection/Text_player_1.uexp" 1141
"F:/GitHub/SproutScape/SproutScape/Content/Developers/milan/MainMenu/assets/PlayerSelection/Text_player_2.uasset" 1142
"F:/GitHub/SproutScape/SproutScape/Content/Developers/milan/MainMenu/assets/PlayerSelection/Text_player_2.uexp" 1143
"F:/GitHub/SproutScape/SproutScape/Content/Developers/milan/MainMenu/assets/PlayerSelection/StartButton_pressed.uasset" 1144
"F:/GitHub/SproutScape/SproutScape/Content/Developers/milan/MainMenu/assets/PlayerSelection/StartButton_pressed.uexp" 1145
"F:/GitHub/SproutScape/SproutScape/Content/Developers/milan/MainMenu/assets/PlayerSelection/player_2D_Unselected.uasset" 1146
"F:/GitHub/SproutScape/SproutScape/Content/Developers/milan/MainMenu/assets/PlayerSelection/player_2D_Unselected.uexp" 1147
"F:/GitHub/SproutScape/SproutScape/Content/Developers/milan/MainMenu/assets/PlayerSelection/player_3D_Selected.uasset" 1148
"F:/GitHub/SproutScape/SproutScape/Content/Developers/milan/MainMenu/assets/PlayerSelection/player_3D_Selected.uexp" 1149
"F:/GitHub/SproutScape/SproutScape/Content/Developers/milan/MainMenu/assets/PlayerSelection/Startbutton_unpressed.uasset" 1150
"F:/GitHub/SproutScape/SproutScape/Content/Developers/milan/MainMenu/assets/PlayerSelection/Startbutton_unpressed.uexp" 1151
"F:/GitHub/SproutScape/SproutScape/Content/Developers/milad/UI/Map/Map_Level_1.uasset" 1152
"F:/GitHub/SproutScape/SproutScape/Content/Developers/milad/UI/Map/Map_Level_1.uexp" 1153
"F:/GitHub/SproutScape/SproutScape/Content/Developers/milad/UI/Map/Map_Level_2.uasset" 1154
"F:/GitHub/SproutScape/SproutScape/Content/Developers/milad/UI/Map/Map_Level_2.uexp" 1155
"F:/GitHub/SproutScape/SproutScape/Content/Developers/milad/UI/Map/Map_Level_3.uasset" 1156
"F:/GitHub/SproutScape/SproutScape/Content/Developers/milad/UI/Map/Map_Level_3.uexp" 1157
"F:/GitHub/SproutScape/SproutScape/Content/Developers/milad/UI/Map/Map_Level_4.uasset" 1158
"F:/GitHub/SproutScape/SproutScape/Content/Developers/milad/UI/Map/Map_Level_4.uexp" 1159
"F:/GitHub/SproutScape/SproutScape/Content/Developers/milan/MainMenu/BP/BP_SPROUTSCAPEGameInstance.uasset" 1160
"F:/GitHub/SproutScape/SproutScape/Content/Developers/milan/MainMenu/BP/BP_SPROUTSCAPEGameInstance.uexp" 1161
"F:/GitHub/SproutScape/SproutScape/Content/Developers/milad/UI/Map/Map_Level_1_Selected.uasset" 1162
"F:/GitHub/SproutScape/SproutScape/Content/Developers/milad/UI/Map/Map_Level_1_Selected.uexp" 1163
"F:/GitHub/SproutScape/SproutScape/Content/Developers/milad/UI/Map/Map_Level_2_Selected.uasset" 1164
"F:/GitHub/SproutScape/SproutScape/Content/Developers/milad/UI/Map/Map_Level_2_Selected.uexp" 1165
"F:/GitHub/SproutScape/SproutScape/Content/Developers/milan/MainMenu/assets/T_LvlSelect_Map.uasset" 1166
"F:/GitHub/SproutScape/SproutScape/Content/Developers/milan/MainMenu/assets/T_LvlSelect_Map.uexp" 1167
"F:/GitHub/SproutScape/SproutScape/Content/Developers/milad/UI/Map/Map_Level_3_Selected.uasset" 1168
"F:/GitHub/SproutScape/SproutScape/Content/Developers/milad/UI/Map/Map_Level_3_Selected.uexp" 1169
"F:/GitHub/SproutScape/SproutScape/Content/Developers/milad/UI/Map/Map_Level_4_Selected.uasset" 1170
"F:/GitHub/SproutScape/SproutScape/Content/Developers/milad/UI/Map/Map_Level_4_Selected.uexp" 1171
"F:/GitHub/SproutScape/SproutScape/Content/Developers/milan/MainMenu/Widgets/WB_LvlSelect.uasset" 1172
"F:/GitHub/SproutScape/SproutScape/Content/Developers/milan/MainMenu/Widgets/WB_LvlSelect.uexp" 1173
"F:/GitHub/SproutScape/SproutScape/Content/Developers/milan/MainMenu/assets/PlayerSelection/player_2D_Selected.uasset" 1174
"F:/GitHub/SproutScape/SproutScape/Content/Developers/milan/MainMenu/assets/PlayerSelection/player_2D_Selected.uexp" 1175
"F:/GitHub/SproutScape/SproutScape/Content/Developers/milan/MainMenu/assets/PlayerSelection/player_3D_Unselected.uasset" 1176
"F:/GitHub/SproutScape/SproutScape/Content/Developers/milan/MainMenu/assets/PlayerSelection/player_3D_Unselected.uexp" 1177
"F:/GitHub/SproutScape/SproutScape/Content/Developers/milan/MainMenu/Widgets/WB_Multyplayer_Lobby.uasset" 1178
"F:/GitHub/SproutScape/SproutScape/Content/Developers/milan/MainMenu/Widgets/WB_Multyplayer_Lobby.uexp" 1179
"F:/GitHub/SproutScape/SproutScape/Content/Developers/milan/MainMenu/assets/sprites/FG_Leaf_1.uasset" 1180
"F:/GitHub/SproutScape/SproutScape/Content/Developers/milan/MainMenu/assets/sprites/FG_Leaf_1.uexp" 1181
"F:/GitHub/SproutScape/SproutScape/Content/Developers/milan/MainMenu/assets/sprites/FG_Leaf_2.uasset" 1182
"F:/GitHub/SproutScape/SproutScape/Content/Developers/milan/MainMenu/assets/sprites/FG_Leaf_2.uexp" 1183
"F:/GitHub/SproutScape/SproutScape/Content/Developers/milan/MainMenu/assets/sprites/T_Props_FG.uasset" 1184
"F:/GitHub/SproutScape/SproutScape/Content/Developers/milan/MainMenu/assets/sprites/T_Props_FG.uexp" 1185
"F:/GitHub/SproutScape/SproutScape/Content/Developers/milan/MainMenu/assets/sprites/T_StartText.uasset" 1186
"F:/GitHub/SproutScape/SproutScape/Content/Developers/milan/MainMenu/assets/sprites/T_StartText.uexp" 1187
"F:/GitHub/SproutScape/SproutScape/Content/Developers/milan/MainMenu/Audio/SFX_Ambience.uasset" 1188
"F:/GitHub/SproutScape/SproutScape/Content/Developers/milan/MainMenu/Audio/SFX_Ambience.uexp" 1189
"F:/GitHub/SproutScape/SproutScape/Content/Developers/milan/MainMenu/Audio/SFX_VFX.uasset" 1190
"F:/GitHub/SproutScape/SproutScape/Content/Developers/milan/MainMenu/Audio/SFX_VFX.uexp" 1191
"F:/GitHub/SproutScape/SproutScape/Content/Developers/milan/MainMenu/Audio/MainSoundsMix.uasset" 1192
"F:/GitHub/SproutScape/SproutScape/Content/Developers/milan/MainMenu/Audio/MainSoundsMix.uexp" 1193
"F:/GitHub/SproutScape/SproutScape/Content/Developers/milan/MainMenu/Widgets/WB_OptionsMenu.uasset" 1194
"F:/GitHub/SproutScape/SproutScape/Content/Developers/milan/MainMenu/Widgets/WB_OptionsMenu.uexp" 1195
"F:/GitHub/SproutScape/SproutScape/Content/Developers/milad/UI/Menu/Button_Host.uasset" 1196
"F:/GitHub/SproutScape/SproutScape/Content/Developers/milad/UI/Menu/Button_Host.uexp" 1197
"F:/GitHub/SproutScape/SproutScape/Content/Developers/milan/MainMenu/WB_Mainmenu.uasset" 1198
"F:/GitHub/SproutScape/SproutScape/Content/Developers/milan/MainMenu/WB_Mainmenu.uexp" 1199
"F:/GitHub/SproutScape/SproutScape/Content/Developers/milan/2DParalaxMAP/Tilesets/level_1_mid_ground_TileSet.uasset" 1200
"F:/GitHub/SproutScape/SproutScape/Content/Developers/milan/2DParalaxMAP/Tilesets/level_1_mid_ground_TileSet.uexp" 1201
"F:/GitHub/SproutScape/SproutScape/Content/Developers/milan/2DParalaxMAP/PNGs/level_1_background.uasset" 1202
"F:/GitHub/SproutScape/SproutScape/Content/Developers/milan/2DParalaxMAP/PNGs/level_1_background.uexp" 1203
"F:/GitHub/SproutScape/SproutScape/Content/Developers/milan/2DParalaxMAP/Tilesets/level_1_background_TileSet.uasset" 1204
"F:/GitHub/SproutScape/SproutScape/Content/Developers/milan/2DParalaxMAP/Tilesets/level_1_background_TileSet.uexp" 1205
"F:/GitHub/SproutScape/SproutScape/Content/Developers/milan/2DParalaxMAP/Maplvl_1_BG.uasset" 1206
"F:/GitHub/SproutScape/SproutScape/Content/Developers/milan/2DParalaxMAP/Maplvl_1_BG.uexp" 1207
"F:/GitHub/SproutScape/SproutScape/Content/Developers/milan/2DParalaxMAP/NewBlueprint.uasset" 1208
"F:/GitHub/SproutScape/SproutScape/Content/Developers/milan/2DParalaxMAP/NewBlueprint.uexp" 1209
"F:/GitHub/SproutScape/SproutScape/Content/Developers/milad/Background_Washbot/WashBot_00117.uasset" 1210
"F:/GitHub/SproutScape/SproutScape/Content/Developers/milad/Background_Washbot/WashBot_00117.uexp" 1211
"F:/GitHub/SproutScape/SproutScape/Content/Developers/milad/Background_Washbot/WashBot_00116.uasset" 1212
"F:/GitHub/SproutScape/SproutScape/Content/Developers/milad/Background_Washbot/WashBot_00116.uexp" 1213
"F:/GitHub/SproutScape/SproutScape/Content/Developers/milad/Background_Washbot/WashBot_00115.uasset" 1214
"F:/GitHub/SproutScape/SproutScape/Content/Developers/milad/Background_Washbot/WashBot_00115.uexp" 1215
"F:/GitHub/SproutScape/SproutScape/Content/Developers/milad/Background_Washbot/WashBot_00114.uasset" 1216
"F:/GitHub/SproutScape/SproutScape/Content/Developers/milad/Background_Washbot/WashBot_00114.uexp" 1217
"F:/GitHub/SproutScape/SproutScape/Content/Developers/milad/Background_Washbot/WashBot_00113.uasset" 1218
"F:/GitHub/SproutScape/SproutScape/Content/Developers/milad/Background_Washbot/WashBot_00113.uexp" 1219
"F:/GitHub/SproutScape/SproutScape/Content/Developers/milad/Background_Washbot/WashBot_00112.uasset" 1220
"F:/GitHub/SproutScape/SproutScape/Content/Developers/milad/Background_Washbot/WashBot_00112.uexp" 1221
"F:/GitHub/SproutScape/SproutScape/Content/Developers/milad/Background_Washbot/WashBot_00111.uasset" 1222
"F:/GitHub/SproutScape/SproutScape/Content/Developers/milad/Background_Washbot/WashBot_00111.uexp" 1223
"F:/GitHub/SproutScape/SproutScape/Content/Developers/milad/Background_Washbot/WashBot_00110.uasset" 1224
"F:/GitHub/SproutScape/SproutScape/Content/Developers/milad/Background_Washbot/WashBot_00110.uexp" 1225
"F:/GitHub/SproutScape/SproutScape/Content/Developers/milad/Background_Washbot/WashBot_00109.uasset" 1226
"F:/GitHub/SproutScape/SproutScape/Content/Developers/milad/Background_Washbot/WashBot_00109.uexp" 1227
"F:/GitHub/SproutScape/SproutScape/Content/Developers/milad/Background_Washbot/WashBot_00108.uasset" 1228
"F:/GitHub/SproutScape/SproutScape/Content/Developers/milad/Background_Washbot/WashBot_00108.uexp" 1229
"F:/GitHub/SproutScape/SproutScape/Content/Developers/milad/Background_Washbot/WashBot_00107.uasset" 1230
"F:/GitHub/SproutScape/SproutScape/Content/Developers/milad/Background_Washbot/WashBot_00107.uexp" 1231
"F:/GitHub/SproutScape/SproutScape/Content/Developers/milad/Background_Washbot/WashBot_00106.uasset" 1232
"F:/GitHub/SproutScape/SproutScape/Content/Developers/milad/Background_Washbot/WashBot_00106.uexp" 1233
"F:/GitHub/SproutScape/SproutScape/Content/Developers/milad/Background_Washbot/WashBot_00105.uasset" 1234
"F:/GitHub/SproutScape/SproutScape/Content/Developers/milad/Background_Washbot/WashBot_00105.uexp" 1235
"F:/GitHub/SproutScape/SproutScape/Content/Developers/milad/Background_Washbot/WashBot_00104.uasset" 1236
"F:/GitHub/SproutScape/SproutScape/Content/Developers/milad/Background_Washbot/WashBot_00104.uexp" 1237
"F:/GitHub/SproutScape/SproutScape/Content/Developers/milad/Background_Washbot/WashBot_00103.uasset" 1238
"F:/GitHub/SproutScape/SproutScape/Content/Developers/milad/Background_Washbot/WashBot_00103.uexp" 1239
"F:/GitHub/SproutScape/SproutScape/Content/Developers/milad/Background_Washbot/WashBot_00102.uasset" 1240
"F:/GitHub/SproutScape/SproutScape/Content/Developers/milad/Background_Washbot/WashBot_00102.uexp" 1241
"F:/GitHub/SproutScape/SproutScape/Content/Developers/milad/Background_Washbot/WashBot_00101.uasset" 1242
"F:/GitHub/SproutScape/SproutScape/Content/Developers/milad/Background_Washbot/WashBot_00101.uexp" 1243
"F:/GitHub/SproutScape/SproutScape/Content/Developers/milad/Background_Washbot/WashBot_00100.uasset" 1244
"F:/GitHub/SproutScape/SproutScape/Content/Developers/milad/Background_Washbot/WashBot_00100.uexp" 1245
"F:/GitHub/SproutScape/SproutScape/Content/Developers/milad/Background_Washbot/WashBot_00099.uasset" 1246
"F:/GitHub/SproutScape/SproutScape/Content/Developers/milad/Background_Washbot/WashBot_00099.uexp" 1247
"F:/GitHub/SproutScape/SproutScape/Content/Developers/milad/Background_Washbot/WashBot_00098.uasset" 1248
"F:/GitHub/SproutScape/SproutScape/Content/Developers/milad/Background_Washbot/WashBot_00098.uexp" 1249
"F:/GitHub/SproutScape/SproutScape/Content/Developers/milad/Background_Washbot/WashBot_00097.uasset" 1250
"F:/GitHub/SproutScape/SproutScape/Content/Developers/milad/Background_Washbot/WashBot_00097.uexp" 1251
"F:/GitHub/SproutScape/SproutScape/Content/Developers/milad/Background_Washbot/WashBot_00096.uasset" 1252
"F:/GitHub/SproutScape/SproutScape/Content/Developers/milad/Background_Washbot/WashBot_00096.uexp" 1253
"F:/GitHub/SproutScape/SproutScape/Content/Developers/milad/Background_Washbot/WashBot_00095.uasset" 1254
"F:/GitHub/SproutScape/SproutScape/Content/Developers/milad/Background_Washbot/WashBot_00095.uexp" 1255
"F:/GitHub/SproutScape/SproutScape/Content/Developers/milad/Background_Washbot/WashBot_00094.uasset" 1256
"F:/GitHub/SproutScape/SproutScape/Content/Developers/milad/Background_Washbot/WashBot_00094.uexp" 1257
"F:/GitHub/SproutScape/SproutScape/Content/Developers/milad/Background_Washbot/WashBot_00093.uasset" 1258
"F:/GitHub/SproutScape/SproutScape/Content/Developers/milad/Background_Washbot/WashBot_00093.uexp" 1259
"F:/GitHub/SproutScape/SproutScape/Content/Developers/milad/Background_Washbot/WashBot_00092.uasset" 1260
"F:/GitHub/SproutScape/SproutScape/Content/Developers/milad/Background_Washbot/WashBot_00092.uexp" 1261
"F:/GitHub/SproutScape/SproutScape/Content/Developers/milad/Background_Washbot/WashBot_00091.uasset" 1262
"F:/GitHub/SproutScape/SproutScape/Content/Developers/milad/Background_Washbot/WashBot_00091.uexp" 1263
"F:/GitHub/SproutScape/SproutScape/Content/Developers/milad/Background_Washbot/WashBot_00090.uasset" 1264
"F:/GitHub/SproutScape/SproutScape/Content/Developers/milad/Background_Washbot/WashBot_00090.uexp" 1265
"F:/GitHub/SproutScape/SproutScape/Content/Developers/milad/Background_Washbot/WashBot_00089.uasset" 1266
"F:/GitHub/SproutScape/SproutScape/Content/Developers/milad/Background_Washbot/WashBot_00089.uexp" 1267
"F:/GitHub/SproutScape/SproutScape/Content/Developers/milad/Background_Washbot/WashBot_00088.uasset" 1268
"F:/GitHub/SproutScape/SproutScape/Content/Developers/milad/Background_Washbot/WashBot_00088.uexp" 1269
"F:/GitHub/SproutScape/SproutScape/Content/Developers/milad/Background_Washbot/WashBot_00087.uasset" 1270
"F:/GitHub/SproutScape/SproutScape/Content/Developers/milad/Background_Washbot/WashBot_00087.uexp" 1271
"F:/GitHub/SproutScape/SproutScape/Content/Developers/milad/Background_Washbot/WashBot_00086.uasset" 1272
"F:/GitHub/SproutScape/SproutScape/Content/Developers/milad/Background_Washbot/WashBot_00086.uexp" 1273
"F:/GitHub/SproutScape/SproutScape/Content/Developers/milad/Background_Washbot/WashBot_00085.uasset" 1274
"F:/GitHub/SproutScape/SproutScape/Content/Developers/milad/Background_Washbot/WashBot_00085.uexp" 1275
"F:/GitHub/SproutScape/SproutScape/Content/Developers/milad/Background_Washbot/WashBot_00084.uasset" 1276
"F:/GitHub/SproutScape/SproutScape/Content/Developers/milad/Background_Washbot/WashBot_00084.uexp" 1277
"F:/GitHub/SproutScape/SproutScape/Content/Developers/milad/Background_Washbot/WashBot_00083.uasset" 1278
"F:/GitHub/SproutScape/SproutScape/Content/Developers/milad/Background_Washbot/WashBot_00083.uexp" 1279
"F:/GitHub/SproutScape/SproutScape/Content/Developers/milad/Background_Washbot/WashBot_00082.uasset" 1280
"F:/GitHub/SproutScape/SproutScape/Content/Developers/milad/Background_Washbot/WashBot_00082.uexp" 1281
"F:/GitHub/SproutScape/SproutScape/Content/Developers/milad/Background_Washbot/WashBot_00081.uasset" 1282
"F:/GitHub/SproutScape/SproutScape/Content/Developers/milad/Background_Washbot/WashBot_00081.uexp" 1283
"F:/GitHub/SproutScape/SproutScape/Content/Developers/milad/Background_Washbot/WashBot_00080.uasset" 1284
"F:/GitHub/SproutScape/SproutScape/Content/Developers/milad/Background_Washbot/WashBot_00080.uexp" 1285
"F:/GitHub/SproutScape/SproutScape/Content/Developers/milad/Background_Washbot/WashBot_00079.uasset" 1286
"F:/GitHub/SproutScape/SproutScape/Content/Developers/milad/Background_Washbot/WashBot_00079.uexp" 1287
"F:/GitHub/SproutScape/SproutScape/Content/Developers/milad/Background_Washbot/WashBot_00078.uasset" 1288
"F:/GitHub/SproutScape/SproutScape/Content/Developers/milad/Background_Washbot/WashBot_00078.uexp" 1289
"F:/GitHub/SproutScape/SproutScape/Content/Developers/milad/Background_Washbot/WashBot_00077.uasset" 1290
"F:/GitHub/SproutScape/SproutScape/Content/Developers/milad/Background_Washbot/WashBot_00077.uexp" 1291
"F:/GitHub/SproutScape/SproutScape/Content/Developers/milad/Background_Washbot/WashBot_00076.uasset" 1292
"F:/GitHub/SproutScape/SproutScape/Content/Developers/milad/Background_Washbot/WashBot_00076.uexp" 1293
"F:/GitHub/SproutScape/SproutScape/Content/Developers/milad/Background_Washbot/WashBot_00075.uasset" 1294
"F:/GitHub/SproutScape/SproutScape/Content/Developers/milad/Background_Washbot/WashBot_00075.uexp" 1295
"F:/GitHub/SproutScape/SproutScape/Content/Developers/milad/Background_Washbot/WashBot_00074.uasset" 1296
"F:/GitHub/SproutScape/SproutScape/Content/Developers/milad/Background_Washbot/WashBot_00074.uexp" 1297
"F:/GitHub/SproutScape/SproutScape/Content/Developers/milad/Background_Washbot/WashBot_00073.uasset" 1298
"F:/GitHub/SproutScape/SproutScape/Content/Developers/milad/Background_Washbot/WashBot_00073.uexp" 1299
"F:/GitHub/SproutScape/SproutScape/Content/Developers/milad/Background_Washbot/WashBot_00072.uasset" 1300
"F:/GitHub/SproutScape/SproutScape/Content/Developers/milad/Background_Washbot/WashBot_00072.uexp" 1301
"F:/GitHub/SproutScape/SproutScape/Content/Developers/milad/Background_Washbot/WashBot_00071.uasset" 1302
"F:/GitHub/SproutScape/SproutScape/Content/Developers/milad/Background_Washbot/WashBot_00071.uexp" 1303
"F:/GitHub/SproutScape/SproutScape/Content/Developers/milad/Background_Washbot/WashBot_00070.uasset" 1304
"F:/GitHub/SproutScape/SproutScape/Content/Developers/milad/Background_Washbot/WashBot_00070.uexp" 1305
"F:/GitHub/SproutScape/SproutScape/Content/Developers/milad/Background_Washbot/WashBot_00069.uasset" 1306
"F:/GitHub/SproutScape/SproutScape/Content/Developers/milad/Background_Washbot/WashBot_00069.uexp" 1307
"F:/GitHub/SproutScape/SproutScape/Content/Developers/milad/Background_Washbot/WashBot_00068.uasset" 1308
"F:/GitHub/SproutScape/SproutScape/Content/Developers/milad/Background_Washbot/WashBot_00068.uexp" 1309
"F:/GitHub/SproutScape/SproutScape/Content/Developers/milad/Background_Washbot/WashBot_00067.uasset" 1310
"F:/GitHub/SproutScape/SproutScape/Content/Developers/milad/Background_Washbot/WashBot_00067.uexp" 1311
"F:/GitHub/SproutScape/SproutScape/Content/Developers/milad/Background_Washbot/WashBot_00066.uasset" 1312
"F:/GitHub/SproutScape/SproutScape/Content/Developers/milad/Background_Washbot/WashBot_00066.uexp" 1313
"F:/GitHub/SproutScape/SproutScape/Content/Developers/milad/Background_Washbot/WashBot_00065.uasset" 1314
"F:/GitHub/SproutScape/SproutScape/Content/Developers/milad/Background_Washbot/WashBot_00065.uexp" 1315
"F:/GitHub/SproutScape/SproutScape/Content/Developers/milad/Background_Washbot/WashBot_00064.uasset" 1316
"F:/GitHub/SproutScape/SproutScape/Content/Developers/milad/Background_Washbot/WashBot_00064.uexp" 1317
"F:/GitHub/SproutScape/SproutScape/Content/Developers/milad/Background_Washbot/WashBot_00063.uasset" 1318
"F:/GitHub/SproutScape/SproutScape/Content/Developers/milad/Background_Washbot/WashBot_00063.uexp" 1319
"F:/GitHub/SproutScape/SproutScape/Content/Developers/milad/Background_Washbot/WashBot_00062.uasset" 1320
"F:/GitHub/SproutScape/SproutScape/Content/Developers/milad/Background_Washbot/WashBot_00062.uexp" 1321
"F:/GitHub/SproutScape/SproutScape/Content/Developers/milad/Background_Washbot/WashBot_00061.uasset" 1322
"F:/GitHub/SproutScape/SproutScape/Content/Developers/milad/Background_Washbot/WashBot_00061.uexp" 1323
"F:/GitHub/SproutScape/SproutScape/Content/Developers/milad/Background_Washbot/WashBot_00060.uasset" 1324
"F:/GitHub/SproutScape/SproutScape/Content/Developers/milad/Background_Washbot/WashBot_00060.uexp" 1325
"F:/GitHub/SproutScape/SproutScape/Content/Developers/milad/Background_Washbot/WashBot_00059.uasset" 1326
"F:/GitHub/SproutScape/SproutScape/Content/Developers/milad/Background_Washbot/WashBot_00059.uexp" 1327
"F:/GitHub/SproutScape/SproutScape/Content/Developers/milad/Background_Washbot/WashBot_00058.uasset" 1328
"F:/GitHub/SproutScape/SproutScape/Content/Developers/milad/Background_Washbot/WashBot_00058.uexp" 1329
"F:/GitHub/SproutScape/SproutScape/Content/Developers/milad/Background_Washbot/WashBot_00057.uasset" 1330
"F:/GitHub/SproutScape/SproutScape/Content/Developers/milad/Background_Washbot/WashBot_00057.uexp" 1331
"F:/GitHub/SproutScape/SproutScape/Content/Developers/milad/Background_Washbot/WashBot_00056.uasset" 1332
"F:/GitHub/SproutScape/SproutScape/Content/Developers/milad/Background_Washbot/WashBot_00056.uexp" 1333
"F:/GitHub/SproutScape/SproutScape/Content/Developers/milad/Background_Washbot/WashBot_00055.uasset" 1334
"F:/GitHub/SproutScape/SproutScape/Content/Developers/milad/Background_Washbot/WashBot_00055.uexp" 1335
"F:/GitHub/SproutScape/SproutScape/Content/Developers/milad/Background_Washbot/WashBot_00054.uasset" 1336
"F:/GitHub/SproutScape/SproutScape/Content/Developers/milad/Background_Washbot/WashBot_00054.uexp" 1337
"F:/GitHub/SproutScape/SproutScape/Content/Developers/milad/Background_Washbot/WashBot_00053.uasset" 1338
"F:/GitHub/SproutScape/SproutScape/Content/Developers/milad/Background_Washbot/WashBot_00053.uexp" 1339
"F:/GitHub/SproutScape/SproutScape/Content/Developers/milad/Background_Washbot/WashBot_00052.uasset" 1340
"F:/GitHub/SproutScape/SproutScape/Content/Developers/milad/Background_Washbot/WashBot_00052.uexp" 1341
"F:/GitHub/SproutScape/SproutScape/Content/Developers/milad/Background_Washbot/WashBot_00051.uasset" 1342
"F:/GitHub/SproutScape/SproutScape/Content/Developers/milad/Background_Washbot/WashBot_00051.uexp" 1343
"F:/GitHub/SproutScape/SproutScape/Content/Developers/milad/Background_Washbot/WashBot_00050.uasset" 1344
"F:/GitHub/SproutScape/SproutScape/Content/Developers/milad/Background_Washbot/WashBot_00050.uexp" 1345
"F:/GitHub/SproutScape/SproutScape/Content/Developers/milad/Background_Washbot/WashBot_00049.uasset" 1346
"F:/GitHub/SproutScape/SproutScape/Content/Developers/milad/Background_Washbot/WashBot_00049.uexp" 1347
"F:/GitHub/SproutScape/SproutScape/Content/Developers/milad/Background_Washbot/WashBot_00048.uasset" 1348
"F:/GitHub/SproutScape/SproutScape/Content/Developers/milad/Background_Washbot/WashBot_00048.uexp" 1349
"F:/GitHub/SproutScape/SproutScape/Content/Developers/milad/Background_Washbot/WashBot_00047.uasset" 1350
"F:/GitHub/SproutScape/SproutScape/Content/Developers/milad/Background_Washbot/WashBot_00047.uexp" 1351
"F:/GitHub/SproutScape/SproutScape/Content/Developers/milad/Background_Washbot/WashBot_00046.uasset" 1352
"F:/GitHub/SproutScape/SproutScape/Content/Developers/milad/Background_Washbot/WashBot_00046.uexp" 1353
"F:/GitHub/SproutScape/SproutScape/Content/Developers/milad/Background_Washbot/WashBot_00045.uasset" 1354
"F:/GitHub/SproutScape/SproutScape/Content/Developers/milad/Background_Washbot/WashBot_00045.uexp" 1355
"F:/GitHub/SproutScape/SproutScape/Content/Developers/milad/Background_Washbot/WashBot_00044.uasset" 1356
"F:/GitHub/SproutScape/SproutScape/Content/Developers/milad/Background_Washbot/WashBot_00044.uexp" 1357
"F:/GitHub/SproutScape/SproutScape/Content/Developers/milad/Background_Washbot/WashBot_00043.uasset" 1358
"F:/GitHub/SproutScape/SproutScape/Content/Developers/milad/Background_Washbot/WashBot_00043.uexp" 1359
"F:/GitHub/SproutScape/SproutScape/Content/Developers/milad/Background_Washbot/WashBot_00042.uasset" 1360
"F:/GitHub/SproutScape/SproutScape/Content/Developers/milad/Background_Washbot/WashBot_00042.uexp" 1361
"F:/GitHub/SproutScape/SproutScape/Content/Developers/milad/Background_Washbot/WashBot_00041.uasset" 1362
"F:/GitHub/SproutScape/SproutScape/Content/Developers/milad/Background_Washbot/WashBot_00041.uexp" 1363
"F:/GitHub/SproutScape/SproutScape/Content/Developers/milad/Background_Washbot/WashBot_00040.uasset" 1364
"F:/GitHub/SproutScape/SproutScape/Content/Developers/milad/Background_Washbot/WashBot_00040.uexp" 1365
"F:/GitHub/SproutScape/SproutScape/Content/Developers/milad/Background_Washbot/WashBot_00039.uasset" 1366
"F:/GitHub/SproutScape/SproutScape/Content/Developers/milad/Background_Washbot/WashBot_00039.uexp" 1367
"F:/GitHub/SproutScape/SproutScape/Content/Developers/milad/Background_Washbot/WashBot_00038.uasset" 1368
"F:/GitHub/SproutScape/SproutScape/Content/Developers/milad/Background_Washbot/WashBot_00038.uexp" 1369
"F:/GitHub/SproutScape/SproutScape/Content/Developers/milad/Background_Washbot/WashBot_00037.uasset" 1370
"F:/GitHub/SproutScape/SproutScape/Content/Developers/milad/Background_Washbot/WashBot_00037.uexp" 1371
"F:/GitHub/SproutScape/SproutScape/Content/Developers/milad/Background_Washbot/WashBot_00036.uasset" 1372
"F:/GitHub/SproutScape/SproutScape/Content/Developers/milad/Background_Washbot/WashBot_00036.uexp" 1373
"F:/GitHub/SproutScape/SproutScape/Content/Developers/milad/Background_Washbot/WashBot_00035.uasset" 1374
"F:/GitHub/SproutScape/SproutScape/Content/Developers/milad/Background_Washbot/WashBot_00035.uexp" 1375
"F:/GitHub/SproutScape/SproutScape/Content/Developers/milad/Background_Washbot/WashBot_00034.uasset" 1376
"F:/GitHub/SproutScape/SproutScape/Content/Developers/milad/Background_Washbot/WashBot_00034.uexp" 1377
"F:/GitHub/SproutScape/SproutScape/Content/Developers/milad/Background_Washbot/WashBot_00033.uasset" 1378
"F:/GitHub/SproutScape/SproutScape/Content/Developers/milad/Background_Washbot/WashBot_00033.uexp" 1379
"F:/GitHub/SproutScape/SproutScape/Content/Developers/milad/Background_Washbot/WashBot_00032.uasset" 1380
"F:/GitHub/SproutScape/SproutScape/Content/Developers/milad/Background_Washbot/WashBot_00032.uexp" 1381
"F:/GitHub/SproutScape/SproutScape/Content/Developers/milad/Background_Washbot/WashBot_00031.uasset" 1382
"F:/GitHub/SproutScape/SproutScape/Content/Developers/milad/Background_Washbot/WashBot_00031.uexp" 1383
"F:/GitHub/SproutScape/SproutScape/Content/Developers/milad/Background_Washbot/WashBot_00030.uasset" 1384
"F:/GitHub/SproutScape/SproutScape/Content/Developers/milad/Background_Washbot/WashBot_00030.uexp" 1385
"F:/GitHub/SproutScape/SproutScape/Content/Developers/milad/Background_Washbot/WashBot_00029.uasset" 1386
"F:/GitHub/SproutScape/SproutScape/Content/Developers/milad/Background_Washbot/WashBot_00029.uexp" 1387
"F:/GitHub/SproutScape/SproutScape/Content/Developers/milad/Background_Washbot/WashBot_00028.uasset" 1388
"F:/GitHub/SproutScape/SproutScape/Content/Developers/milad/Background_Washbot/WashBot_00028.uexp" 1389
"F:/GitHub/SproutScape/SproutScape/Content/Developers/milad/Background_Washbot/WashBot_00027.uasset" 1390
"F:/GitHub/SproutScape/SproutScape/Content/Developers/milad/Background_Washbot/WashBot_00027.uexp" 1391
"F:/GitHub/SproutScape/SproutScape/Content/Developers/milad/Background_Washbot/WashBot_00026.uasset" 1392
"F:/GitHub/SproutScape/SproutScape/Content/Developers/milad/Background_Washbot/WashBot_00026.uexp" 1393
"F:/GitHub/SproutScape/SproutScape/Content/Developers/milad/Background_Washbot/WashBot_00025.uasset" 1394
"F:/GitHub/SproutScape/SproutScape/Content/Developers/milad/Background_Washbot/WashBot_00025.uexp" 1395
"F:/GitHub/SproutScape/SproutScape/Content/Developers/milad/Background_Washbot/WashBot_00024.uasset" 1396
"F:/GitHub/SproutScape/SproutScape/Content/Developers/milad/Background_Washbot/WashBot_00024.uexp" 1397
"F:/GitHub/SproutScape/SproutScape/Content/Developers/milad/Background_Washbot/WashBot_00023.uasset" 1398
"F:/GitHub/SproutScape/SproutScape/Content/Developers/milad/Background_Washbot/WashBot_00023.uexp" 1399
"F:/GitHub/SproutScape/SproutScape/Content/Developers/milad/Background_Washbot/WashBot_00022.uasset" 1400
"F:/GitHub/SproutScape/SproutScape/Content/Developers/milad/Background_Washbot/WashBot_00022.uexp" 1401
"F:/GitHub/SproutScape/SproutScape/Content/Developers/milad/Background_Washbot/WashBot_00021.uasset" 1402
"F:/GitHub/SproutScape/SproutScape/Content/Developers/milad/Background_Washbot/WashBot_00021.uexp" 1403
"F:/GitHub/SproutScape/SproutScape/Content/Developers/milad/Background_Washbot/WashBot_00020.uasset" 1404
"F:/GitHub/SproutScape/SproutScape/Content/Developers/milad/Background_Washbot/WashBot_00020.uexp" 1405
"F:/GitHub/SproutScape/SproutScape/Content/Developers/milad/Background_Washbot/WashBot_00019.uasset" 1406
"F:/GitHub/SproutScape/SproutScape/Content/Developers/milad/Background_Washbot/WashBot_00019.uexp" 1407
"F:/GitHub/SproutScape/SproutScape/Content/Developers/milad/Background_Washbot/WashBot_00018.uasset" 1408
"F:/GitHub/SproutScape/SproutScape/Content/Developers/milad/Background_Washbot/WashBot_00018.uexp" 1409
"F:/GitHub/SproutScape/SproutScape/Content/Developers/milad/Background_Washbot/WashBot_00017.uasset" 1410
"F:/GitHub/SproutScape/SproutScape/Content/Developers/milad/Background_Washbot/WashBot_00017.uexp" 1411
"F:/GitHub/SproutScape/SproutScape/Content/Developers/milad/Background_Washbot/WashBot_00016.uasset" 1412
"F:/GitHub/SproutScape/SproutScape/Content/Developers/milad/Background_Washbot/WashBot_00016.uexp" 1413
"F:/GitHub/SproutScape/SproutScape/Content/Developers/milad/Background_Washbot/WashBot_00015.uasset" 1414
"F:/GitHub/SproutScape/SproutScape/Content/Developers/milad/Background_Washbot/WashBot_00015.uexp" 1415
"F:/GitHub/SproutScape/SproutScape/Content/Developers/milad/Background_Washbot/WashBot_00014.uasset" 1416
"F:/GitHub/SproutScape/SproutScape/Content/Developers/milad/Background_Washbot/WashBot_00014.uexp" 1417
"F:/GitHub/SproutScape/SproutScape/Content/Developers/milad/Background_Washbot/WashBot_00013.uasset" 1418
"F:/GitHub/SproutScape/SproutScape/Content/Developers/milad/Background_Washbot/WashBot_00013.uexp" 1419
"F:/GitHub/SproutScape/SproutScape/Content/Developers/milad/Background_Washbot/WashBot_00012.uasset" 1420
"F:/GitHub/SproutScape/SproutScape/Content/Developers/milad/Background_Washbot/WashBot_00012.uexp" 1421
"F:/GitHub/SproutScape/SproutScape/Content/Developers/milad/Background_Washbot/WashBot_00011.uasset" 1422
"F:/GitHub/SproutScape/SproutScape/Content/Developers/milad/Background_Washbot/WashBot_00011.uexp" 1423
"F:/GitHub/SproutScape/SproutScape/Content/Developers/milad/Background_Washbot/WashBot_00010.uasset" 1424
"F:/GitHub/SproutScape/SproutScape/Content/Developers/milad/Background_Washbot/WashBot_00010.uexp" 1425
"F:/GitHub/SproutScape/SproutScape/Content/Developers/milad/Background_Washbot/WashBot_00009.uasset" 1426
"F:/GitHub/SproutScape/SproutScape/Content/Developers/milad/Background_Washbot/WashBot_00009.uexp" 1427
"F:/GitHub/SproutScape/SproutScape/Content/Developers/milad/Background_Washbot/WashBot_00008.uasset" 1428
"F:/GitHub/SproutScape/SproutScape/Content/Developers/milad/Background_Washbot/WashBot_00008.uexp" 1429
"F:/GitHub/SproutScape/SproutScape/Content/Developers/milad/Background_Washbot/WashBot_00007.uasset" 1430
"F:/GitHub/SproutScape/SproutScape/Content/Developers/milad/Background_Washbot/WashBot_00007.uexp" 1431
"F:/GitHub/SproutScape/SproutScape/Content/Developers/milad/Background_Washbot/WashBot_00006.uasset" 1432
"F:/GitHub/SproutScape/SproutScape/Content/Developers/milad/Background_Washbot/WashBot_00006.uexp" 1433
"F:/GitHub/SproutScape/SproutScape/Content/Developers/milad/Background_Washbot/WashBot_00005.uasset" 1434
"F:/GitHub/SproutScape/SproutScape/Content/Developers/milad/Background_Washbot/WashBot_00005.uexp" 1435
"F:/GitHub/SproutScape/SproutScape/Content/Developers/milad/Background_Washbot/WashBot_00004.uasset" 1436
"F:/GitHub/SproutScape/SproutScape/Content/Developers/milad/Background_Washbot/WashBot_00004.uexp" 1437
"F:/GitHub/SproutScape/SproutScape/Content/Developers/milad/Background_Washbot/WashBot_00003.uasset" 1438
"F:/GitHub/SproutScape/SproutScape/Content/Developers/milad/Background_Washbot/WashBot_00003.uexp" 1439
"F:/GitHub/SproutScape/SproutScape/Content/Developers/milad/Background_Washbot/WashBot_00002.uasset" 1440
"F:/GitHub/SproutScape/SproutScape/Content/Developers/milad/Background_Washbot/WashBot_00002.uexp" 1441
"F:/GitHub/SproutScape/SproutScape/Content/Developers/milad/Background_Washbot/WashBot_00001.uasset" 1442
"F:/GitHub/SproutScape/SproutScape/Content/Developers/milad/Background_Washbot/WashBot_00001.uexp" 1443
"F:/GitHub/SproutScape/SproutScape/Content/Developers/milad/Background_Washbot/WashBot_00000.uasset" 1444
"F:/GitHub/SproutScape/SproutScape/Content/Developers/milad/Background_Washbot/WashBot_00000.uexp" 1445
"../../../Engine/Plugins/Interchange/Assets/Content/Functions/MF_PhongToMetalRoughness.uasset" 1446
"../../../Engine/Plugins/Interchange/Assets/Content/Functions/MF_PhongToMetalRoughness.uexp" 1447
"F:/GitHub/SproutScape/SproutScape/Content/Developers/basde/Collections/SproutScapeDevFolderBas/Core/Assets/Robot/metal.uasset" 1448
"F:/GitHub/SproutScape/SproutScape/Content/Developers/basde/Collections/SproutScapeDevFolderBas/Core/Assets/Robot/metal.uexp" 1449
"F:/GitHub/SproutScape/SproutScape/Content/Developers/basde/Collections/SproutScapeDevFolderBas/Core/Assets/Robot/Cube_002.uasset" 1450
"F:/GitHub/SproutScape/SproutScape/Content/Developers/basde/Collections/SproutScapeDevFolderBas/Core/Assets/Robot/Cube_002.uexp" 1451
"F:/GitHub/SproutScape/SproutScape/Content/Developers/basde/Collections/SproutScapeDevFolderBas/Core/Assets/Robot/Cube_003.uasset" 1452
"F:/GitHub/SproutScape/SproutScape/Content/Developers/basde/Collections/SproutScapeDevFolderBas/Core/Assets/Robot/Cube_003.uexp" 1453
"F:/GitHub/SproutScape/SproutScape/Content/Developers/basde/Collections/SproutScapeDevFolderBas/Core/Assets/Robot/Cylinder.ubulk" 1454
"F:/GitHub/SproutScape/SproutScape/Content/Developers/basde/Collections/SproutScapeDevFolderBas/Core/Assets/Robot/Cylinder.uasset" 1455
"F:/GitHub/SproutScape/SproutScape/Content/Developers/basde/Collections/SproutScapeDevFolderBas/Core/Assets/Robot/Cylinder.uexp" 1456
"F:/GitHub/SproutScape/SproutScape/Content/Developers/basde/Collections/SproutScapeDevFolderBas/Core/Assets/Robot/Glass.uasset" 1457
"F:/GitHub/SproutScape/SproutScape/Content/Developers/basde/Collections/SproutScapeDevFolderBas/Core/Assets/Robot/Glass.uexp" 1458
"F:/GitHub/SproutScape/SproutScape/Content/Developers/basde/Collections/SproutScapeDevFolderBas/Core/Assets/Robot/Cube_001.uasset" 1459
"F:/GitHub/SproutScape/SproutScape/Content/Developers/basde/Collections/SproutScapeDevFolderBas/Core/Assets/Robot/Cube_001.uexp" 1460
"F:/GitHub/SproutScape/SproutScape/Content/Developers/basde/Collections/SproutScapeDevFolderBas/Core/Assets/Robot/Material_002.uasset" 1461
"F:/GitHub/SproutScape/SproutScape/Content/Developers/basde/Collections/SproutScapeDevFolderBas/Core/Assets/Robot/Material_002.uexp" 1462
"F:/GitHub/SproutScape/SproutScape/Content/Developers/basde/Collections/SproutScapeDevFolderBas/Core/Assets/Robot/Material.uasset" 1463
"F:/GitHub/SproutScape/SproutScape/Content/Developers/basde/Collections/SproutScapeDevFolderBas/Core/Assets/Robot/Material.uexp" 1464
"F:/GitHub/SproutScape/SproutScape/Content/Developers/basde/Collections/SproutScapeDevFolderBas/Core/Assets/Robot/Cube.uasset" 1465
"F:/GitHub/SproutScape/SproutScape/Content/Developers/basde/Collections/SproutScapeDevFolderBas/Core/Assets/Robot/Cube.uexp" 1466
"F:/GitHub/SproutScape/SproutScape/Content/Developers/basde/Collections/SproutScapeDevFolderBas/Core/Assets/Robot/Roundcube_001.uasset" 1467
"F:/GitHub/SproutScape/SproutScape/Content/Developers/basde/Collections/SproutScapeDevFolderBas/Core/Assets/Robot/Roundcube_001.uexp" 1468
"F:/GitHub/SproutScape/SproutScape/Content/Developers/basde/Collections/SproutScapeDevFolderBas/Core/Assets/Robot/Roundcube_002.uasset" 1469
"F:/GitHub/SproutScape/SproutScape/Content/Developers/basde/Collections/SproutScapeDevFolderBas/Core/Assets/Robot/Roundcube_002.uexp" 1470
"F:/GitHub/SproutScape/SproutScape/Content/Developers/basde/Collections/SproutScapeDevFolderBas/Core/BLueprints/BP/BPC_3D.uasset" 1471
"F:/GitHub/SproutScape/SproutScape/Content/Developers/basde/Collections/SproutScapeDevFolderBas/Core/BLueprints/BP/BPC_3D.uexp" 1472
"F:/GitHub/SproutScape/SproutScape/Content/Developers/edrik/BluePrints/Interaction/BPI_Interaction.uasset" 1473
"F:/GitHub/SproutScape/SproutScape/Content/Developers/edrik/BluePrints/Interaction/BPI_Interaction.uexp" 1474
"F:/GitHub/SproutScape/SproutScape/Content/Developers/basde/Collections/SproutScapeDevFolderBas/Core/BLueprints/Interaction/BPI_Interaction.uasset" 1475
"F:/GitHub/SproutScape/SproutScape/Content/Developers/basde/Collections/SproutScapeDevFolderBas/Core/BLueprints/Interaction/BPI_Interaction.uexp" 1476
"F:/GitHub/SproutScape/SproutScape/Content/Developers/basde/Collections/SproutScapeDevFolderBas/Core/BLueprints/BP/BP_RoombaBot.uasset" 1477
"F:/GitHub/SproutScape/SproutScape/Content/Developers/basde/Collections/SproutScapeDevFolderBas/Core/BLueprints/BP/BP_RoombaBot.uexp" 1478
"F:/GitHub/SproutScape/SproutScape/Content/Developers/basde/Collections/SproutScapeDevFolderBas/Core/Assets/Drone2DAnims/idle/BeeBot_Idle/Idle_00024.uasset" 1479
"F:/GitHub/SproutScape/SproutScape/Content/Developers/basde/Collections/SproutScapeDevFolderBas/Core/Assets/Drone2DAnims/idle/BeeBot_Idle/Idle_00024.uexp" 1480
"F:/GitHub/SproutScape/SproutScape/Content/Developers/basde/Collections/SproutScapeDevFolderBas/Core/Assets/Drone2DAnims/idle/BeeBot_Idle/Idle_00024_Sprite.uasset" 1481
"F:/GitHub/SproutScape/SproutScape/Content/Developers/basde/Collections/SproutScapeDevFolderBas/Core/Assets/Drone2DAnims/idle/BeeBot_Idle/Idle_00024_Sprite.uexp" 1482
"F:/GitHub/SproutScape/SproutScape/Content/Developers/basde/Collections/SproutScapeDevFolderBas/Core/Assets/Drone2DAnims/idle/BeeBot_Idle/Idle_00000.uasset" 1483
"F:/GitHub/SproutScape/SproutScape/Content/Developers/basde/Collections/SproutScapeDevFolderBas/Core/Assets/Drone2DAnims/idle/BeeBot_Idle/Idle_00000.uexp" 1484
"F:/GitHub/SproutScape/SproutScape/Content/Developers/basde/Collections/SproutScapeDevFolderBas/Core/Assets/Drone2DAnims/idle/BeeBot_Idle/Idle_00000_Sprite.uasset" 1485
"F:/GitHub/SproutScape/SproutScape/Content/Developers/basde/Collections/SproutScapeDevFolderBas/Core/Assets/Drone2DAnims/idle/BeeBot_Idle/Idle_00000_Sprite.uexp" 1486
"F:/GitHub/SproutScape/SproutScape/Content/Developers/basde/Collections/SproutScapeDevFolderBas/Core/Assets/Drone2DAnims/idle/BeeBot_Idle/Idle_00053.uasset" 1487
"F:/GitHub/SproutScape/SproutScape/Content/Developers/basde/Collections/SproutScapeDevFolderBas/Core/Assets/Drone2DAnims/idle/BeeBot_Idle/Idle_00053.uexp" 1488
"F:/GitHub/SproutScape/SproutScape/Content/Developers/basde/Collections/SproutScapeDevFolderBas/Core/Assets/Drone2DAnims/idle/BeeBot_Idle/Idle_00053_Sprite.uasset" 1489
"F:/GitHub/SproutScape/SproutScape/Content/Developers/basde/Collections/SproutScapeDevFolderBas/Core/Assets/Drone2DAnims/idle/BeeBot_Idle/Idle_00053_Sprite.uexp" 1490
"F:/GitHub/SproutScape/SproutScape/Content/Developers/basde/Collections/SproutScapeDevFolderBas/Core/Assets/Drone2DAnims/idle/BeeBot_Idle/Idle_00043.uasset" 1491
"F:/GitHub/SproutScape/SproutScape/Content/Developers/basde/Collections/SproutScapeDevFolderBas/Core/Assets/Drone2DAnims/idle/BeeBot_Idle/Idle_00043.uexp" 1492
"F:/GitHub/SproutScape/SproutScape/Content/Developers/basde/Collections/SproutScapeDevFolderBas/Core/Assets/Drone2DAnims/idle/BeeBot_Idle/Idle_00043_Sprite.uasset" 1493
"F:/GitHub/SproutScape/SproutScape/Content/Developers/basde/Collections/SproutScapeDevFolderBas/Core/Assets/Drone2DAnims/idle/BeeBot_Idle/Idle_00043_Sprite.uexp" 1494
"F:/GitHub/SproutScape/SproutScape/Content/Developers/basde/Collections/SproutScapeDevFolderBas/Core/Assets/Drone2DAnims/idle/BeeBot_Idle/Idle_00005.uasset" 1495
"F:/GitHub/SproutScape/SproutScape/Content/Developers/basde/Collections/SproutScapeDevFolderBas/Core/Assets/Drone2DAnims/idle/BeeBot_Idle/Idle_00005.uexp" 1496
"F:/GitHub/SproutScape/SproutScape/Content/Developers/basde/Collections/SproutScapeDevFolderBas/Core/Assets/Drone2DAnims/idle/BeeBot_Idle/Idle_00005_Sprite.uasset" 1497
"F:/GitHub/SproutScape/SproutScape/Content/Developers/basde/Collections/SproutScapeDevFolderBas/Core/Assets/Drone2DAnims/idle/BeeBot_Idle/Idle_00005_Sprite.uexp" 1498
"F:/GitHub/SproutScape/SproutScape/Content/Developers/basde/Collections/SproutScapeDevFolderBas/Core/Assets/Drone2DAnims/idle/BeeBot_Idle/Idle_00059.uasset" 1499
"F:/GitHub/SproutScape/SproutScape/Content/Developers/basde/Collections/SproutScapeDevFolderBas/Core/Assets/Drone2DAnims/idle/BeeBot_Idle/Idle_00059.uexp" 1500
"F:/GitHub/SproutScape/SproutScape/Content/Developers/basde/Collections/SproutScapeDevFolderBas/Core/Assets/Drone2DAnims/idle/BeeBot_Idle/Idle_00059_Sprite.uasset" 1501
"F:/GitHub/SproutScape/SproutScape/Content/Developers/basde/Collections/SproutScapeDevFolderBas/Core/Assets/Drone2DAnims/idle/BeeBot_Idle/Idle_00059_Sprite.uexp" 1502
"F:/GitHub/SproutScape/SproutScape/Content/Developers/basde/Collections/SproutScapeDevFolderBas/Core/Assets/Drone2DAnims/idle/BeeBot_Idle/Idle_00033.uasset" 1503
"F:/GitHub/SproutScape/SproutScape/Content/Developers/basde/Collections/SproutScapeDevFolderBas/Core/Assets/Drone2DAnims/idle/BeeBot_Idle/Idle_00033.uexp" 1504
"F:/GitHub/SproutScape/SproutScape/Content/Developers/basde/Collections/SproutScapeDevFolderBas/Core/Assets/Drone2DAnims/idle/BeeBot_Idle/Idle_00033_Sprite.uasset" 1505
"F:/GitHub/SproutScape/SproutScape/Content/Developers/basde/Collections/SproutScapeDevFolderBas/Core/Assets/Drone2DAnims/idle/BeeBot_Idle/Idle_00033_Sprite.uexp" 1506
"F:/GitHub/SproutScape/SproutScape/Content/Developers/basde/Collections/SproutScapeDevFolderBas/Core/Assets/Drone2DAnims/idle/BeeBot_Idle/Idle_00027.uasset" 1507
"F:/GitHub/SproutScape/SproutScape/Content/Developers/basde/Collections/SproutScapeDevFolderBas/Core/Assets/Drone2DAnims/idle/BeeBot_Idle/Idle_00027.uexp" 1508
"F:/GitHub/SproutScape/SproutScape/Content/Developers/basde/Collections/SproutScapeDevFolderBas/Core/Assets/Drone2DAnims/idle/BeeBot_Idle/Idle_00027_Sprite.uasset" 1509
"F:/GitHub/SproutScape/SproutScape/Content/Developers/basde/Collections/SproutScapeDevFolderBas/Core/Assets/Drone2DAnims/idle/BeeBot_Idle/Idle_00027_Sprite.uexp" 1510
"F:/GitHub/SproutScape/SproutScape/Content/Developers/basde/Collections/SproutScapeDevFolderBas/Core/Assets/Drone2DAnims/idle/BeeBot_Idle/Idle_00014.uasset" 1511
"F:/GitHub/SproutScape/SproutScape/Content/Developers/basde/Collections/SproutScapeDevFolderBas/Core/Assets/Drone2DAnims/idle/BeeBot_Idle/Idle_00014.uexp" 1512
"F:/GitHub/SproutScape/SproutScape/Content/Developers/basde/Collections/SproutScapeDevFolderBas/Core/Assets/Drone2DAnims/idle/BeeBot_Idle/Idle_00014_Sprite.uasset" 1513
"F:/GitHub/SproutScape/SproutScape/Content/Developers/basde/Collections/SproutScapeDevFolderBas/Core/Assets/Drone2DAnims/idle/BeeBot_Idle/Idle_00014_Sprite.uexp" 1514
"F:/GitHub/SproutScape/SproutScape/Content/Developers/basde/Collections/SproutScapeDevFolderBas/Core/Assets/Drone2DAnims/idle/BeeBot_Idle/Idle_00047.uasset" 1515
"F:/GitHub/SproutScape/SproutScape/Content/Developers/basde/Collections/SproutScapeDevFolderBas/Core/Assets/Drone2DAnims/idle/BeeBot_Idle/Idle_00047.uexp" 1516
"F:/GitHub/SproutScape/SproutScape/Content/Developers/basde/Collections/SproutScapeDevFolderBas/Core/Assets/Drone2DAnims/idle/BeeBot_Idle/Idle_00047_Sprite.uasset" 1517
"F:/GitHub/SproutScape/SproutScape/Content/Developers/basde/Collections/SproutScapeDevFolderBas/Core/Assets/Drone2DAnims/idle/BeeBot_Idle/Idle_00047_Sprite.uexp" 1518
"F:/GitHub/SproutScape/SproutScape/Content/Developers/basde/Collections/SproutScapeDevFolderBas/Core/Assets/Drone2DAnims/idle/BeeBot_Idle/Idle_00008.uasset" 1519
"F:/GitHub/SproutScape/SproutScape/Content/Developers/basde/Collections/SproutScapeDevFolderBas/Core/Assets/Drone2DAnims/idle/BeeBot_Idle/Idle_00008.uexp" 1520
"F:/GitHub/SproutScape/SproutScape/Content/Developers/basde/Collections/SproutScapeDevFolderBas/Core/Assets/Drone2DAnims/idle/BeeBot_Idle/Idle_00008_Sprite.uasset" 1521
"F:/GitHub/SproutScape/SproutScape/Content/Developers/basde/Collections/SproutScapeDevFolderBas/Core/Assets/Drone2DAnims/idle/BeeBot_Idle/Idle_00008_Sprite.uexp" 1522
"F:/GitHub/SproutScape/SproutScape/Content/Developers/basde/Collections/SproutScapeDevFolderBas/Core/Assets/Drone2DAnims/idle/BeeBot_Idle/Idle_00037.uasset" 1523
"F:/GitHub/SproutScape/SproutScape/Content/Developers/basde/Collections/SproutScapeDevFolderBas/Core/Assets/Drone2DAnims/idle/BeeBot_Idle/Idle_00037.uexp" 1524
"F:/GitHub/SproutScape/SproutScape/Content/Developers/basde/Collections/SproutScapeDevFolderBas/Core/Assets/Drone2DAnims/idle/BeeBot_Idle/Idle_00037_Sprite.uasset" 1525
"F:/GitHub/SproutScape/SproutScape/Content/Developers/basde/Collections/SproutScapeDevFolderBas/Core/Assets/Drone2DAnims/idle/BeeBot_Idle/Idle_00037_Sprite.uexp" 1526
"F:/GitHub/SproutScape/SproutScape/Content/Developers/basde/Collections/SproutScapeDevFolderBas/Core/Assets/Drone2DAnims/idle/BeeBot_Idle/Idle_00023.uasset" 1527
"F:/GitHub/SproutScape/SproutScape/Content/Developers/basde/Collections/SproutScapeDevFolderBas/Core/Assets/Drone2DAnims/idle/BeeBot_Idle/Idle_00023.uexp" 1528
"F:/GitHub/SproutScape/SproutScape/Content/Developers/basde/Collections/SproutScapeDevFolderBas/Core/Assets/Drone2DAnims/idle/BeeBot_Idle/Idle_00023_Sprite.uasset" 1529
"F:/GitHub/SproutScape/SproutScape/Content/Developers/basde/Collections/SproutScapeDevFolderBas/Core/Assets/Drone2DAnims/idle/BeeBot_Idle/Idle_00023_Sprite.uexp" 1530
"F:/GitHub/SproutScape/SproutScape/Content/Developers/basde/Collections/SproutScapeDevFolderBas/Core/Assets/Drone2DAnims/idle/BeeBot_Idle/Idle_00052.uasset" 1531
"F:/GitHub/SproutScape/SproutScape/Content/Developers/basde/Collections/SproutScapeDevFolderBas/Core/Assets/Drone2DAnims/idle/BeeBot_Idle/Idle_00052.uexp" 1532
"F:/GitHub/SproutScape/SproutScape/Content/Developers/basde/Collections/SproutScapeDevFolderBas/Core/Assets/Drone2DAnims/idle/BeeBot_Idle/Idle_00052_Sprite.uasset" 1533
"F:/GitHub/SproutScape/SproutScape/Content/Developers/basde/Collections/SproutScapeDevFolderBas/Core/Assets/Drone2DAnims/idle/BeeBot_Idle/Idle_00052_Sprite.uexp" 1534
"F:/GitHub/SproutScape/SproutScape/Content/Developers/basde/Collections/SproutScapeDevFolderBas/Core/Assets/Drone2DAnims/idle/BeeBot_Idle/Idle_00060.uasset" 1535
"F:/GitHub/SproutScape/SproutScape/Content/Developers/basde/Collections/SproutScapeDevFolderBas/Core/Assets/Drone2DAnims/idle/BeeBot_Idle/Idle_00060.uexp" 1536
"F:/GitHub/SproutScape/SproutScape/Content/Developers/basde/Collections/SproutScapeDevFolderBas/Core/Assets/Drone2DAnims/idle/BeeBot_Idle/Idle_00060_Sprite.uasset" 1537
"F:/GitHub/SproutScape/SproutScape/Content/Developers/basde/Collections/SproutScapeDevFolderBas/Core/Assets/Drone2DAnims/idle/BeeBot_Idle/Idle_00060_Sprite.uexp" 1538
"F:/GitHub/SproutScape/SproutScape/Content/Developers/basde/Collections/SproutScapeDevFolderBas/Core/Assets/Drone2DAnims/idle/BeeBot_Idle/Idle_00055.uasset" 1539
"F:/GitHub/SproutScape/SproutScape/Content/Developers/basde/Collections/SproutScapeDevFolderBas/Core/Assets/Drone2DAnims/idle/BeeBot_Idle/Idle_00055.uexp" 1540
"F:/GitHub/SproutScape/SproutScape/Content/Developers/basde/Collections/SproutScapeDevFolderBas/Core/Assets/Drone2DAnims/idle/BeeBot_Idle/Idle_00055_Sprite.uasset" 1541
"F:/GitHub/SproutScape/SproutScape/Content/Developers/basde/Collections/SproutScapeDevFolderBas/Core/Assets/Drone2DAnims/idle/BeeBot_Idle/Idle_00055_Sprite.uexp" 1542
"F:/GitHub/SproutScape/SproutScape/Content/Developers/basde/Collections/SproutScapeDevFolderBas/Core/Assets/Drone2DAnims/idle/BeeBot_Idle/Idle_00031.uasset" 1543
"F:/GitHub/SproutScape/SproutScape/Content/Developers/basde/Collections/SproutScapeDevFolderBas/Core/Assets/Drone2DAnims/idle/BeeBot_Idle/Idle_00031.uexp" 1544
"F:/GitHub/SproutScape/SproutScape/Content/Developers/basde/Collections/SproutScapeDevFolderBas/Core/Assets/Drone2DAnims/idle/BeeBot_Idle/Idle_00031_Sprite.uasset" 1545
"F:/GitHub/SproutScape/SproutScape/Content/Developers/basde/Collections/SproutScapeDevFolderBas/Core/Assets/Drone2DAnims/idle/BeeBot_Idle/Idle_00031_Sprite.uexp" 1546
"F:/GitHub/SproutScape/SproutScape/Content/Developers/basde/Collections/SproutScapeDevFolderBas/Core/Assets/Drone2DAnims/idle/BeeBot_Idle/Idle_00006.uasset" 1547
"F:/GitHub/SproutScape/SproutScape/Content/Developers/basde/Collections/SproutScapeDevFolderBas/Core/Assets/Drone2DAnims/idle/BeeBot_Idle/Idle_00006.uexp" 1548
"F:/GitHub/SproutScape/SproutScape/Content/Developers/basde/Collections/SproutScapeDevFolderBas/Core/Assets/Drone2DAnims/idle/BeeBot_Idle/Idle_00006_Sprite.uasset" 1549
"F:/GitHub/SproutScape/SproutScape/Content/Developers/basde/Collections/SproutScapeDevFolderBas/Core/Assets/Drone2DAnims/idle/BeeBot_Idle/Idle_00006_Sprite.uexp" 1550
"F:/GitHub/SproutScape/SproutScape/Content/Developers/basde/Collections/SproutScapeDevFolderBas/Core/Assets/Drone2DAnims/idle/BeeBot_Idle/Idle_00013.uasset" 1551
"F:/GitHub/SproutScape/SproutScape/Content/Developers/basde/Collections/SproutScapeDevFolderBas/Core/Assets/Drone2DAnims/idle/BeeBot_Idle/Idle_00013.uexp" 1552
"F:/GitHub/SproutScape/SproutScape/Content/Developers/basde/Collections/SproutScapeDevFolderBas/Core/Assets/Drone2DAnims/idle/BeeBot_Idle/Idle_00013_Sprite.uasset" 1553
"F:/GitHub/SproutScape/SproutScape/Content/Developers/basde/Collections/SproutScapeDevFolderBas/Core/Assets/Drone2DAnims/idle/BeeBot_Idle/Idle_00013_Sprite.uexp" 1554
"F:/GitHub/SproutScape/SproutScape/Content/Developers/basde/Collections/SproutScapeDevFolderBas/Core/Assets/Drone2DAnims/idle/BeeBot_Idle/Idle_00032.uasset" 1555
"F:/GitHub/SproutScape/SproutScape/Content/Developers/basde/Collections/SproutScapeDevFolderBas/Core/Assets/Drone2DAnims/idle/BeeBot_Idle/Idle_00032.uexp" 1556
"F:/GitHub/SproutScape/SproutScape/Content/Developers/basde/Collections/SproutScapeDevFolderBas/Core/Assets/Drone2DAnims/idle/BeeBot_Idle/Idle_00032_Sprite.uasset" 1557
"F:/GitHub/SproutScape/SproutScape/Content/Developers/basde/Collections/SproutScapeDevFolderBas/Core/Assets/Drone2DAnims/idle/BeeBot_Idle/Idle_00032_Sprite.uexp" 1558
"F:/GitHub/SproutScape/SproutScape/Content/Developers/basde/Collections/SproutScapeDevFolderBas/Core/Assets/Drone2DAnims/idle/BeeBot_Idle/Idle_00056.uasset" 1559
"F:/GitHub/SproutScape/SproutScape/Content/Developers/basde/Collections/SproutScapeDevFolderBas/Core/Assets/Drone2DAnims/idle/BeeBot_Idle/Idle_00056.uexp" 1560
"F:/GitHub/SproutScape/SproutScape/Content/Developers/basde/Collections/SproutScapeDevFolderBas/Core/Assets/Drone2DAnims/idle/BeeBot_Idle/Idle_00056_Sprite.uasset" 1561
"F:/GitHub/SproutScape/SproutScape/Content/Developers/basde/Collections/SproutScapeDevFolderBas/Core/Assets/Drone2DAnims/idle/BeeBot_Idle/Idle_00056_Sprite.uexp" 1562
"F:/GitHub/SproutScape/SproutScape/Content/Developers/basde/Collections/SproutScapeDevFolderBas/Core/Assets/Drone2DAnims/idle/BeeBot_Idle/Idle_00017.uasset" 1563
"F:/GitHub/SproutScape/SproutScape/Content/Developers/basde/Collections/SproutScapeDevFolderBas/Core/Assets/Drone2DAnims/idle/BeeBot_Idle/Idle_00017.uexp" 1564
"F:/GitHub/SproutScape/SproutScape/Content/Developers/basde/Collections/SproutScapeDevFolderBas/Core/Assets/Drone2DAnims/idle/BeeBot_Idle/Idle_00017_Sprite.uasset" 1565
"F:/GitHub/SproutScape/SproutScape/Content/Developers/basde/Collections/SproutScapeDevFolderBas/Core/Assets/Drone2DAnims/idle/BeeBot_Idle/Idle_00017_Sprite.uexp" 1566
"F:/GitHub/SproutScape/SproutScape/Content/Developers/basde/Collections/SproutScapeDevFolderBas/Core/Assets/Drone2DAnims/idle/BeeBot_Idle/Idle_00012.uasset" 1567
"F:/GitHub/SproutScape/SproutScape/Content/Developers/basde/Collections/SproutScapeDevFolderBas/Core/Assets/Drone2DAnims/idle/BeeBot_Idle/Idle_00012.uexp" 1568
"F:/GitHub/SproutScape/SproutScape/Content/Developers/basde/Collections/SproutScapeDevFolderBas/Core/Assets/Drone2DAnims/idle/BeeBot_Idle/Idle_00012_Sprite.uasset" 1569
"F:/GitHub/SproutScape/SproutScape/Content/Developers/basde/Collections/SproutScapeDevFolderBas/Core/Assets/Drone2DAnims/idle/BeeBot_Idle/Idle_00012_Sprite.uexp" 1570
"F:/GitHub/SproutScape/SproutScape/Content/Developers/basde/Collections/SproutScapeDevFolderBas/Core/Assets/Drone2DAnims/idle/BeeBot_Idle/Idle_00054.uasset" 1571
"F:/GitHub/SproutScape/SproutScape/Content/Developers/basde/Collections/SproutScapeDevFolderBas/Core/Assets/Drone2DAnims/idle/BeeBot_Idle/Idle_00054.uexp" 1572
"F:/GitHub/SproutScape/SproutScape/Content/Developers/basde/Collections/SproutScapeDevFolderBas/Core/Assets/Drone2DAnims/idle/BeeBot_Idle/Idle_00054_Sprite.uasset" 1573
"F:/GitHub/SproutScape/SproutScape/Content/Developers/basde/Collections/SproutScapeDevFolderBas/Core/Assets/Drone2DAnims/idle/BeeBot_Idle/Idle_00054_Sprite.uexp" 1574
"F:/GitHub/SproutScape/SproutScape/Content/Developers/basde/Collections/SproutScapeDevFolderBas/Core/Assets/Drone2DAnims/idle/BeeBot_Idle/Idle_00051.uasset" 1575
"F:/GitHub/SproutScape/SproutScape/Content/Developers/basde/Collections/SproutScapeDevFolderBas/Core/Assets/Drone2DAnims/idle/BeeBot_Idle/Idle_00051.uexp" 1576
"F:/GitHub/SproutScape/SproutScape/Content/Developers/basde/Collections/SproutScapeDevFolderBas/Core/Assets/Drone2DAnims/idle/BeeBot_Idle/Idle_00051_Sprite.uasset" 1577
"F:/GitHub/SproutScape/SproutScape/Content/Developers/basde/Collections/SproutScapeDevFolderBas/Core/Assets/Drone2DAnims/idle/BeeBot_Idle/Idle_00051_Sprite.uexp" 1578
"F:/GitHub/SproutScape/SproutScape/Content/Developers/basde/Collections/SproutScapeDevFolderBas/Core/Assets/Drone2DAnims/idle/BeeBot_Idle/Idle_00040.uasset" 1579
"F:/GitHub/SproutScape/SproutScape/Content/Developers/basde/Collections/SproutScapeDevFolderBas/Core/Assets/Drone2DAnims/idle/BeeBot_Idle/Idle_00040.uexp" 1580
"F:/GitHub/SproutScape/SproutScape/Content/Developers/basde/Collections/SproutScapeDevFolderBas/Core/Assets/Drone2DAnims/idle/BeeBot_Idle/Idle_00040_Sprite.uasset" 1581
"F:/GitHub/SproutScape/SproutScape/Content/Developers/basde/Collections/SproutScapeDevFolderBas/Core/Assets/Drone2DAnims/idle/BeeBot_Idle/Idle_00040_Sprite.uexp" 1582
"F:/GitHub/SproutScape/SproutScape/Content/Developers/basde/Collections/SproutScapeDevFolderBas/Core/Assets/Drone2DAnims/idle/BeeBot_Idle/Idle_00020.uasset" 1583
"F:/GitHub/SproutScape/SproutScape/Content/Developers/basde/Collections/SproutScapeDevFolderBas/Core/Assets/Drone2DAnims/idle/BeeBot_Idle/Idle_00020.uexp" 1584
"F:/GitHub/SproutScape/SproutScape/Content/Developers/basde/Collections/SproutScapeDevFolderBas/Core/Assets/Drone2DAnims/idle/BeeBot_Idle/Idle_00020_Sprite.uasset" 1585
"F:/GitHub/SproutScape/SproutScape/Content/Developers/basde/Collections/SproutScapeDevFolderBas/Core/Assets/Drone2DAnims/idle/BeeBot_Idle/Idle_00020_Sprite.uexp" 1586
"F:/GitHub/SproutScape/SproutScape/Content/Developers/basde/Collections/SproutScapeDevFolderBas/Core/Assets/Drone2DAnims/idle/BeeBot_Idle/Idle_00038.uasset" 1587
"F:/GitHub/SproutScape/SproutScape/Content/Developers/basde/Collections/SproutScapeDevFolderBas/Core/Assets/Drone2DAnims/idle/BeeBot_Idle/Idle_00038.uexp" 1588
"F:/GitHub/SproutScape/SproutScape/Content/Developers/basde/Collections/SproutScapeDevFolderBas/Core/Assets/Drone2DAnims/idle/BeeBot_Idle/Idle_00038_Sprite.uasset" 1589
"F:/GitHub/SproutScape/SproutScape/Content/Developers/basde/Collections/SproutScapeDevFolderBas/Core/Assets/Drone2DAnims/idle/BeeBot_Idle/Idle_00038_Sprite.uexp" 1590
"F:/GitHub/SproutScape/SproutScape/Content/Developers/basde/Collections/SproutScapeDevFolderBas/Core/Assets/Drone2DAnims/idle/BeeBot_Idle/Idle_00016.uasset" 1591
"F:/GitHub/SproutScape/SproutScape/Content/Developers/basde/Collections/SproutScapeDevFolderBas/Core/Assets/Drone2DAnims/idle/BeeBot_Idle/Idle_00016.uexp" 1592
"F:/GitHub/SproutScape/SproutScape/Content/Developers/basde/Collections/SproutScapeDevFolderBas/Core/Assets/Drone2DAnims/idle/BeeBot_Idle/Idle_00016_Sprite.uasset" 1593
"F:/GitHub/SproutScape/SproutScape/Content/Developers/basde/Collections/SproutScapeDevFolderBas/Core/Assets/Drone2DAnims/idle/BeeBot_Idle/Idle_00016_Sprite.uexp" 1594
"F:/GitHub/SproutScape/SproutScape/Content/Developers/basde/Collections/SproutScapeDevFolderBas/Core/Assets/Drone2DAnims/idle/BeeBot_Idle/Idle_00021.uasset" 1595
"F:/GitHub/SproutScape/SproutScape/Content/Developers/basde/Collections/SproutScapeDevFolderBas/Core/Assets/Drone2DAnims/idle/BeeBot_Idle/Idle_00021.uexp" 1596
"F:/GitHub/SproutScape/SproutScape/Content/Developers/basde/Collections/SproutScapeDevFolderBas/Core/Assets/Drone2DAnims/idle/BeeBot_Idle/Idle_00021_Sprite.uasset" 1597
"F:/GitHub/SproutScape/SproutScape/Content/Developers/basde/Collections/SproutScapeDevFolderBas/Core/Assets/Drone2DAnims/idle/BeeBot_Idle/Idle_00021_Sprite.uexp" 1598
"F:/GitHub/SproutScape/SproutScape/Content/Developers/basde/Collections/SproutScapeDevFolderBas/Core/Assets/Drone2DAnims/idle/BeeBot_Idle/Idle_00004.uasset" 1599
"F:/GitHub/SproutScape/SproutScape/Content/Developers/basde/Collections/SproutScapeDevFolderBas/Core/Assets/Drone2DAnims/idle/BeeBot_Idle/Idle_00004.uexp" 1600
"F:/GitHub/SproutScape/SproutScape/Content/Developers/basde/Collections/SproutScapeDevFolderBas/Core/Assets/Drone2DAnims/idle/BeeBot_Idle/Idle_00004_Sprite.uasset" 1601
"F:/GitHub/SproutScape/SproutScape/Content/Developers/basde/Collections/SproutScapeDevFolderBas/Core/Assets/Drone2DAnims/idle/BeeBot_Idle/Idle_00004_Sprite.uexp" 1602
"F:/GitHub/SproutScape/SproutScape/Content/Developers/basde/Collections/SproutScapeDevFolderBas/Core/Assets/Drone2DAnims/idle/BeeBot_Idle/Idle_00009.uasset" 1603
"F:/GitHub/SproutScape/SproutScape/Content/Developers/basde/Collections/SproutScapeDevFolderBas/Core/Assets/Drone2DAnims/idle/BeeBot_Idle/Idle_00009.uexp" 1604
"F:/GitHub/SproutScape/SproutScape/Content/Developers/basde/Collections/SproutScapeDevFolderBas/Core/Assets/Drone2DAnims/idle/BeeBot_Idle/Idle_00009_Sprite.uasset" 1605
"F:/GitHub/SproutScape/SproutScape/Content/Developers/basde/Collections/SproutScapeDevFolderBas/Core/Assets/Drone2DAnims/idle/BeeBot_Idle/Idle_00009_Sprite.uexp" 1606
"F:/GitHub/SproutScape/SproutScape/Content/Developers/basde/Collections/SproutScapeDevFolderBas/Core/Assets/Drone2DAnims/idle/BeeBot_Idle/Idle_00010.uasset" 1607
"F:/GitHub/SproutScape/SproutScape/Content/Developers/basde/Collections/SproutScapeDevFolderBas/Core/Assets/Drone2DAnims/idle/BeeBot_Idle/Idle_00010.uexp" 1608
"F:/GitHub/SproutScape/SproutScape/Content/Developers/basde/Collections/SproutScapeDevFolderBas/Core/Assets/Drone2DAnims/idle/BeeBot_Idle/Idle_00010_Sprite.uasset" 1609
"F:/GitHub/SproutScape/SproutScape/Content/Developers/basde/Collections/SproutScapeDevFolderBas/Core/Assets/Drone2DAnims/idle/BeeBot_Idle/Idle_00010_Sprite.uexp" 1610
"F:/GitHub/SproutScape/SproutScape/Content/Developers/basde/Collections/SproutScapeDevFolderBas/Core/Assets/Drone2DAnims/idle/BeeBot_Idle/Idle_00022.uasset" 1611
"F:/GitHub/SproutScape/SproutScape/Content/Developers/basde/Collections/SproutScapeDevFolderBas/Core/Assets/Drone2DAnims/idle/BeeBot_Idle/Idle_00022.uexp" 1612
"F:/GitHub/SproutScape/SproutScape/Content/Developers/basde/Collections/SproutScapeDevFolderBas/Core/Assets/Drone2DAnims/idle/BeeBot_Idle/Idle_00022_Sprite.uasset" 1613
"F:/GitHub/SproutScape/SproutScape/Content/Developers/basde/Collections/SproutScapeDevFolderBas/Core/Assets/Drone2DAnims/idle/BeeBot_Idle/Idle_00022_Sprite.uexp" 1614
"F:/GitHub/SproutScape/SproutScape/Content/Developers/basde/Collections/SproutScapeDevFolderBas/Core/Assets/Drone2DAnims/idle/BeeBot_Idle/Idle_00048.uasset" 1615
"F:/GitHub/SproutScape/SproutScape/Content/Developers/basde/Collections/SproutScapeDevFolderBas/Core/Assets/Drone2DAnims/idle/BeeBot_Idle/Idle_00048.uexp" 1616
"F:/GitHub/SproutScape/SproutScape/Content/Developers/basde/Collections/SproutScapeDevFolderBas/Core/Assets/Drone2DAnims/idle/BeeBot_Idle/Idle_00048_Sprite.uasset" 1617
"F:/GitHub/SproutScape/SproutScape/Content/Developers/basde/Collections/SproutScapeDevFolderBas/Core/Assets/Drone2DAnims/idle/BeeBot_Idle/Idle_00048_Sprite.uexp" 1618
"F:/GitHub/SproutScape/SproutScape/Content/Developers/basde/Collections/SproutScapeDevFolderBas/Core/Assets/Drone2DAnims/idle/BeeBot_Idle/Idle_00050.uasset" 1619
"F:/GitHub/SproutScape/SproutScape/Content/Developers/basde/Collections/SproutScapeDevFolderBas/Core/Assets/Drone2DAnims/idle/BeeBot_Idle/Idle_00050.uexp" 1620
"F:/GitHub/SproutScape/SproutScape/Content/Developers/basde/Collections/SproutScapeDevFolderBas/Core/Assets/Drone2DAnims/idle/BeeBot_Idle/Idle_00050_Sprite.uasset" 1621
"F:/GitHub/SproutScape/SproutScape/Content/Developers/basde/Collections/SproutScapeDevFolderBas/Core/Assets/Drone2DAnims/idle/BeeBot_Idle/Idle_00050_Sprite.uexp" 1622
"F:/GitHub/SproutScape/SproutScape/Content/Developers/basde/Collections/SproutScapeDevFolderBas/Core/Assets/Drone2DAnims/idle/BeeBot_Idle/Idle_00041.uasset" 1623
"F:/GitHub/SproutScape/SproutScape/Content/Developers/basde/Collections/SproutScapeDevFolderBas/Core/Assets/Drone2DAnims/idle/BeeBot_Idle/Idle_00041.uexp" 1624
"F:/GitHub/SproutScape/SproutScape/Content/Developers/basde/Collections/SproutScapeDevFolderBas/Core/Assets/Drone2DAnims/idle/BeeBot_Idle/Idle_00041_Sprite.uasset" 1625
"F:/GitHub/SproutScape/SproutScape/Content/Developers/basde/Collections/SproutScapeDevFolderBas/Core/Assets/Drone2DAnims/idle/BeeBot_Idle/Idle_00041_Sprite.uexp" 1626
"F:/GitHub/SproutScape/SproutScape/Content/Developers/basde/Collections/SproutScapeDevFolderBas/Core/Assets/Drone2DAnims/idle/BeeBot_Idle/Idle_00046.uasset" 1627
"F:/GitHub/SproutScape/SproutScape/Content/Developers/basde/Collections/SproutScapeDevFolderBas/Core/Assets/Drone2DAnims/idle/BeeBot_Idle/Idle_00046.uexp" 1628
"F:/GitHub/SproutScape/SproutScape/Content/Developers/basde/Collections/SproutScapeDevFolderBas/Core/Assets/Drone2DAnims/idle/BeeBot_Idle/Idle_00046_Sprite.uasset" 1629
"F:/GitHub/SproutScape/SproutScape/Content/Developers/basde/Collections/SproutScapeDevFolderBas/Core/Assets/Drone2DAnims/idle/BeeBot_Idle/Idle_00046_Sprite.uexp" 1630
"F:/GitHub/SproutScape/SproutScape/Content/Developers/basde/Collections/SproutScapeDevFolderBas/Core/Assets/Drone2DAnims/idle/BeeBot_Idle/Idle_00015.uasset" 1631
"F:/GitHub/SproutScape/SproutScape/Content/Developers/basde/Collections/SproutScapeDevFolderBas/Core/Assets/Drone2DAnims/idle/BeeBot_Idle/Idle_00015.uexp" 1632
"F:/GitHub/SproutScape/SproutScape/Content/Developers/basde/Collections/SproutScapeDevFolderBas/Core/Assets/Drone2DAnims/idle/BeeBot_Idle/Idle_00015_Sprite.uasset" 1633
"F:/GitHub/SproutScape/SproutScape/Content/Developers/basde/Collections/SproutScapeDevFolderBas/Core/Assets/Drone2DAnims/idle/BeeBot_Idle/Idle_00015_Sprite.uexp" 1634
"F:/GitHub/SproutScape/SproutScape/Content/Developers/basde/Collections/SproutScapeDevFolderBas/Core/Assets/Drone2DAnims/idle/BeeBot_Idle/Idle_00057.uasset" 1635
"F:/GitHub/SproutScape/SproutScape/Content/Developers/basde/Collections/SproutScapeDevFolderBas/Core/Assets/Drone2DAnims/idle/BeeBot_Idle/Idle_00057.uexp" 1636
"F:/GitHub/SproutScape/SproutScape/Content/Developers/basde/Collections/SproutScapeDevFolderBas/Core/Assets/Drone2DAnims/idle/BeeBot_Idle/Idle_00057_Sprite.uasset" 1637
"F:/GitHub/SproutScape/SproutScape/Content/Developers/basde/Collections/SproutScapeDevFolderBas/Core/Assets/Drone2DAnims/idle/BeeBot_Idle/Idle_00057_Sprite.uexp" 1638
"F:/GitHub/SproutScape/SproutScape/Content/Developers/basde/Collections/SproutScapeDevFolderBas/Core/Assets/Drone2DAnims/idle/BeeBot_Idle/Idle_00018.uasset" 1639
"F:/GitHub/SproutScape/SproutScape/Content/Developers/basde/Collections/SproutScapeDevFolderBas/Core/Assets/Drone2DAnims/idle/BeeBot_Idle/Idle_00018.uexp" 1640
"F:/GitHub/SproutScape/SproutScape/Content/Developers/basde/Collections/SproutScapeDevFolderBas/Core/Assets/Drone2DAnims/idle/BeeBot_Idle/Idle_00018_Sprite.uasset" 1641
"F:/GitHub/SproutScape/SproutScape/Content/Developers/basde/Collections/SproutScapeDevFolderBas/Core/Assets/Drone2DAnims/idle/BeeBot_Idle/Idle_00018_Sprite.uexp" 1642
"F:/GitHub/SproutScape/SproutScape/Content/Developers/basde/Collections/SproutScapeDevFolderBas/Core/Assets/Drone2DAnims/idle/BeeBot_Idle/Idle_00036.uasset" 1643
"F:/GitHub/SproutScape/SproutScape/Content/Developers/basde/Collections/SproutScapeDevFolderBas/Core/Assets/Drone2DAnims/idle/BeeBot_Idle/Idle_00036.uexp" 1644
"F:/GitHub/SproutScape/SproutScape/Content/Developers/basde/Collections/SproutScapeDevFolderBas/Core/Assets/Drone2DAnims/idle/BeeBot_Idle/Idle_00036_Sprite.uasset" 1645
"F:/GitHub/SproutScape/SproutScape/Content/Developers/basde/Collections/SproutScapeDevFolderBas/Core/Assets/Drone2DAnims/idle/BeeBot_Idle/Idle_00036_Sprite.uexp" 1646
"F:/GitHub/SproutScape/SproutScape/Content/Developers/basde/Collections/SproutScapeDevFolderBas/Core/Assets/Drone2DAnims/idle/BeeBot_Idle/Idle_00028.uasset" 1647
"F:/GitHub/SproutScape/SproutScape/Content/Developers/basde/Collections/SproutScapeDevFolderBas/Core/Assets/Drone2DAnims/idle/BeeBot_Idle/Idle_00028.uexp" 1648
"F:/GitHub/SproutScape/SproutScape/Content/Developers/basde/Collections/SproutScapeDevFolderBas/Core/Assets/Drone2DAnims/idle/BeeBot_Idle/Idle_00028_Sprite.uasset" 1649
"F:/GitHub/SproutScape/SproutScape/Content/Developers/basde/Collections/SproutScapeDevFolderBas/Core/Assets/Drone2DAnims/idle/BeeBot_Idle/Idle_00028_Sprite.uexp" 1650
"F:/GitHub/SproutScape/SproutScape/Content/Developers/basde/Collections/SproutScapeDevFolderBas/Core/Assets/Drone2DAnims/idle/BeeBot_Idle/Idle_00019.uasset" 1651
"F:/GitHub/SproutScape/SproutScape/Content/Developers/basde/Collections/SproutScapeDevFolderBas/Core/Assets/Drone2DAnims/idle/BeeBot_Idle/Idle_00019.uexp" 1652
"F:/GitHub/SproutScape/SproutScape/Content/Developers/basde/Collections/SproutScapeDevFolderBas/Core/Assets/Drone2DAnims/idle/BeeBot_Idle/Idle_00019_Sprite.uasset" 1653
"F:/GitHub/SproutScape/SproutScape/Content/Developers/basde/Collections/SproutScapeDevFolderBas/Core/Assets/Drone2DAnims/idle/BeeBot_Idle/Idle_00019_Sprite.uexp" 1654
"F:/GitHub/SproutScape/SproutScape/Content/Developers/basde/Collections/SproutScapeDevFolderBas/Core/Assets/Drone2DAnims/idle/BeeBot_Idle/Idle_00058.uasset" 1655
"F:/GitHub/SproutScape/SproutScape/Content/Developers/basde/Collections/SproutScapeDevFolderBas/Core/Assets/Drone2DAnims/idle/BeeBot_Idle/Idle_00058.uexp" 1656
"F:/GitHub/SproutScape/SproutScape/Content/Developers/basde/Collections/SproutScapeDevFolderBas/Core/Assets/Drone2DAnims/idle/BeeBot_Idle/Idle_00058_Sprite.uasset" 1657
"F:/GitHub/SproutScape/SproutScape/Content/Developers/basde/Collections/SproutScapeDevFolderBas/Core/Assets/Drone2DAnims/idle/BeeBot_Idle/Idle_00058_Sprite.uexp" 1658
"F:/GitHub/SproutScape/SproutScape/Content/Developers/basde/Collections/SproutScapeDevFolderBas/Core/Assets/Drone2DAnims/idle/BeeBot_Idle/Idle_00042.uasset" 1659
"F:/GitHub/SproutScape/SproutScape/Content/Developers/basde/Collections/SproutScapeDevFolderBas/Core/Assets/Drone2DAnims/idle/BeeBot_Idle/Idle_00042.uexp" 1660
"F:/GitHub/SproutScape/SproutScape/Content/Developers/basde/Collections/SproutScapeDevFolderBas/Core/Assets/Drone2DAnims/idle/BeeBot_Idle/Idle_00042_Sprite.uasset" 1661
"F:/GitHub/SproutScape/SproutScape/Content/Developers/basde/Collections/SproutScapeDevFolderBas/Core/Assets/Drone2DAnims/idle/BeeBot_Idle/Idle_00042_Sprite.uexp" 1662
"F:/GitHub/SproutScape/SproutScape/Content/Developers/basde/Collections/SproutScapeDevFolderBas/Core/Assets/Drone2DAnims/idle/BeeBot_Idle/Idle_00007.uasset" 1663
"F:/GitHub/SproutScape/SproutScape/Content/Developers/basde/Collections/SproutScapeDevFolderBas/Core/Assets/Drone2DAnims/idle/BeeBot_Idle/Idle_00007.uexp" 1664
"F:/GitHub/SproutScape/SproutScape/Content/Developers/basde/Collections/SproutScapeDevFolderBas/Core/Assets/Drone2DAnims/idle/BeeBot_Idle/Idle_00007_Sprite.uasset" 1665
"F:/GitHub/SproutScape/SproutScape/Content/Developers/basde/Collections/SproutScapeDevFolderBas/Core/Assets/Drone2DAnims/idle/BeeBot_Idle/Idle_00007_Sprite.uexp" 1666
"F:/GitHub/SproutScape/SproutScape/Content/Developers/basde/Collections/SproutScapeDevFolderBas/Core/Assets/Drone2DAnims/idle/BeeBot_Idle/Idle_00030.uasset" 1667
"F:/GitHub/SproutScape/SproutScape/Content/Developers/basde/Collections/SproutScapeDevFolderBas/Core/Assets/Drone2DAnims/idle/BeeBot_Idle/Idle_00030.uexp" 1668
"F:/GitHub/SproutScape/SproutScape/Content/Developers/basde/Collections/SproutScapeDevFolderBas/Core/Assets/Drone2DAnims/idle/BeeBot_Idle/Idle_00030_Sprite.uasset" 1669
"F:/GitHub/SproutScape/SproutScape/Content/Developers/basde/Collections/SproutScapeDevFolderBas/Core/Assets/Drone2DAnims/idle/BeeBot_Idle/Idle_00030_Sprite.uexp" 1670
"F:/GitHub/SproutScape/SproutScape/Content/Developers/basde/Collections/SproutScapeDevFolderBas/Core/Assets/Drone2DAnims/idle/BeeBot_Idle/Idle_00049.uasset" 1671
"F:/GitHub/SproutScape/SproutScape/Content/Developers/basde/Collections/SproutScapeDevFolderBas/Core/Assets/Drone2DAnims/idle/BeeBot_Idle/Idle_00049.uexp" 1672
"F:/GitHub/SproutScape/SproutScape/Content/Developers/basde/Collections/SproutScapeDevFolderBas/Core/Assets/Drone2DAnims/idle/BeeBot_Idle/Idle_00049_Sprite.uasset" 1673
"F:/GitHub/SproutScape/SproutScape/Content/Developers/basde/Collections/SproutScapeDevFolderBas/Core/Assets/Drone2DAnims/idle/BeeBot_Idle/Idle_00049_Sprite.uexp" 1674
"F:/GitHub/SproutScape/SproutScape/Content/Developers/basde/Collections/SproutScapeDevFolderBas/Core/Assets/Drone2DAnims/idle/BeeBot_Idle/Idle_00002.uasset" 1675
"F:/GitHub/SproutScape/SproutScape/Content/Developers/basde/Collections/SproutScapeDevFolderBas/Core/Assets/Drone2DAnims/idle/BeeBot_Idle/Idle_00002.uexp" 1676
"F:/GitHub/SproutScape/SproutScape/Content/Developers/basde/Collections/SproutScapeDevFolderBas/Core/Assets/Drone2DAnims/idle/BeeBot_Idle/Idle_00002_Sprite.uasset" 1677
"F:/GitHub/SproutScape/SproutScape/Content/Developers/basde/Collections/SproutScapeDevFolderBas/Core/Assets/Drone2DAnims/idle/BeeBot_Idle/Idle_00002_Sprite.uexp" 1678
"F:/GitHub/SproutScape/SproutScape/Content/Developers/basde/Collections/SproutScapeDevFolderBas/Core/Assets/Drone2DAnims/idle/BeeBot_Idle/Idle_00011.uasset" 1679
"F:/GitHub/SproutScape/SproutScape/Content/Developers/basde/Collections/SproutScapeDevFolderBas/Core/Assets/Drone2DAnims/idle/BeeBot_Idle/Idle_00011.uexp" 1680
"F:/GitHub/SproutScape/SproutScape/Content/Developers/basde/Collections/SproutScapeDevFolderBas/Core/Assets/Drone2DAnims/idle/BeeBot_Idle/Idle_00011_Sprite.uasset" 1681
"F:/GitHub/SproutScape/SproutScape/Content/Developers/basde/Collections/SproutScapeDevFolderBas/Core/Assets/Drone2DAnims/idle/BeeBot_Idle/Idle_00011_Sprite.uexp" 1682
"F:/GitHub/SproutScape/SproutScape/Content/Developers/basde/Collections/SproutScapeDevFolderBas/Core/Assets/Drone2DAnims/idle/BeeBot_Idle/Idle_00035.uasset" 1683
"F:/GitHub/SproutScape/SproutScape/Content/Developers/basde/Collections/SproutScapeDevFolderBas/Core/Assets/Drone2DAnims/idle/BeeBot_Idle/Idle_00035.uexp" 1684
"F:/GitHub/SproutScape/SproutScape/Content/Developers/basde/Collections/SproutScapeDevFolderBas/Core/Assets/Drone2DAnims/idle/BeeBot_Idle/Idle_00035_Sprite.uasset" 1685
"F:/GitHub/SproutScape/SproutScape/Content/Developers/basde/Collections/SproutScapeDevFolderBas/Core/Assets/Drone2DAnims/idle/BeeBot_Idle/Idle_00035_Sprite.uexp" 1686
"F:/GitHub/SproutScape/SproutScape/Content/Developers/basde/Collections/SproutScapeDevFolderBas/Core/Assets/Drone2DAnims/idle/BeeBot_Idle/Idle_00034.uasset" 1687
"F:/GitHub/SproutScape/SproutScape/Content/Developers/basde/Collections/SproutScapeDevFolderBas/Core/Assets/Drone2DAnims/idle/BeeBot_Idle/Idle_00034.uexp" 1688
"F:/GitHub/SproutScape/SproutScape/Content/Developers/basde/Collections/SproutScapeDevFolderBas/Core/Assets/Drone2DAnims/idle/BeeBot_Idle/Idle_00034_Sprite.uasset" 1689
"F:/GitHub/SproutScape/SproutScape/Content/Developers/basde/Collections/SproutScapeDevFolderBas/Core/Assets/Drone2DAnims/idle/BeeBot_Idle/Idle_00034_Sprite.uexp" 1690
"F:/GitHub/SproutScape/SproutScape/Content/Developers/basde/Collections/SproutScapeDevFolderBas/Core/Assets/Drone2DAnims/idle/BeeBot_Idle/Idle_00025.uasset" 1691
"F:/GitHub/SproutScape/SproutScape/Content/Developers/basde/Collections/SproutScapeDevFolderBas/Core/Assets/Drone2DAnims/idle/BeeBot_Idle/Idle_00025.uexp" 1692
"F:/GitHub/SproutScape/SproutScape/Content/Developers/basde/Collections/SproutScapeDevFolderBas/Core/Assets/Drone2DAnims/idle/BeeBot_Idle/Idle_00025_Sprite.uasset" 1693
"F:/GitHub/SproutScape/SproutScape/Content/Developers/basde/Collections/SproutScapeDevFolderBas/Core/Assets/Drone2DAnims/idle/BeeBot_Idle/Idle_00025_Sprite.uexp" 1694
"F:/GitHub/SproutScape/SproutScape/Content/Developers/basde/Collections/SproutScapeDevFolderBas/Core/Assets/Drone2DAnims/idle/BeeBot_Idle/Idle_00003.uasset" 1695
"F:/GitHub/SproutScape/SproutScape/Content/Developers/basde/Collections/SproutScapeDevFolderBas/Core/Assets/Drone2DAnims/idle/BeeBot_Idle/Idle_00003.uexp" 1696
"F:/GitHub/SproutScape/SproutScape/Content/Developers/basde/Collections/SproutScapeDevFolderBas/Core/Assets/Drone2DAnims/idle/BeeBot_Idle/Idle_00003_Sprite.uasset" 1697
"F:/GitHub/SproutScape/SproutScape/Content/Developers/basde/Collections/SproutScapeDevFolderBas/Core/Assets/Drone2DAnims/idle/BeeBot_Idle/Idle_00003_Sprite.uexp" 1698
"F:/GitHub/SproutScape/SproutScape/Content/Developers/basde/Collections/SproutScapeDevFolderBas/Core/Assets/Drone2DAnims/idle/BeeBot_Idle/Idle_00045.uasset" 1699
"F:/GitHub/SproutScape/SproutScape/Content/Developers/basde/Collections/SproutScapeDevFolderBas/Core/Assets/Drone2DAnims/idle/BeeBot_Idle/Idle_00045.uexp" 1700
"F:/GitHub/SproutScape/SproutScape/Content/Developers/basde/Collections/SproutScapeDevFolderBas/Core/Assets/Drone2DAnims/idle/BeeBot_Idle/Idle_00045_Sprite.uasset" 1701
"F:/GitHub/SproutScape/SproutScape/Content/Developers/basde/Collections/SproutScapeDevFolderBas/Core/Assets/Drone2DAnims/idle/BeeBot_Idle/Idle_00045_Sprite.uexp" 1702
"F:/GitHub/SproutScape/SproutScape/Content/Developers/basde/Collections/SproutScapeDevFolderBas/Core/Assets/Drone2DAnims/idle/BeeBot_Idle/Idle_00039.uasset" 1703
"F:/GitHub/SproutScape/SproutScape/Content/Developers/basde/Collections/SproutScapeDevFolderBas/Core/Assets/Drone2DAnims/idle/BeeBot_Idle/Idle_00039.uexp" 1704
"F:/GitHub/SproutScape/SproutScape/Content/Developers/basde/Collections/SproutScapeDevFolderBas/Core/Assets/Drone2DAnims/idle/BeeBot_Idle/Idle_00039_Sprite.uasset" 1705
"F:/GitHub/SproutScape/SproutScape/Content/Developers/basde/Collections/SproutScapeDevFolderBas/Core/Assets/Drone2DAnims/idle/BeeBot_Idle/Idle_00039_Sprite.uexp" 1706
"F:/GitHub/SproutScape/SproutScape/Content/Developers/basde/Collections/SproutScapeDevFolderBas/Core/Assets/Drone2DAnims/idle/BeeBot_Idle/Idle_00001.uasset" 1707
"F:/GitHub/SproutScape/SproutScape/Content/Developers/basde/Collections/SproutScapeDevFolderBas/Core/Assets/Drone2DAnims/idle/BeeBot_Idle/Idle_00001.uexp" 1708
"F:/GitHub/SproutScape/SproutScape/Content/Developers/basde/Collections/SproutScapeDevFolderBas/Core/Assets/Drone2DAnims/idle/BeeBot_Idle/Idle_00001_Sprite.uasset" 1709
"F:/GitHub/SproutScape/SproutScape/Content/Developers/basde/Collections/SproutScapeDevFolderBas/Core/Assets/Drone2DAnims/idle/BeeBot_Idle/Idle_00001_Sprite.uexp" 1710
"F:/GitHub/SproutScape/SproutScape/Content/Developers/basde/Collections/SproutScapeDevFolderBas/Core/Assets/Drone2DAnims/idle/BeeBot_Idle/Idle_00029.uasset" 1711
"F:/GitHub/SproutScape/SproutScape/Content/Developers/basde/Collections/SproutScapeDevFolderBas/Core/Assets/Drone2DAnims/idle/BeeBot_Idle/Idle_00029.uexp" 1712
"F:/GitHub/SproutScape/SproutScape/Content/Developers/basde/Collections/SproutScapeDevFolderBas/Core/Assets/Drone2DAnims/idle/BeeBot_Idle/Idle_00029_Sprite.uasset" 1713
"F:/GitHub/SproutScape/SproutScape/Content/Developers/basde/Collections/SproutScapeDevFolderBas/Core/Assets/Drone2DAnims/idle/BeeBot_Idle/Idle_00029_Sprite.uexp" 1714
"F:/GitHub/SproutScape/SproutScape/Content/Developers/basde/Collections/SproutScapeDevFolderBas/Core/Assets/Drone2DAnims/idle/BeeBot_Idle/Idle_00044.uasset" 1715
"F:/GitHub/SproutScape/SproutScape/Content/Developers/basde/Collections/SproutScapeDevFolderBas/Core/Assets/Drone2DAnims/idle/BeeBot_Idle/Idle_00044.uexp" 1716
"F:/GitHub/SproutScape/SproutScape/Content/Developers/basde/Collections/SproutScapeDevFolderBas/Core/Assets/Drone2DAnims/idle/BeeBot_Idle/Idle_00044_Sprite.uasset" 1717
"F:/GitHub/SproutScape/SproutScape/Content/Developers/basde/Collections/SproutScapeDevFolderBas/Core/Assets/Drone2DAnims/idle/BeeBot_Idle/Idle_00044_Sprite.uexp" 1718
"F:/GitHub/SproutScape/SproutScape/Content/Developers/basde/Collections/SproutScapeDevFolderBas/Core/Assets/Drone2DAnims/idle/BeeBot_Idle/Idle_00026.uasset" 1719
"F:/GitHub/SproutScape/SproutScape/Content/Developers/basde/Collections/SproutScapeDevFolderBas/Core/Assets/Drone2DAnims/idle/BeeBot_Idle/Idle_00026.uexp" 1720
"F:/GitHub/SproutScape/SproutScape/Content/Developers/basde/Collections/SproutScapeDevFolderBas/Core/Assets/Drone2DAnims/idle/BeeBot_Idle/Idle_00026_Sprite.uasset" 1721
"F:/GitHub/SproutScape/SproutScape/Content/Developers/basde/Collections/SproutScapeDevFolderBas/Core/Assets/Drone2DAnims/idle/BeeBot_Idle/Idle_00026_Sprite.uexp" 1722
"F:/GitHub/SproutScape/SproutScape/Content/Developers/basde/Collections/SproutScapeDevFolderBas/Core/Assets/Drone2DAnims/idle/BeeBot_Idle/Idle.uasset" 1723
"F:/GitHub/SproutScape/SproutScape/Content/Developers/basde/Collections/SproutScapeDevFolderBas/Core/Assets/Drone2DAnims/idle/BeeBot_Idle/Idle.uexp" 1724
"F:/GitHub/SproutScape/SproutScape/Content/Developers/basde/Collections/SproutScapeDevFolderBas/Core/BLueprints/BP/AS_2DBot.uasset" 1725
"F:/GitHub/SproutScape/SproutScape/Content/Developers/basde/Collections/SproutScapeDevFolderBas/Core/BLueprints/BP/AS_2DBot.uexp" 1726
"F:/GitHub/SproutScape/SproutScape/Content/Developers/basde/Collections/SproutScapeDevFolderBas/Core/Assets/Drone2DAnims/Move/BeeBot_Walk_2/Walk_00004_Sprite.uasset" 1727
"F:/GitHub/SproutScape/SproutScape/Content/Developers/basde/Collections/SproutScapeDevFolderBas/Core/Assets/Drone2DAnims/Move/BeeBot_Walk_2/Walk_00004_Sprite.uexp" 1728
"F:/GitHub/SproutScape/SproutScape/Content/Developers/basde/Collections/SproutScapeDevFolderBas/Core/Assets/Drone2DAnims/Move/BeeBot_Walk_2/Walk_00020_Sprite.uasset" 1729
"F:/GitHub/SproutScape/SproutScape/Content/Developers/basde/Collections/SproutScapeDevFolderBas/Core/Assets/Drone2DAnims/Move/BeeBot_Walk_2/Walk_00020_Sprite.uexp" 1730
"F:/GitHub/SproutScape/SproutScape/Content/Developers/basde/Collections/SproutScapeDevFolderBas/Core/Assets/Drone2DAnims/Move/BeeBot_Walk_2/Walk_00029_Sprite.uasset" 1731
"F:/GitHub/SproutScape/SproutScape/Content/Developers/basde/Collections/SproutScapeDevFolderBas/Core/Assets/Drone2DAnims/Move/BeeBot_Walk_2/Walk_00029_Sprite.uexp" 1732
"F:/GitHub/SproutScape/SproutScape/Content/Developers/basde/Collections/SproutScapeDevFolderBas/Core/Assets/Drone2DAnims/Move/BeeBot_Walk_2/Walk_00005_Sprite.uasset" 1733
"F:/GitHub/SproutScape/SproutScape/Content/Developers/basde/Collections/SproutScapeDevFolderBas/Core/Assets/Drone2DAnims/Move/BeeBot_Walk_2/Walk_00005_Sprite.uexp" 1734
"F:/GitHub/SproutScape/SproutScape/Content/Developers/basde/Collections/SproutScapeDevFolderBas/Core/Assets/Drone2DAnims/Move/BeeBot_Walk_2/Walk_00013_Sprite.uasset" 1735
"F:/GitHub/SproutScape/SproutScape/Content/Developers/basde/Collections/SproutScapeDevFolderBas/Core/Assets/Drone2DAnims/Move/BeeBot_Walk_2/Walk_00013_Sprite.uexp" 1736
"F:/GitHub/SproutScape/SproutScape/Content/Developers/basde/Collections/SproutScapeDevFolderBas/Core/Assets/Drone2DAnims/Move/BeeBot_Walk_2/Walk_00009_Sprite.uasset" 1737
"F:/GitHub/SproutScape/SproutScape/Content/Developers/basde/Collections/SproutScapeDevFolderBas/Core/Assets/Drone2DAnims/Move/BeeBot_Walk_2/Walk_00009_Sprite.uexp" 1738
"F:/GitHub/SproutScape/SproutScape/Content/Developers/basde/Collections/SproutScapeDevFolderBas/Core/Assets/Drone2DAnims/Move/BeeBot_Walk_2/Walk_00001_Sprite.uasset" 1739
"F:/GitHub/SproutScape/SproutScape/Content/Developers/basde/Collections/SproutScapeDevFolderBas/Core/Assets/Drone2DAnims/Move/BeeBot_Walk_2/Walk_00001_Sprite.uexp" 1740
"F:/GitHub/SproutScape/SproutScape/Content/Developers/basde/Collections/SproutScapeDevFolderBas/Core/Assets/Drone2DAnims/Move/BeeBot_Walk_2/Walk_00021_Sprite.uasset" 1741
"F:/GitHub/SproutScape/SproutScape/Content/Developers/basde/Collections/SproutScapeDevFolderBas/Core/Assets/Drone2DAnims/Move/BeeBot_Walk_2/Walk_00021_Sprite.uexp" 1742
"F:/GitHub/SproutScape/SproutScape/Content/Developers/basde/Collections/SproutScapeDevFolderBas/Core/Assets/Drone2DAnims/Move/BeeBot_Walk_2/Walk_00003_Sprite.uasset" 1743
"F:/GitHub/SproutScape/SproutScape/Content/Developers/basde/Collections/SproutScapeDevFolderBas/Core/Assets/Drone2DAnims/Move/BeeBot_Walk_2/Walk_00003_Sprite.uexp" 1744
"F:/GitHub/SproutScape/SproutScape/Content/Developers/basde/Collections/SproutScapeDevFolderBas/Core/Assets/Drone2DAnims/Move/BeeBot_Walk_2/Walk_00016_Sprite.uasset" 1745
"F:/GitHub/SproutScape/SproutScape/Content/Developers/basde/Collections/SproutScapeDevFolderBas/Core/Assets/Drone2DAnims/Move/BeeBot_Walk_2/Walk_00016_Sprite.uexp" 1746
"F:/GitHub/SproutScape/SproutScape/Content/Developers/basde/Collections/SproutScapeDevFolderBas/Core/Assets/Drone2DAnims/Move/BeeBot_Walk_2/Walk_00008_Sprite.uasset" 1747
"F:/GitHub/SproutScape/SproutScape/Content/Developers/basde/Collections/SproutScapeDevFolderBas/Core/Assets/Drone2DAnims/Move/BeeBot_Walk_2/Walk_00008_Sprite.uexp" 1748
"F:/GitHub/SproutScape/SproutScape/Content/Developers/basde/Collections/SproutScapeDevFolderBas/Core/Assets/Drone2DAnims/Move/BeeBot_Walk_2/Walk_00011_Sprite.uasset" 1749
"F:/GitHub/SproutScape/SproutScape/Content/Developers/basde/Collections/SproutScapeDevFolderBas/Core/Assets/Drone2DAnims/Move/BeeBot_Walk_2/Walk_00011_Sprite.uexp" 1750
"F:/GitHub/SproutScape/SproutScape/Content/Developers/basde/Collections/SproutScapeDevFolderBas/Core/Assets/Drone2DAnims/Move/BeeBot_Walk_2/Walk_00027_Sprite.uasset" 1751
"F:/GitHub/SproutScape/SproutScape/Content/Developers/basde/Collections/SproutScapeDevFolderBas/Core/Assets/Drone2DAnims/Move/BeeBot_Walk_2/Walk_00027_Sprite.uexp" 1752
"F:/GitHub/SproutScape/SproutScape/Content/Developers/basde/Collections/SproutScapeDevFolderBas/Core/Assets/Drone2DAnims/Move/BeeBot_Walk_2/Walk_00007_Sprite.uasset" 1753
"F:/GitHub/SproutScape/SproutScape/Content/Developers/basde/Collections/SproutScapeDevFolderBas/Core/Assets/Drone2DAnims/Move/BeeBot_Walk_2/Walk_00007_Sprite.uexp" 1754
"F:/GitHub/SproutScape/SproutScape/Content/Developers/basde/Collections/SproutScapeDevFolderBas/Core/Assets/Drone2DAnims/Move/BeeBot_Walk_2/Walk_00018_Sprite.uasset" 1755
"F:/GitHub/SproutScape/SproutScape/Content/Developers/basde/Collections/SproutScapeDevFolderBas/Core/Assets/Drone2DAnims/Move/BeeBot_Walk_2/Walk_00018_Sprite.uexp" 1756
"F:/GitHub/SproutScape/SproutScape/Content/Developers/basde/Collections/SproutScapeDevFolderBas/Core/Assets/Drone2DAnims/Move/BeeBot_Walk_2/Walk_00014_Sprite.uasset" 1757
"F:/GitHub/SproutScape/SproutScape/Content/Developers/basde/Collections/SproutScapeDevFolderBas/Core/Assets/Drone2DAnims/Move/BeeBot_Walk_2/Walk_00014_Sprite.uexp" 1758
"F:/GitHub/SproutScape/SproutScape/Content/Developers/basde/Collections/SproutScapeDevFolderBas/Core/Assets/Drone2DAnims/Move/BeeBot_Walk_2/Walk_00028_Sprite.uasset" 1759
"F:/GitHub/SproutScape/SproutScape/Content/Developers/basde/Collections/SproutScapeDevFolderBas/Core/Assets/Drone2DAnims/Move/BeeBot_Walk_2/Walk_00028_Sprite.uexp" 1760
"F:/GitHub/SproutScape/SproutScape/Content/Developers/basde/Collections/SproutScapeDevFolderBas/Core/Assets/Drone2DAnims/Move/BeeBot_Walk_2/Walk_00022_Sprite.uasset" 1761
"F:/GitHub/SproutScape/SproutScape/Content/Developers/basde/Collections/SproutScapeDevFolderBas/Core/Assets/Drone2DAnims/Move/BeeBot_Walk_2/Walk_00022_Sprite.uexp" 1762
"F:/GitHub/SproutScape/SproutScape/Content/Developers/basde/Collections/SproutScapeDevFolderBas/Core/Assets/Drone2DAnims/Move/BeeBot_Walk_2/Walk_00010_Sprite.uasset" 1763
"F:/GitHub/SproutScape/SproutScape/Content/Developers/basde/Collections/SproutScapeDevFolderBas/Core/Assets/Drone2DAnims/Move/BeeBot_Walk_2/Walk_00010_Sprite.uexp" 1764
"F:/GitHub/SproutScape/SproutScape/Content/Developers/basde/Collections/SproutScapeDevFolderBas/Core/Assets/Drone2DAnims/Move/BeeBot_Walk_2/Walk_00000_Sprite.uasset" 1765
"F:/GitHub/SproutScape/SproutScape/Content/Developers/basde/Collections/SproutScapeDevFolderBas/Core/Assets/Drone2DAnims/Move/BeeBot_Walk_2/Walk_00000_Sprite.uexp" 1766
"F:/GitHub/SproutScape/SproutScape/Content/Developers/basde/Collections/SproutScapeDevFolderBas/Core/Assets/Drone2DAnims/Move/BeeBot_Walk_2/Walk_00023_Sprite.uasset" 1767
"F:/GitHub/SproutScape/SproutScape/Content/Developers/basde/Collections/SproutScapeDevFolderBas/Core/Assets/Drone2DAnims/Move/BeeBot_Walk_2/Walk_00023_Sprite.uexp" 1768
"F:/GitHub/SproutScape/SproutScape/Content/Developers/basde/Collections/SproutScapeDevFolderBas/Core/Assets/Drone2DAnims/Move/BeeBot_Walk_2/Walk_00024_Sprite.uasset" 1769
"F:/GitHub/SproutScape/SproutScape/Content/Developers/basde/Collections/SproutScapeDevFolderBas/Core/Assets/Drone2DAnims/Move/BeeBot_Walk_2/Walk_00024_Sprite.uexp" 1770
"F:/GitHub/SproutScape/SproutScape/Content/Developers/basde/Collections/SproutScapeDevFolderBas/Core/Assets/Drone2DAnims/Move/BeeBot_Walk_2/Walk_00019_Sprite.uasset" 1771
"F:/GitHub/SproutScape/SproutScape/Content/Developers/basde/Collections/SproutScapeDevFolderBas/Core/Assets/Drone2DAnims/Move/BeeBot_Walk_2/Walk_00019_Sprite.uexp" 1772
"F:/GitHub/SproutScape/SproutScape/Content/Developers/basde/Collections/SproutScapeDevFolderBas/Core/Assets/Drone2DAnims/Move/BeeBot_Walk_2/Walk_00025_Sprite.uasset" 1773
"F:/GitHub/SproutScape/SproutScape/Content/Developers/basde/Collections/SproutScapeDevFolderBas/Core/Assets/Drone2DAnims/Move/BeeBot_Walk_2/Walk_00025_Sprite.uexp" 1774
"F:/GitHub/SproutScape/SproutScape/Content/Developers/basde/Collections/SproutScapeDevFolderBas/Core/Assets/Drone2DAnims/Move/BeeBot_Walk_2/Walk_00015_Sprite.uasset" 1775
"F:/GitHub/SproutScape/SproutScape/Content/Developers/basde/Collections/SproutScapeDevFolderBas/Core/Assets/Drone2DAnims/Move/BeeBot_Walk_2/Walk_00015_Sprite.uexp" 1776
"F:/GitHub/SproutScape/SproutScape/Content/Developers/basde/Collections/SproutScapeDevFolderBas/Core/Assets/Drone2DAnims/Move/BeeBot_Walk_2/Walk_00006_Sprite.uasset" 1777
"F:/GitHub/SproutScape/SproutScape/Content/Developers/basde/Collections/SproutScapeDevFolderBas/Core/Assets/Drone2DAnims/Move/BeeBot_Walk_2/Walk_00006_Sprite.uexp" 1778
"F:/GitHub/SproutScape/SproutScape/Content/Developers/basde/Collections/SproutScapeDevFolderBas/Core/Assets/Drone2DAnims/Move/BeeBot_Walk_2/Walk_00012_Sprite.uasset" 1779
"F:/GitHub/SproutScape/SproutScape/Content/Developers/basde/Collections/SproutScapeDevFolderBas/Core/Assets/Drone2DAnims/Move/BeeBot_Walk_2/Walk_00012_Sprite.uexp" 1780
"F:/GitHub/SproutScape/SproutScape/Content/Developers/basde/Collections/SproutScapeDevFolderBas/Core/Assets/Drone2DAnims/Move/BeeBot_Walk_2/Walk_00026_Sprite.uasset" 1781
"F:/GitHub/SproutScape/SproutScape/Content/Developers/basde/Collections/SproutScapeDevFolderBas/Core/Assets/Drone2DAnims/Move/BeeBot_Walk_2/Walk_00026_Sprite.uexp" 1782
"F:/GitHub/SproutScape/SproutScape/Content/Developers/basde/Collections/SproutScapeDevFolderBas/Core/Assets/Drone2DAnims/Move/BeeBot_Walk_2/Walk_00002_Sprite.uasset" 1783
"F:/GitHub/SproutScape/SproutScape/Content/Developers/basde/Collections/SproutScapeDevFolderBas/Core/Assets/Drone2DAnims/Move/BeeBot_Walk_2/Walk_00002_Sprite.uexp" 1784
"F:/GitHub/SproutScape/SproutScape/Content/Developers/basde/Collections/SproutScapeDevFolderBas/Core/Assets/Drone2DAnims/Move/BeeBot_Walk_2/Walk_00017_Sprite.uasset" 1785
"F:/GitHub/SproutScape/SproutScape/Content/Developers/basde/Collections/SproutScapeDevFolderBas/Core/Assets/Drone2DAnims/Move/BeeBot_Walk_2/Walk_00017_Sprite.uexp" 1786
"F:/GitHub/SproutScape/SproutScape/Content/Developers/basde/Collections/SproutScapeDevFolderBas/Core/Assets/Drone2DAnims/Move/BeeBot_Walk_2/FB_Run.uasset" 1787
"F:/GitHub/SproutScape/SproutScape/Content/Developers/basde/Collections/SproutScapeDevFolderBas/Core/Assets/Drone2DAnims/Move/BeeBot_Walk_2/FB_Run.uexp" 1788
"F:/GitHub/SproutScape/SproutScape/Content/Developers/basde/Collections/SproutScapeDevFolderBas/Core/BLueprints/BP/AnimSequences/RunAnim.uasset" 1789
"F:/GitHub/SproutScape/SproutScape/Content/Developers/basde/Collections/SproutScapeDevFolderBas/Core/BLueprints/BP/AnimSequences/RunAnim.uexp" 1790
"F:/GitHub/SproutScape/SproutScape/Content/Developers/basde/Collections/SproutScapeDevFolderBas/Core/BLueprints/BP/AnimSequences/IdleAnim.uasset" 1791
"F:/GitHub/SproutScape/SproutScape/Content/Developers/basde/Collections/SproutScapeDevFolderBas/Core/BLueprints/BP/AnimSequences/IdleAnim.uexp" 1792
"F:/GitHub/SproutScape/SproutScape/Content/Developers/basde/Collections/SproutScapeDevFolderBas/Core/Assets/Drone2DAnims/Jump/BeeBot_JumpUp_2/JumpUp_00045.uasset" 1793
"F:/GitHub/SproutScape/SproutScape/Content/Developers/basde/Collections/SproutScapeDevFolderBas/Core/Assets/Drone2DAnims/Jump/BeeBot_JumpUp_2/JumpUp_00045.uexp" 1794
"F:/GitHub/SproutScape/SproutScape/Content/Developers/basde/Collections/SproutScapeDevFolderBas/Core/Assets/Drone2DAnims/Jump/BeeBot_JumpUp_2/JumpUp_00045_Sprite.uasset" 1795
"F:/GitHub/SproutScape/SproutScape/Content/Developers/basde/Collections/SproutScapeDevFolderBas/Core/Assets/Drone2DAnims/Jump/BeeBot_JumpUp_2/JumpUp_00045_Sprite.uexp" 1796
"F:/GitHub/SproutScape/SproutScape/Content/Developers/basde/Collections/SproutScapeDevFolderBas/Core/Assets/Drone2DAnims/Jump/BeeBot_JumpUp_2/JumpUp_00053.uasset" 1797
"F:/GitHub/SproutScape/SproutScape/Content/Developers/basde/Collections/SproutScapeDevFolderBas/Core/Assets/Drone2DAnims/Jump/BeeBot_JumpUp_2/JumpUp_00053.uexp" 1798
"F:/GitHub/SproutScape/SproutScape/Content/Developers/basde/Collections/SproutScapeDevFolderBas/Core/Assets/Drone2DAnims/Jump/BeeBot_JumpUp_2/JumpUp_00053_Sprite.uasset" 1799
"F:/GitHub/SproutScape/SproutScape/Content/Developers/basde/Collections/SproutScapeDevFolderBas/Core/Assets/Drone2DAnims/Jump/BeeBot_JumpUp_2/JumpUp_00053_Sprite.uexp" 1800
"F:/GitHub/SproutScape/SproutScape/Content/Developers/basde/Collections/SproutScapeDevFolderBas/Core/Assets/Drone2DAnims/Jump/BeeBot_JumpUp_2/JumpUp_00029.uasset" 1801
"F:/GitHub/SproutScape/SproutScape/Content/Developers/basde/Collections/SproutScapeDevFolderBas/Core/Assets/Drone2DAnims/Jump/BeeBot_JumpUp_2/JumpUp_00029.uexp" 1802
"F:/GitHub/SproutScape/SproutScape/Content/Developers/basde/Collections/SproutScapeDevFolderBas/Core/Assets/Drone2DAnims/Jump/BeeBot_JumpUp_2/JumpUp_00029_Sprite.uasset" 1803
"F:/GitHub/SproutScape/SproutScape/Content/Developers/basde/Collections/SproutScapeDevFolderBas/Core/Assets/Drone2DAnims/Jump/BeeBot_JumpUp_2/JumpUp_00029_Sprite.uexp" 1804
"F:/GitHub/SproutScape/SproutScape/Content/Developers/basde/Collections/SproutScapeDevFolderBas/Core/Assets/Drone2DAnims/Jump/BeeBot_JumpUp_2/JumpUp_00013.uasset" 1805
"F:/GitHub/SproutScape/SproutScape/Content/Developers/basde/Collections/SproutScapeDevFolderBas/Core/Assets/Drone2DAnims/Jump/BeeBot_JumpUp_2/JumpUp_00013.uexp" 1806
"F:/GitHub/SproutScape/SproutScape/Content/Developers/basde/Collections/SproutScapeDevFolderBas/Core/Assets/Drone2DAnims/Jump/BeeBot_JumpUp_2/JumpUp_00013_Sprite.uasset" 1807
"F:/GitHub/SproutScape/SproutScape/Content/Developers/basde/Collections/SproutScapeDevFolderBas/Core/Assets/Drone2DAnims/Jump/BeeBot_JumpUp_2/JumpUp_00013_Sprite.uexp" 1808
"F:/GitHub/SproutScape/SproutScape/Content/Developers/basde/Collections/SproutScapeDevFolderBas/Core/Assets/Drone2DAnims/Jump/BeeBot_JumpUp_2/JumpUp_00037.uasset" 1809
"F:/GitHub/SproutScape/SproutScape/Content/Developers/basde/Collections/SproutScapeDevFolderBas/Core/Assets/Drone2DAnims/Jump/BeeBot_JumpUp_2/JumpUp_00037.uexp" 1810
"F:/GitHub/SproutScape/SproutScape/Content/Developers/basde/Collections/SproutScapeDevFolderBas/Core/Assets/Drone2DAnims/Jump/BeeBot_JumpUp_2/JumpUp_00037_Sprite.uasset" 1811
"F:/GitHub/SproutScape/SproutScape/Content/Developers/basde/Collections/SproutScapeDevFolderBas/Core/Assets/Drone2DAnims/Jump/BeeBot_JumpUp_2/JumpUp_00037_Sprite.uexp" 1812
"F:/GitHub/SproutScape/SproutScape/Content/Developers/basde/Collections/SproutScapeDevFolderBas/Core/Assets/Drone2DAnims/Jump/BeeBot_JumpUp_2/JumpUp_00027.uasset" 1813
"F:/GitHub/SproutScape/SproutScape/Content/Developers/basde/Collections/SproutScapeDevFolderBas/Core/Assets/Drone2DAnims/Jump/BeeBot_JumpUp_2/JumpUp_00027.uexp" 1814
"F:/GitHub/SproutScape/SproutScape/Content/Developers/basde/Collections/SproutScapeDevFolderBas/Core/Assets/Drone2DAnims/Jump/BeeBot_JumpUp_2/JumpUp_00027_Sprite.uasset" 1815
"F:/GitHub/SproutScape/SproutScape/Content/Developers/basde/Collections/SproutScapeDevFolderBas/Core/Assets/Drone2DAnims/Jump/BeeBot_JumpUp_2/JumpUp_00027_Sprite.uexp" 1816
"F:/GitHub/SproutScape/SproutScape/Content/Developers/basde/Collections/SproutScapeDevFolderBas/Core/Assets/Drone2DAnims/Jump/BeeBot_JumpUp_2/JumpUp_00048.uasset" 1817
"F:/GitHub/SproutScape/SproutScape/Content/Developers/basde/Collections/SproutScapeDevFolderBas/Core/Assets/Drone2DAnims/Jump/BeeBot_JumpUp_2/JumpUp_00048.uexp" 1818
"F:/GitHub/SproutScape/SproutScape/Content/Developers/basde/Collections/SproutScapeDevFolderBas/Core/Assets/Drone2DAnims/Jump/BeeBot_JumpUp_2/JumpUp_00048_Sprite.uasset" 1819
"F:/GitHub/SproutScape/SproutScape/Content/Developers/basde/Collections/SproutScapeDevFolderBas/Core/Assets/Drone2DAnims/Jump/BeeBot_JumpUp_2/JumpUp_00048_Sprite.uexp" 1820
"F:/GitHub/SproutScape/SproutScape/Content/Developers/basde/Collections/SproutScapeDevFolderBas/Core/Assets/Drone2DAnims/Jump/BeeBot_JumpUp_2/JumpUp_00005.uasset" 1821
"F:/GitHub/SproutScape/SproutScape/Content/Developers/basde/Collections/SproutScapeDevFolderBas/Core/Assets/Drone2DAnims/Jump/BeeBot_JumpUp_2/JumpUp_00005.uexp" 1822
"F:/GitHub/SproutScape/SproutScape/Content/Developers/basde/Collections/SproutScapeDevFolderBas/Core/Assets/Drone2DAnims/Jump/BeeBot_JumpUp_2/JumpUp_00005_Sprite.uasset" 1823
"F:/GitHub/SproutScape/SproutScape/Content/Developers/basde/Collections/SproutScapeDevFolderBas/Core/Assets/Drone2DAnims/Jump/BeeBot_JumpUp_2/JumpUp_00005_Sprite.uexp" 1824
"F:/GitHub/SproutScape/SproutScape/Content/Developers/basde/Collections/SproutScapeDevFolderBas/Core/Assets/Drone2DAnims/Jump/BeeBot_JumpUp_2/JumpUp_00011.uasset" 1825
"F:/GitHub/SproutScape/SproutScape/Content/Developers/basde/Collections/SproutScapeDevFolderBas/Core/Assets/Drone2DAnims/Jump/BeeBot_JumpUp_2/JumpUp_00011.uexp" 1826
"F:/GitHub/SproutScape/SproutScape/Content/Developers/basde/Collections/SproutScapeDevFolderBas/Core/Assets/Drone2DAnims/Jump/BeeBot_JumpUp_2/JumpUp_00011_Sprite.uasset" 1827
"F:/GitHub/SproutScape/SproutScape/Content/Developers/basde/Collections/SproutScapeDevFolderBas/Core/Assets/Drone2DAnims/Jump/BeeBot_JumpUp_2/JumpUp_00011_Sprite.uexp" 1828
"F:/GitHub/SproutScape/SproutScape/Content/Developers/basde/Collections/SproutScapeDevFolderBas/Core/Assets/Drone2DAnims/Jump/BeeBot_JumpUp_2/JumpUp_00032.uasset" 1829
"F:/GitHub/SproutScape/SproutScape/Content/Developers/basde/Collections/SproutScapeDevFolderBas/Core/Assets/Drone2DAnims/Jump/BeeBot_JumpUp_2/JumpUp_00032.uexp" 1830
"F:/GitHub/SproutScape/SproutScape/Content/Developers/basde/Collections/SproutScapeDevFolderBas/Core/Assets/Drone2DAnims/Jump/BeeBot_JumpUp_2/JumpUp_00032_Sprite.uasset" 1831
"F:/GitHub/SproutScape/SproutScape/Content/Developers/basde/Collections/SproutScapeDevFolderBas/Core/Assets/Drone2DAnims/Jump/BeeBot_JumpUp_2/JumpUp_00032_Sprite.uexp" 1832
"F:/GitHub/SproutScape/SproutScape/Content/Developers/basde/Collections/SproutScapeDevFolderBas/Core/Assets/Drone2DAnims/Jump/BeeBot_JumpUp_2/JumpUp_00042.uasset" 1833
"F:/GitHub/SproutScape/SproutScape/Content/Developers/basde/Collections/SproutScapeDevFolderBas/Core/Assets/Drone2DAnims/Jump/BeeBot_JumpUp_2/JumpUp_00042.uexp" 1834
"F:/GitHub/SproutScape/SproutScape/Content/Developers/basde/Collections/SproutScapeDevFolderBas/Core/Assets/Drone2DAnims/Jump/BeeBot_JumpUp_2/JumpUp_00042_Sprite.uasset" 1835
"F:/GitHub/SproutScape/SproutScape/Content/Developers/basde/Collections/SproutScapeDevFolderBas/Core/Assets/Drone2DAnims/Jump/BeeBot_JumpUp_2/JumpUp_00042_Sprite.uexp" 1836
"F:/GitHub/SproutScape/SproutScape/Content/Developers/basde/Collections/SproutScapeDevFolderBas/Core/Assets/Drone2DAnims/Jump/BeeBot_JumpUp_2/JumpUp_00023.uasset" 1837
"F:/GitHub/SproutScape/SproutScape/Content/Developers/basde/Collections/SproutScapeDevFolderBas/Core/Assets/Drone2DAnims/Jump/BeeBot_JumpUp_2/JumpUp_00023.uexp" 1838
"F:/GitHub/SproutScape/SproutScape/Content/Developers/basde/Collections/SproutScapeDevFolderBas/Core/Assets/Drone2DAnims/Jump/BeeBot_JumpUp_2/JumpUp_00023_Sprite.uasset" 1839
"F:/GitHub/SproutScape/SproutScape/Content/Developers/basde/Collections/SproutScapeDevFolderBas/Core/Assets/Drone2DAnims/Jump/BeeBot_JumpUp_2/JumpUp_00023_Sprite.uexp" 1840
"F:/GitHub/SproutScape/SproutScape/Content/Developers/basde/Collections/SproutScapeDevFolderBas/Core/Assets/Drone2DAnims/Jump/BeeBot_JumpUp_2/JumpUp_00015.uasset" 1841
"F:/GitHub/SproutScape/SproutScape/Content/Developers/basde/Collections/SproutScapeDevFolderBas/Core/Assets/Drone2DAnims/Jump/BeeBot_JumpUp_2/JumpUp_00015.uexp" 1842
"F:/GitHub/SproutScape/SproutScape/Content/Developers/basde/Collections/SproutScapeDevFolderBas/Core/Assets/Drone2DAnims/Jump/BeeBot_JumpUp_2/JumpUp_00015_Sprite.uasset" 1843
"F:/GitHub/SproutScape/SproutScape/Content/Developers/basde/Collections/SproutScapeDevFolderBas/Core/Assets/Drone2DAnims/Jump/BeeBot_JumpUp_2/JumpUp_00015_Sprite.uexp" 1844
"F:/GitHub/SproutScape/SproutScape/Content/Developers/basde/Collections/SproutScapeDevFolderBas/Core/Assets/Drone2DAnims/Jump/BeeBot_JumpUp_2/JumpUp_00041.uasset" 1845
"F:/GitHub/SproutScape/SproutScape/Content/Developers/basde/Collections/SproutScapeDevFolderBas/Core/Assets/Drone2DAnims/Jump/BeeBot_JumpUp_2/JumpUp_00041.uexp" 1846
"F:/GitHub/SproutScape/SproutScape/Content/Developers/basde/Collections/SproutScapeDevFolderBas/Core/Assets/Drone2DAnims/Jump/BeeBot_JumpUp_2/JumpUp_00041_Sprite.uasset" 1847
"F:/GitHub/SproutScape/SproutScape/Content/Developers/basde/Collections/SproutScapeDevFolderBas/Core/Assets/Drone2DAnims/Jump/BeeBot_JumpUp_2/JumpUp_00041_Sprite.uexp" 1848
"F:/GitHub/SproutScape/SproutScape/Content/Developers/basde/Collections/SproutScapeDevFolderBas/Core/Assets/Drone2DAnims/Jump/BeeBot_JumpUp_2/JumpUp_00004.uasset" 1849
"F:/GitHub/SproutScape/SproutScape/Content/Developers/basde/Collections/SproutScapeDevFolderBas/Core/Assets/Drone2DAnims/Jump/BeeBot_JumpUp_2/JumpUp_00004.uexp" 1850
"F:/GitHub/SproutScape/SproutScape/Content/Developers/basde/Collections/SproutScapeDevFolderBas/Core/Assets/Drone2DAnims/Jump/BeeBot_JumpUp_2/JumpUp_00004_Sprite.uasset" 1851
"F:/GitHub/SproutScape/SproutScape/Content/Developers/basde/Collections/SproutScapeDevFolderBas/Core/Assets/Drone2DAnims/Jump/BeeBot_JumpUp_2/JumpUp_00004_Sprite.uexp" 1852
"F:/GitHub/SproutScape/SproutScape/Content/Developers/basde/Collections/SproutScapeDevFolderBas/Core/Assets/Drone2DAnims/Jump/BeeBot_JumpUp_2/JumpUp_00006.uasset" 1853
"F:/GitHub/SproutScape/SproutScape/Content/Developers/basde/Collections/SproutScapeDevFolderBas/Core/Assets/Drone2DAnims/Jump/BeeBot_JumpUp_2/JumpUp_00006.uexp" 1854
"F:/GitHub/SproutScape/SproutScape/Content/Developers/basde/Collections/SproutScapeDevFolderBas/Core/Assets/Drone2DAnims/Jump/BeeBot_JumpUp_2/JumpUp_00006_Sprite.uasset" 1855
"F:/GitHub/SproutScape/SproutScape/Content/Developers/basde/Collections/SproutScapeDevFolderBas/Core/Assets/Drone2DAnims/Jump/BeeBot_JumpUp_2/JumpUp_00006_Sprite.uexp" 1856
"F:/GitHub/SproutScape/SproutScape/Content/Developers/basde/Collections/SproutScapeDevFolderBas/Core/Assets/Drone2DAnims/Jump/BeeBot_JumpUp_2/JumpUp_00031.uasset" 1857
"F:/GitHub/SproutScape/SproutScape/Content/Developers/basde/Collections/SproutScapeDevFolderBas/Core/Assets/Drone2DAnims/Jump/BeeBot_JumpUp_2/JumpUp_00031.uexp" 1858
"F:/GitHub/SproutScape/SproutScape/Content/Developers/basde/Collections/SproutScapeDevFolderBas/Core/Assets/Drone2DAnims/Jump/BeeBot_JumpUp_2/JumpUp_00031_Sprite.uasset" 1859
"F:/GitHub/SproutScape/SproutScape/Content/Developers/basde/Collections/SproutScapeDevFolderBas/Core/Assets/Drone2DAnims/Jump/BeeBot_JumpUp_2/JumpUp_00031_Sprite.uexp" 1860
"F:/GitHub/SproutScape/SproutScape/Content/Developers/basde/Collections/SproutScapeDevFolderBas/Core/Assets/Drone2DAnims/Jump/BeeBot_JumpUp_2/JumpUp_00001.uasset" 1861
"F:/GitHub/SproutScape/SproutScape/Content/Developers/basde/Collections/SproutScapeDevFolderBas/Core/Assets/Drone2DAnims/Jump/BeeBot_JumpUp_2/JumpUp_00001.uexp" 1862
"F:/GitHub/SproutScape/SproutScape/Content/Developers/basde/Collections/SproutScapeDevFolderBas/Core/Assets/Drone2DAnims/Jump/BeeBot_JumpUp_2/JumpUp_00001_Sprite.uasset" 1863
"F:/GitHub/SproutScape/SproutScape/Content/Developers/basde/Collections/SproutScapeDevFolderBas/Core/Assets/Drone2DAnims/Jump/BeeBot_JumpUp_2/JumpUp_00001_Sprite.uexp" 1864
"F:/GitHub/SproutScape/SproutScape/Content/Developers/basde/Collections/SproutScapeDevFolderBas/Core/Assets/Drone2DAnims/Jump/BeeBot_JumpUp_2/JumpUp_00010.uasset" 1865
"F:/GitHub/SproutScape/SproutScape/Content/Developers/basde/Collections/SproutScapeDevFolderBas/Core/Assets/Drone2DAnims/Jump/BeeBot_JumpUp_2/JumpUp_00010.uexp" 1866
"F:/GitHub/SproutScape/SproutScape/Content/Developers/basde/Collections/SproutScapeDevFolderBas/Core/Assets/Drone2DAnims/Jump/BeeBot_JumpUp_2/JumpUp_00010_Sprite.uasset" 1867
"F:/GitHub/SproutScape/SproutScape/Content/Developers/basde/Collections/SproutScapeDevFolderBas/Core/Assets/Drone2DAnims/Jump/BeeBot_JumpUp_2/JumpUp_00010_Sprite.uexp" 1868
"F:/GitHub/SproutScape/SproutScape/Content/Developers/basde/Collections/SproutScapeDevFolderBas/Core/Assets/Drone2DAnims/Jump/BeeBot_JumpUp_2/JumpUp_00044.uasset" 1869
"F:/GitHub/SproutScape/SproutScape/Content/Developers/basde/Collections/SproutScapeDevFolderBas/Core/Assets/Drone2DAnims/Jump/BeeBot_JumpUp_2/JumpUp_00044.uexp" 1870
"F:/GitHub/SproutScape/SproutScape/Content/Developers/basde/Collections/SproutScapeDevFolderBas/Core/Assets/Drone2DAnims/Jump/BeeBot_JumpUp_2/JumpUp_00044_Sprite.uasset" 1871
"F:/GitHub/SproutScape/SproutScape/Content/Developers/basde/Collections/SproutScapeDevFolderBas/Core/Assets/Drone2DAnims/Jump/BeeBot_JumpUp_2/JumpUp_00044_Sprite.uexp" 1872
"F:/GitHub/SproutScape/SproutScape/Content/Developers/basde/Collections/SproutScapeDevFolderBas/Core/Assets/Drone2DAnims/Jump/BeeBot_JumpUp_2/JumpUp_00000.uasset" 1873
"F:/GitHub/SproutScape/SproutScape/Content/Developers/basde/Collections/SproutScapeDevFolderBas/Core/Assets/Drone2DAnims/Jump/BeeBot_JumpUp_2/JumpUp_00000.uexp" 1874
"F:/GitHub/SproutScape/SproutScape/Content/Developers/basde/Collections/SproutScapeDevFolderBas/Core/Assets/Drone2DAnims/Jump/BeeBot_JumpUp_2/JumpUp_00000_Sprite.uasset" 1875
"F:/GitHub/SproutScape/SproutScape/Content/Developers/basde/Collections/SproutScapeDevFolderBas/Core/Assets/Drone2DAnims/Jump/BeeBot_JumpUp_2/JumpUp_00000_Sprite.uexp" 1876
"F:/GitHub/SproutScape/SproutScape/Content/Developers/basde/Collections/SproutScapeDevFolderBas/Core/Assets/Drone2DAnims/Jump/BeeBot_JumpUp_2/JumpUp_00033.uasset" 1877
"F:/GitHub/SproutScape/SproutScape/Content/Developers/basde/Collections/SproutScapeDevFolderBas/Core/Assets/Drone2DAnims/Jump/BeeBot_JumpUp_2/JumpUp_00033.uexp" 1878
"F:/GitHub/SproutScape/SproutScape/Content/Developers/basde/Collections/SproutScapeDevFolderBas/Core/Assets/Drone2DAnims/Jump/BeeBot_JumpUp_2/JumpUp_00033_Sprite.uasset" 1879
"F:/GitHub/SproutScape/SproutScape/Content/Developers/basde/Collections/SproutScapeDevFolderBas/Core/Assets/Drone2DAnims/Jump/BeeBot_JumpUp_2/JumpUp_00033_Sprite.uexp" 1880
"F:/GitHub/SproutScape/SproutScape/Content/Developers/basde/Collections/SproutScapeDevFolderBas/Core/Assets/Drone2DAnims/Jump/BeeBot_JumpUp_2/JumpUp_00009.uasset" 1881
"F:/GitHub/SproutScape/SproutScape/Content/Developers/basde/Collections/SproutScapeDevFolderBas/Core/Assets/Drone2DAnims/Jump/BeeBot_JumpUp_2/JumpUp_00009.uexp" 1882
"F:/GitHub/SproutScape/SproutScape/Content/Developers/basde/Collections/SproutScapeDevFolderBas/Core/Assets/Drone2DAnims/Jump/BeeBot_JumpUp_2/JumpUp_00009_Sprite.uasset" 1883
"F:/GitHub/SproutScape/SproutScape/Content/Developers/basde/Collections/SproutScapeDevFolderBas/Core/Assets/Drone2DAnims/Jump/BeeBot_JumpUp_2/JumpUp_00009_Sprite.uexp" 1884
"F:/GitHub/SproutScape/SproutScape/Content/Developers/basde/Collections/SproutScapeDevFolderBas/Core/Assets/Drone2DAnims/Jump/BeeBot_JumpUp_2/JumpUp_00017.uasset" 1885
"F:/GitHub/SproutScape/SproutScape/Content/Developers/basde/Collections/SproutScapeDevFolderBas/Core/Assets/Drone2DAnims/Jump/BeeBot_JumpUp_2/JumpUp_00017.uexp" 1886
"F:/GitHub/SproutScape/SproutScape/Content/Developers/basde/Collections/SproutScapeDevFolderBas/Core/Assets/Drone2DAnims/Jump/BeeBot_JumpUp_2/JumpUp_00017_Sprite.uasset" 1887
"F:/GitHub/SproutScape/SproutScape/Content/Developers/basde/Collections/SproutScapeDevFolderBas/Core/Assets/Drone2DAnims/Jump/BeeBot_JumpUp_2/JumpUp_00017_Sprite.uexp" 1888
"F:/GitHub/SproutScape/SproutScape/Content/Developers/basde/Collections/SproutScapeDevFolderBas/Core/Assets/Drone2DAnims/Jump/BeeBot_JumpUp_2/JumpUp_00008.uasset" 1889
"F:/GitHub/SproutScape/SproutScape/Content/Developers/basde/Collections/SproutScapeDevFolderBas/Core/Assets/Drone2DAnims/Jump/BeeBot_JumpUp_2/JumpUp_00008.uexp" 1890
"F:/GitHub/SproutScape/SproutScape/Content/Developers/basde/Collections/SproutScapeDevFolderBas/Core/Assets/Drone2DAnims/Jump/BeeBot_JumpUp_2/JumpUp_00008_Sprite.uasset" 1891
"F:/GitHub/SproutScape/SproutScape/Content/Developers/basde/Collections/SproutScapeDevFolderBas/Core/Assets/Drone2DAnims/Jump/BeeBot_JumpUp_2/JumpUp_00008_Sprite.uexp" 1892
"F:/GitHub/SproutScape/SproutScape/Content/Developers/basde/Collections/SproutScapeDevFolderBas/Core/Assets/Drone2DAnims/Jump/BeeBot_JumpUp_2/JumpUp_00019.uasset" 1893
"F:/GitHub/SproutScape/SproutScape/Content/Developers/basde/Collections/SproutScapeDevFolderBas/Core/Assets/Drone2DAnims/Jump/BeeBot_JumpUp_2/JumpUp_00019.uexp" 1894
"F:/GitHub/SproutScape/SproutScape/Content/Developers/basde/Collections/SproutScapeDevFolderBas/Core/Assets/Drone2DAnims/Jump/BeeBot_JumpUp_2/JumpUp_00019_Sprite.uasset" 1895
"F:/GitHub/SproutScape/SproutScape/Content/Developers/basde/Collections/SproutScapeDevFolderBas/Core/Assets/Drone2DAnims/Jump/BeeBot_JumpUp_2/JumpUp_00019_Sprite.uexp" 1896
"F:/GitHub/SproutScape/SproutScape/Content/Developers/basde/Collections/SproutScapeDevFolderBas/Core/Assets/Drone2DAnims/Jump/BeeBot_JumpUp_2/JumpUp_00018.uasset" 1897
"F:/GitHub/SproutScape/SproutScape/Content/Developers/basde/Collections/SproutScapeDevFolderBas/Core/Assets/Drone2DAnims/Jump/BeeBot_JumpUp_2/JumpUp_00018.uexp" 1898
"F:/GitHub/SproutScape/SproutScape/Content/Developers/basde/Collections/SproutScapeDevFolderBas/Core/Assets/Drone2DAnims/Jump/BeeBot_JumpUp_2/JumpUp_00018_Sprite.uasset" 1899
"F:/GitHub/SproutScape/SproutScape/Content/Developers/basde/Collections/SproutScapeDevFolderBas/Core/Assets/Drone2DAnims/Jump/BeeBot_JumpUp_2/JumpUp_00018_Sprite.uexp" 1900
"F:/GitHub/SproutScape/SproutScape/Content/Developers/basde/Collections/SproutScapeDevFolderBas/Core/Assets/Drone2DAnims/Jump/BeeBot_JumpUp_2/JumpUp_00026.uasset" 1901
"F:/GitHub/SproutScape/SproutScape/Content/Developers/basde/Collections/SproutScapeDevFolderBas/Core/Assets/Drone2DAnims/Jump/BeeBot_JumpUp_2/JumpUp_00026.uexp" 1902
"F:/GitHub/SproutScape/SproutScape/Content/Developers/basde/Collections/SproutScapeDevFolderBas/Core/Assets/Drone2DAnims/Jump/BeeBot_JumpUp_2/JumpUp_00026_Sprite.uasset" 1903
"F:/GitHub/SproutScape/SproutScape/Content/Developers/basde/Collections/SproutScapeDevFolderBas/Core/Assets/Drone2DAnims/Jump/BeeBot_JumpUp_2/JumpUp_00026_Sprite.uexp" 1904
"F:/GitHub/SproutScape/SproutScape/Content/Developers/basde/Collections/SproutScapeDevFolderBas/Core/Assets/Drone2DAnims/Jump/BeeBot_JumpUp_2/JumpUp_00051.uasset" 1905
"F:/GitHub/SproutScape/SproutScape/Content/Developers/basde/Collections/SproutScapeDevFolderBas/Core/Assets/Drone2DAnims/Jump/BeeBot_JumpUp_2/JumpUp_00051.uexp" 1906
"F:/GitHub/SproutScape/SproutScape/Content/Developers/basde/Collections/SproutScapeDevFolderBas/Core/Assets/Drone2DAnims/Jump/BeeBot_JumpUp_2/JumpUp_00051_Sprite.uasset" 1907
"F:/GitHub/SproutScape/SproutScape/Content/Developers/basde/Collections/SproutScapeDevFolderBas/Core/Assets/Drone2DAnims/Jump/BeeBot_JumpUp_2/JumpUp_00051_Sprite.uexp" 1908
"F:/GitHub/SproutScape/SproutScape/Content/Developers/basde/Collections/SproutScapeDevFolderBas/Core/Assets/Drone2DAnims/Jump/BeeBot_JumpUp_2/JumpUp_00012.uasset" 1909
"F:/GitHub/SproutScape/SproutScape/Content/Developers/basde/Collections/SproutScapeDevFolderBas/Core/Assets/Drone2DAnims/Jump/BeeBot_JumpUp_2/JumpUp_00012.uexp" 1910
"F:/GitHub/SproutScape/SproutScape/Content/Developers/basde/Collections/SproutScapeDevFolderBas/Core/Assets/Drone2DAnims/Jump/BeeBot_JumpUp_2/JumpUp_00012_Sprite.uasset" 1911
"F:/GitHub/SproutScape/SproutScape/Content/Developers/basde/Collections/SproutScapeDevFolderBas/Core/Assets/Drone2DAnims/Jump/BeeBot_JumpUp_2/JumpUp_00012_Sprite.uexp" 1912
"F:/GitHub/SproutScape/SproutScape/Content/Developers/basde/Collections/SproutScapeDevFolderBas/Core/Assets/Drone2DAnims/Jump/BeeBot_JumpUp_2/JumpUp_00002.uasset" 1913
"F:/GitHub/SproutScape/SproutScape/Content/Developers/basde/Collections/SproutScapeDevFolderBas/Core/Assets/Drone2DAnims/Jump/BeeBot_JumpUp_2/JumpUp_00002.uexp" 1914
"F:/GitHub/SproutScape/SproutScape/Content/Developers/basde/Collections/SproutScapeDevFolderBas/Core/Assets/Drone2DAnims/Jump/BeeBot_JumpUp_2/JumpUp_00002_Sprite.uasset" 1915
"F:/GitHub/SproutScape/SproutScape/Content/Developers/basde/Collections/SproutScapeDevFolderBas/Core/Assets/Drone2DAnims/Jump/BeeBot_JumpUp_2/JumpUp_00002_Sprite.uexp" 1916
"F:/GitHub/SproutScape/SproutScape/Content/Developers/basde/Collections/SproutScapeDevFolderBas/Core/Assets/Drone2DAnims/Jump/BeeBot_JumpUp_2/JumpUp_00046.uasset" 1917
"F:/GitHub/SproutScape/SproutScape/Content/Developers/basde/Collections/SproutScapeDevFolderBas/Core/Assets/Drone2DAnims/Jump/BeeBot_JumpUp_2/JumpUp_00046.uexp" 1918
"F:/GitHub/SproutScape/SproutScape/Content/Developers/basde/Collections/SproutScapeDevFolderBas/Core/Assets/Drone2DAnims/Jump/BeeBot_JumpUp_2/JumpUp_00046_Sprite.uasset" 1919
"F:/GitHub/SproutScape/SproutScape/Content/Developers/basde/Collections/SproutScapeDevFolderBas/Core/Assets/Drone2DAnims/Jump/BeeBot_JumpUp_2/JumpUp_00046_Sprite.uexp" 1920
"F:/GitHub/SproutScape/SproutScape/Content/Developers/basde/Collections/SproutScapeDevFolderBas/Core/Assets/Drone2DAnims/Jump/BeeBot_JumpUp_2/JumpUp_00028.uasset" 1921
"F:/GitHub/SproutScape/SproutScape/Content/Developers/basde/Collections/SproutScapeDevFolderBas/Core/Assets/Drone2DAnims/Jump/BeeBot_JumpUp_2/JumpUp_00028.uexp" 1922
"F:/GitHub/SproutScape/SproutScape/Content/Developers/basde/Collections/SproutScapeDevFolderBas/Core/Assets/Drone2DAnims/Jump/BeeBot_JumpUp_2/JumpUp_00028_Sprite.uasset" 1923
"F:/GitHub/SproutScape/SproutScape/Content/Developers/basde/Collections/SproutScapeDevFolderBas/Core/Assets/Drone2DAnims/Jump/BeeBot_JumpUp_2/JumpUp_00028_Sprite.uexp" 1924
"F:/GitHub/SproutScape/SproutScape/Content/Developers/basde/Collections/SproutScapeDevFolderBas/Core/Assets/Drone2DAnims/Jump/BeeBot_JumpUp_2/JumpUp_00022.uasset" 1925
"F:/GitHub/SproutScape/SproutScape/Content/Developers/basde/Collections/SproutScapeDevFolderBas/Core/Assets/Drone2DAnims/Jump/BeeBot_JumpUp_2/JumpUp_00022.uexp" 1926
"F:/GitHub/SproutScape/SproutScape/Content/Developers/basde/Collections/SproutScapeDevFolderBas/Core/Assets/Drone2DAnims/Jump/BeeBot_JumpUp_2/JumpUp_00022_Sprite.uasset" 1927
"F:/GitHub/SproutScape/SproutScape/Content/Developers/basde/Collections/SproutScapeDevFolderBas/Core/Assets/Drone2DAnims/Jump/BeeBot_JumpUp_2/JumpUp_00022_Sprite.uexp" 1928
"F:/GitHub/SproutScape/SproutScape/Content/Developers/basde/Collections/SproutScapeDevFolderBas/Core/Assets/Drone2DAnims/Jump/BeeBot_JumpUp_2/JumpUp_00043.uasset" 1929
"F:/GitHub/SproutScape/SproutScape/Content/Developers/basde/Collections/SproutScapeDevFolderBas/Core/Assets/Drone2DAnims/Jump/BeeBot_JumpUp_2/JumpUp_00043.uexp" 1930
"F:/GitHub/SproutScape/SproutScape/Content/Developers/basde/Collections/SproutScapeDevFolderBas/Core/Assets/Drone2DAnims/Jump/BeeBot_JumpUp_2/JumpUp_00043_Sprite.uasset" 1931
"F:/GitHub/SproutScape/SproutScape/Content/Developers/basde/Collections/SproutScapeDevFolderBas/Core/Assets/Drone2DAnims/Jump/BeeBot_JumpUp_2/JumpUp_00043_Sprite.uexp" 1932
"F:/GitHub/SproutScape/SproutScape/Content/Developers/basde/Collections/SproutScapeDevFolderBas/Core/Assets/Drone2DAnims/Jump/BeeBot_JumpUp_2/JumpUp_00030.uasset" 1933
"F:/GitHub/SproutScape/SproutScape/Content/Developers/basde/Collections/SproutScapeDevFolderBas/Core/Assets/Drone2DAnims/Jump/BeeBot_JumpUp_2/JumpUp_00030.uexp" 1934
"F:/GitHub/SproutScape/SproutScape/Content/Developers/basde/Collections/SproutScapeDevFolderBas/Core/Assets/Drone2DAnims/Jump/BeeBot_JumpUp_2/JumpUp_00030_Sprite.uasset" 1935
"F:/GitHub/SproutScape/SproutScape/Content/Developers/basde/Collections/SproutScapeDevFolderBas/Core/Assets/Drone2DAnims/Jump/BeeBot_JumpUp_2/JumpUp_00030_Sprite.uexp" 1936
"F:/GitHub/SproutScape/SproutScape/Content/Developers/basde/Collections/SproutScapeDevFolderBas/Core/Assets/Drone2DAnims/Jump/BeeBot_JumpUp_2/JumpUp_00014.uasset" 1937
"F:/GitHub/SproutScape/SproutScape/Content/Developers/basde/Collections/SproutScapeDevFolderBas/Core/Assets/Drone2DAnims/Jump/BeeBot_JumpUp_2/JumpUp_00014.uexp" 1938
"F:/GitHub/SproutScape/SproutScape/Content/Developers/basde/Collections/SproutScapeDevFolderBas/Core/Assets/Drone2DAnims/Jump/BeeBot_JumpUp_2/JumpUp_00014_Sprite.uasset" 1939
"F:/GitHub/SproutScape/SproutScape/Content/Developers/basde/Collections/SproutScapeDevFolderBas/Core/Assets/Drone2DAnims/Jump/BeeBot_JumpUp_2/JumpUp_00014_Sprite.uexp" 1940
"F:/GitHub/SproutScape/SproutScape/Content/Developers/basde/Collections/SproutScapeDevFolderBas/Core/Assets/Drone2DAnims/Jump/BeeBot_JumpUp_2/JumpUp_00035.uasset" 1941
"F:/GitHub/SproutScape/SproutScape/Content/Developers/basde/Collections/SproutScapeDevFolderBas/Core/Assets/Drone2DAnims/Jump/BeeBot_JumpUp_2/JumpUp_00035.uexp" 1942
"F:/GitHub/SproutScape/SproutScape/Content/Developers/basde/Collections/SproutScapeDevFolderBas/Core/Assets/Drone2DAnims/Jump/BeeBot_JumpUp_2/JumpUp_00035_Sprite.uasset" 1943
"F:/GitHub/SproutScape/SproutScape/Content/Developers/basde/Collections/SproutScapeDevFolderBas/Core/Assets/Drone2DAnims/Jump/BeeBot_JumpUp_2/JumpUp_00035_Sprite.uexp" 1944
"F:/GitHub/SproutScape/SproutScape/Content/Developers/basde/Collections/SproutScapeDevFolderBas/Core/Assets/Drone2DAnims/Jump/BeeBot_JumpUp_2/JumpUp_00040.uasset" 1945
"F:/GitHub/SproutScape/SproutScape/Content/Developers/basde/Collections/SproutScapeDevFolderBas/Core/Assets/Drone2DAnims/Jump/BeeBot_JumpUp_2/JumpUp_00040.uexp" 1946
"F:/GitHub/SproutScape/SproutScape/Content/Developers/basde/Collections/SproutScapeDevFolderBas/Core/Assets/Drone2DAnims/Jump/BeeBot_JumpUp_2/JumpUp_00040_Sprite.uasset" 1947
"F:/GitHub/SproutScape/SproutScape/Content/Developers/basde/Collections/SproutScapeDevFolderBas/Core/Assets/Drone2DAnims/Jump/BeeBot_JumpUp_2/JumpUp_00040_Sprite.uexp" 1948
"F:/GitHub/SproutScape/SproutScape/Content/Developers/basde/Collections/SproutScapeDevFolderBas/Core/Assets/Drone2DAnims/Jump/BeeBot_JumpUp_2/JumpUp_00038.uasset" 1949
"F:/GitHub/SproutScape/SproutScape/Content/Developers/basde/Collections/SproutScapeDevFolderBas/Core/Assets/Drone2DAnims/Jump/BeeBot_JumpUp_2/JumpUp_00038.uexp" 1950
"F:/GitHub/SproutScape/SproutScape/Content/Developers/basde/Collections/SproutScapeDevFolderBas/Core/Assets/Drone2DAnims/Jump/BeeBot_JumpUp_2/JumpUp_00038_Sprite.uasset" 1951
"F:/GitHub/SproutScape/SproutScape/Content/Developers/basde/Collections/SproutScapeDevFolderBas/Core/Assets/Drone2DAnims/Jump/BeeBot_JumpUp_2/JumpUp_00038_Sprite.uexp" 1952
"F:/GitHub/SproutScape/SproutScape/Content/Developers/basde/Collections/SproutScapeDevFolderBas/Core/Assets/Drone2DAnims/Jump/BeeBot_JumpUp_2/JumpUp_00020.uasset" 1953
"F:/GitHub/SproutScape/SproutScape/Content/Developers/basde/Collections/SproutScapeDevFolderBas/Core/Assets/Drone2DAnims/Jump/BeeBot_JumpUp_2/JumpUp_00020.uexp" 1954
"F:/GitHub/SproutScape/SproutScape/Content/Developers/basde/Collections/SproutScapeDevFolderBas/Core/Assets/Drone2DAnims/Jump/BeeBot_JumpUp_2/JumpUp_00020_Sprite.uasset" 1955
"F:/GitHub/SproutScape/SproutScape/Content/Developers/basde/Collections/SproutScapeDevFolderBas/Core/Assets/Drone2DAnims/Jump/BeeBot_JumpUp_2/JumpUp_00020_Sprite.uexp" 1956
"F:/GitHub/SproutScape/SproutScape/Content/Developers/basde/Collections/SproutScapeDevFolderBas/Core/Assets/Drone2DAnims/Jump/BeeBot_JumpUp_2/JumpUp_00036.uasset" 1957
"F:/GitHub/SproutScape/SproutScape/Content/Developers/basde/Collections/SproutScapeDevFolderBas/Core/Assets/Drone2DAnims/Jump/BeeBot_JumpUp_2/JumpUp_00036.uexp" 1958
"F:/GitHub/SproutScape/SproutScape/Content/Developers/basde/Collections/SproutScapeDevFolderBas/Core/Assets/Drone2DAnims/Jump/BeeBot_JumpUp_2/JumpUp_00036_Sprite.uasset" 1959
"F:/GitHub/SproutScape/SproutScape/Content/Developers/basde/Collections/SproutScapeDevFolderBas/Core/Assets/Drone2DAnims/Jump/BeeBot_JumpUp_2/JumpUp_00036_Sprite.uexp" 1960
"F:/GitHub/SproutScape/SproutScape/Content/Developers/basde/Collections/SproutScapeDevFolderBas/Core/Assets/Drone2DAnims/Jump/BeeBot_JumpUp_2/JumpUp_00054.uasset" 1961
"F:/GitHub/SproutScape/SproutScape/Content/Developers/basde/Collections/SproutScapeDevFolderBas/Core/Assets/Drone2DAnims/Jump/BeeBot_JumpUp_2/JumpUp_00054.uexp" 1962
"F:/GitHub/SproutScape/SproutScape/Content/Developers/basde/Collections/SproutScapeDevFolderBas/Core/Assets/Drone2DAnims/Jump/BeeBot_JumpUp_2/JumpUp_00054_Sprite.uasset" 1963
"F:/GitHub/SproutScape/SproutScape/Content/Developers/basde/Collections/SproutScapeDevFolderBas/Core/Assets/Drone2DAnims/Jump/BeeBot_JumpUp_2/JumpUp_00054_Sprite.uexp" 1964
"F:/GitHub/SproutScape/SproutScape/Content/Developers/basde/Collections/SproutScapeDevFolderBas/Core/Assets/Drone2DAnims/Jump/BeeBot_JumpUp_2/JumpUp_00016.uasset" 1965
"F:/GitHub/SproutScape/SproutScape/Content/Developers/basde/Collections/SproutScapeDevFolderBas/Core/Assets/Drone2DAnims/Jump/BeeBot_JumpUp_2/JumpUp_00016.uexp" 1966
"F:/GitHub/SproutScape/SproutScape/Content/Developers/basde/Collections/SproutScapeDevFolderBas/Core/Assets/Drone2DAnims/Jump/BeeBot_JumpUp_2/JumpUp_00016_Sprite.uasset" 1967
"F:/GitHub/SproutScape/SproutScape/Content/Developers/basde/Collections/SproutScapeDevFolderBas/Core/Assets/Drone2DAnims/Jump/BeeBot_JumpUp_2/JumpUp_00016_Sprite.uexp" 1968
"F:/GitHub/SproutScape/SproutScape/Content/Developers/basde/Collections/SproutScapeDevFolderBas/Core/Assets/Drone2DAnims/Jump/BeeBot_JumpUp_2/JumpUp_00050.uasset" 1969
"F:/GitHub/SproutScape/SproutScape/Content/Developers/basde/Collections/SproutScapeDevFolderBas/Core/Assets/Drone2DAnims/Jump/BeeBot_JumpUp_2/JumpUp_00050.uexp" 1970
"F:/GitHub/SproutScape/SproutScape/Content/Developers/basde/Collections/SproutScapeDevFolderBas/Core/Assets/Drone2DAnims/Jump/BeeBot_JumpUp_2/JumpUp_00050_Sprite.uasset" 1971
"F:/GitHub/SproutScape/SproutScape/Content/Developers/basde/Collections/SproutScapeDevFolderBas/Core/Assets/Drone2DAnims/Jump/BeeBot_JumpUp_2/JumpUp_00050_Sprite.uexp" 1972
"F:/GitHub/SproutScape/SproutScape/Content/Developers/basde/Collections/SproutScapeDevFolderBas/Core/Assets/Drone2DAnims/Jump/BeeBot_JumpUp_2/JumpUp_00047.uasset" 1973
"F:/GitHub/SproutScape/SproutScape/Content/Developers/basde/Collections/SproutScapeDevFolderBas/Core/Assets/Drone2DAnims/Jump/BeeBot_JumpUp_2/JumpUp_00047.uexp" 1974
"F:/GitHub/SproutScape/SproutScape/Content/Developers/basde/Collections/SproutScapeDevFolderBas/Core/Assets/Drone2DAnims/Jump/BeeBot_JumpUp_2/JumpUp_00047_Sprite.uasset" 1975
"F:/GitHub/SproutScape/SproutScape/Content/Developers/basde/Collections/SproutScapeDevFolderBas/Core/Assets/Drone2DAnims/Jump/BeeBot_JumpUp_2/JumpUp_00047_Sprite.uexp" 1976
"F:/GitHub/SproutScape/SproutScape/Content/Developers/basde/Collections/SproutScapeDevFolderBas/Core/Assets/Drone2DAnims/Jump/BeeBot_JumpUp_2/JumpUp_00058.uasset" 1977
"F:/GitHub/SproutScape/SproutScape/Content/Developers/basde/Collections/SproutScapeDevFolderBas/Core/Assets/Drone2DAnims/Jump/BeeBot_JumpUp_2/JumpUp_00058.uexp" 1978
"F:/GitHub/SproutScape/SproutScape/Content/Developers/basde/Collections/SproutScapeDevFolderBas/Core/Assets/Drone2DAnims/Jump/BeeBot_JumpUp_2/JumpUp_00058_Sprite.uasset" 1979
"F:/GitHub/SproutScape/SproutScape/Content/Developers/basde/Collections/SproutScapeDevFolderBas/Core/Assets/Drone2DAnims/Jump/BeeBot_JumpUp_2/JumpUp_00058_Sprite.uexp" 1980
"F:/GitHub/SproutScape/SproutScape/Content/Developers/basde/Collections/SproutScapeDevFolderBas/Core/Assets/Drone2DAnims/Jump/BeeBot_JumpUp_2/JumpUp_00052.uasset" 1981
"F:/GitHub/SproutScape/SproutScape/Content/Developers/basde/Collections/SproutScapeDevFolderBas/Core/Assets/Drone2DAnims/Jump/BeeBot_JumpUp_2/JumpUp_00052.uexp" 1982
"F:/GitHub/SproutScape/SproutScape/Content/Developers/basde/Collections/SproutScapeDevFolderBas/Core/Assets/Drone2DAnims/Jump/BeeBot_JumpUp_2/JumpUp_00052_Sprite.uasset" 1983
"F:/GitHub/SproutScape/SproutScape/Content/Developers/basde/Collections/SproutScapeDevFolderBas/Core/Assets/Drone2DAnims/Jump/BeeBot_JumpUp_2/JumpUp_00052_Sprite.uexp" 1984
"F:/GitHub/SproutScape/SproutScape/Content/Developers/basde/Collections/SproutScapeDevFolderBas/Core/Assets/Drone2DAnims/Jump/BeeBot_JumpUp_2/JumpUp_00039.uasset" 1985
"F:/GitHub/SproutScape/SproutScape/Content/Developers/basde/Collections/SproutScapeDevFolderBas/Core/Assets/Drone2DAnims/Jump/BeeBot_JumpUp_2/JumpUp_00039.uexp" 1986
"F:/GitHub/SproutScape/SproutScape/Content/Developers/basde/Collections/SproutScapeDevFolderBas/Core/Assets/Drone2DAnims/Jump/BeeBot_JumpUp_2/JumpUp_00039_Sprite.uasset" 1987
"F:/GitHub/SproutScape/SproutScape/Content/Developers/basde/Collections/SproutScapeDevFolderBas/Core/Assets/Drone2DAnims/Jump/BeeBot_JumpUp_2/JumpUp_00039_Sprite.uexp" 1988
"F:/GitHub/SproutScape/SproutScape/Content/Developers/basde/Collections/SproutScapeDevFolderBas/Core/Assets/Drone2DAnims/Jump/BeeBot_JumpUp_2/JumpUp_00024.uasset" 1989
"F:/GitHub/SproutScape/SproutScape/Content/Developers/basde/Collections/SproutScapeDevFolderBas/Core/Assets/Drone2DAnims/Jump/BeeBot_JumpUp_2/JumpUp_00024.uexp" 1990
"F:/GitHub/SproutScape/SproutScape/Content/Developers/basde/Collections/SproutScapeDevFolderBas/Core/Assets/Drone2DAnims/Jump/BeeBot_JumpUp_2/JumpUp_00024_Sprite.uasset" 1991
"F:/GitHub/SproutScape/SproutScape/Content/Developers/basde/Collections/SproutScapeDevFolderBas/Core/Assets/Drone2DAnims/Jump/BeeBot_JumpUp_2/JumpUp_00024_Sprite.uexp" 1992
"F:/GitHub/SproutScape/SproutScape/Content/Developers/basde/Collections/SproutScapeDevFolderBas/Core/Assets/Drone2DAnims/Jump/BeeBot_JumpUp_2/JumpUp_00003.uasset" 1993
"F:/GitHub/SproutScape/SproutScape/Content/Developers/basde/Collections/SproutScapeDevFolderBas/Core/Assets/Drone2DAnims/Jump/BeeBot_JumpUp_2/JumpUp_00003.uexp" 1994
"F:/GitHub/SproutScape/SproutScape/Content/Developers/basde/Collections/SproutScapeDevFolderBas/Core/Assets/Drone2DAnims/Jump/BeeBot_JumpUp_2/JumpUp_00003_Sprite.uasset" 1995
"F:/GitHub/SproutScape/SproutScape/Content/Developers/basde/Collections/SproutScapeDevFolderBas/Core/Assets/Drone2DAnims/Jump/BeeBot_JumpUp_2/JumpUp_00003_Sprite.uexp" 1996
"F:/GitHub/SproutScape/SproutScape/Content/Developers/basde/Collections/SproutScapeDevFolderBas/Core/Assets/Drone2DAnims/Jump/BeeBot_JumpUp_2/JumpUp_00025.uasset" 1997
"F:/GitHub/SproutScape/SproutScape/Content/Developers/basde/Collections/SproutScapeDevFolderBas/Core/Assets/Drone2DAnims/Jump/BeeBot_JumpUp_2/JumpUp_00025.uexp" 1998
"F:/GitHub/SproutScape/SproutScape/Content/Developers/basde/Collections/SproutScapeDevFolderBas/Core/Assets/Drone2DAnims/Jump/BeeBot_JumpUp_2/JumpUp_00025_Sprite.uasset" 1999
"F:/GitHub/SproutScape/SproutScape/Content/Developers/basde/Collections/SproutScapeDevFolderBas/Core/Assets/Drone2DAnims/Jump/BeeBot_JumpUp_2/JumpUp_00025_Sprite.uexp" 2000
"F:/GitHub/SproutScape/SproutScape/Content/Developers/basde/Collections/SproutScapeDevFolderBas/Core/Assets/Drone2DAnims/Jump/BeeBot_JumpUp_2/JumpUp_00021.uasset" 2001
"F:/GitHub/SproutScape/SproutScape/Content/Developers/basde/Collections/SproutScapeDevFolderBas/Core/Assets/Drone2DAnims/Jump/BeeBot_JumpUp_2/JumpUp_00021.uexp" 2002
"F:/GitHub/SproutScape/SproutScape/Content/Developers/basde/Collections/SproutScapeDevFolderBas/Core/Assets/Drone2DAnims/Jump/BeeBot_JumpUp_2/JumpUp_00021_Sprite.uasset" 2003
"F:/GitHub/SproutScape/SproutScape/Content/Developers/basde/Collections/SproutScapeDevFolderBas/Core/Assets/Drone2DAnims/Jump/BeeBot_JumpUp_2/JumpUp_00021_Sprite.uexp" 2004
"F:/GitHub/SproutScape/SproutScape/Content/Developers/basde/Collections/SproutScapeDevFolderBas/Core/Assets/Drone2DAnims/Jump/BeeBot_JumpUp_2/JumpUp_00056.uasset" 2005
"F:/GitHub/SproutScape/SproutScape/Content/Developers/basde/Collections/SproutScapeDevFolderBas/Core/Assets/Drone2DAnims/Jump/BeeBot_JumpUp_2/JumpUp_00056.uexp" 2006
"F:/GitHub/SproutScape/SproutScape/Content/Developers/basde/Collections/SproutScapeDevFolderBas/Core/Assets/Drone2DAnims/Jump/BeeBot_JumpUp_2/JumpUp_00056_Sprite.uasset" 2007
"F:/GitHub/SproutScape/SproutScape/Content/Developers/basde/Collections/SproutScapeDevFolderBas/Core/Assets/Drone2DAnims/Jump/BeeBot_JumpUp_2/JumpUp_00056_Sprite.uexp" 2008
"F:/GitHub/SproutScape/SproutScape/Content/Developers/basde/Collections/SproutScapeDevFolderBas/Core/Assets/Drone2DAnims/Jump/BeeBot_JumpUp_2/JumpUp_00055.uasset" 2009
"F:/GitHub/SproutScape/SproutScape/Content/Developers/basde/Collections/SproutScapeDevFolderBas/Core/Assets/Drone2DAnims/Jump/BeeBot_JumpUp_2/JumpUp_00055.uexp" 2010
"F:/GitHub/SproutScape/SproutScape/Content/Developers/basde/Collections/SproutScapeDevFolderBas/Core/Assets/Drone2DAnims/Jump/BeeBot_JumpUp_2/JumpUp_00055_Sprite.uasset" 2011
"F:/GitHub/SproutScape/SproutScape/Content/Developers/basde/Collections/SproutScapeDevFolderBas/Core/Assets/Drone2DAnims/Jump/BeeBot_JumpUp_2/JumpUp_00055_Sprite.uexp" 2012
"F:/GitHub/SproutScape/SproutScape/Content/Developers/basde/Collections/SproutScapeDevFolderBas/Core/Assets/Drone2DAnims/Jump/BeeBot_JumpUp_2/JumpUp_00007.uasset" 2013
"F:/GitHub/SproutScape/SproutScape/Content/Developers/basde/Collections/SproutScapeDevFolderBas/Core/Assets/Drone2DAnims/Jump/BeeBot_JumpUp_2/JumpUp_00007.uexp" 2014
"F:/GitHub/SproutScape/SproutScape/Content/Developers/basde/Collections/SproutScapeDevFolderBas/Core/Assets/Drone2DAnims/Jump/BeeBot_JumpUp_2/JumpUp_00007_Sprite.uasset" 2015
"F:/GitHub/SproutScape/SproutScape/Content/Developers/basde/Collections/SproutScapeDevFolderBas/Core/Assets/Drone2DAnims/Jump/BeeBot_JumpUp_2/JumpUp_00007_Sprite.uexp" 2016
"F:/GitHub/SproutScape/SproutScape/Content/Developers/basde/Collections/SproutScapeDevFolderBas/Core/Assets/Drone2DAnims/Jump/BeeBot_JumpUp_2/JumpUp_00034.uasset" 2017
"F:/GitHub/SproutScape/SproutScape/Content/Developers/basde/Collections/SproutScapeDevFolderBas/Core/Assets/Drone2DAnims/Jump/BeeBot_JumpUp_2/JumpUp_00034.uexp" 2018
"F:/GitHub/SproutScape/SproutScape/Content/Developers/basde/Collections/SproutScapeDevFolderBas/Core/Assets/Drone2DAnims/Jump/BeeBot_JumpUp_2/JumpUp_00034_Sprite.uasset" 2019
"F:/GitHub/SproutScape/SproutScape/Content/Developers/basde/Collections/SproutScapeDevFolderBas/Core/Assets/Drone2DAnims/Jump/BeeBot_JumpUp_2/JumpUp_00034_Sprite.uexp" 2020
"F:/GitHub/SproutScape/SproutScape/Content/Developers/basde/Collections/SproutScapeDevFolderBas/Core/Assets/Drone2DAnims/Jump/BeeBot_JumpUp_2/JumpUp_00049.uasset" 2021
"F:/GitHub/SproutScape/SproutScape/Content/Developers/basde/Collections/SproutScapeDevFolderBas/Core/Assets/Drone2DAnims/Jump/BeeBot_JumpUp_2/JumpUp_00049.uexp" 2022
"F:/GitHub/SproutScape/SproutScape/Content/Developers/basde/Collections/SproutScapeDevFolderBas/Core/Assets/Drone2DAnims/Jump/BeeBot_JumpUp_2/JumpUp_00049_Sprite.uasset" 2023
"F:/GitHub/SproutScape/SproutScape/Content/Developers/basde/Collections/SproutScapeDevFolderBas/Core/Assets/Drone2DAnims/Jump/BeeBot_JumpUp_2/JumpUp_00049_Sprite.uexp" 2024
"F:/GitHub/SproutScape/SproutScape/Content/Developers/basde/Collections/SproutScapeDevFolderBas/Core/Assets/Drone2DAnims/Jump/BeeBot_JumpUp_2/JumpUp_00057.uasset" 2025
"F:/GitHub/SproutScape/SproutScape/Content/Developers/basde/Collections/SproutScapeDevFolderBas/Core/Assets/Drone2DAnims/Jump/BeeBot_JumpUp_2/JumpUp_00057.uexp" 2026
"F:/GitHub/SproutScape/SproutScape/Content/Developers/basde/Collections/SproutScapeDevFolderBas/Core/Assets/Drone2DAnims/Jump/BeeBot_JumpUp_2/JumpUp_00057_Sprite.uasset" 2027
"F:/GitHub/SproutScape/SproutScape/Content/Developers/basde/Collections/SproutScapeDevFolderBas/Core/Assets/Drone2DAnims/Jump/BeeBot_JumpUp_2/JumpUp_00057_Sprite.uexp" 2028
"F:/GitHub/SproutScape/SproutScape/Content/Developers/basde/Collections/SproutScapeDevFolderBas/Core/Assets/Drone2DAnims/Jump/BeeBot_JumpUp_2/FB_JumpUp.uasset" 2029
"F:/GitHub/SproutScape/SproutScape/Content/Developers/basde/Collections/SproutScapeDevFolderBas/Core/Assets/Drone2DAnims/Jump/BeeBot_JumpUp_2/FB_JumpUp.uexp" 2030
"F:/GitHub/SproutScape/SproutScape/Content/Developers/basde/Collections/SproutScapeDevFolderBas/Core/BLueprints/BP/AnimSequences/JumpUpAnim.uasset" 2031
"F:/GitHub/SproutScape/SproutScape/Content/Developers/basde/Collections/SproutScapeDevFolderBas/Core/BLueprints/BP/AnimSequences/JumpUpAnim.uexp" 2032
"F:/GitHub/SproutScape/SproutScape/Content/Developers/basde/Collections/SproutScapeDevFolderBas/Core/Assets/Drone2DAnims/pickup/BeeBot_PickUp/Pick_Up_00066.uasset" 2033
"F:/GitHub/SproutScape/SproutScape/Content/Developers/basde/Collections/SproutScapeDevFolderBas/Core/Assets/Drone2DAnims/pickup/BeeBot_PickUp/Pick_Up_00066.uexp" 2034
"F:/GitHub/SproutScape/SproutScape/Content/Developers/basde/Collections/SproutScapeDevFolderBas/Core/Assets/Drone2DAnims/pickup/BeeBot_PickUp/Pick_Up_00066_Sprite.uasset" 2035
"F:/GitHub/SproutScape/SproutScape/Content/Developers/basde/Collections/SproutScapeDevFolderBas/Core/Assets/Drone2DAnims/pickup/BeeBot_PickUp/Pick_Up_00066_Sprite.uexp" 2036
"F:/GitHub/SproutScape/SproutScape/Content/Developers/basde/Collections/SproutScapeDevFolderBas/Core/Assets/Drone2DAnims/pickup/BeeBot_PickUp/Pick_Up_00061.uasset" 2037
"F:/GitHub/SproutScape/SproutScape/Content/Developers/basde/Collections/SproutScapeDevFolderBas/Core/Assets/Drone2DAnims/pickup/BeeBot_PickUp/Pick_Up_00061.uexp" 2038
"F:/GitHub/SproutScape/SproutScape/Content/Developers/basde/Collections/SproutScapeDevFolderBas/Core/Assets/Drone2DAnims/pickup/BeeBot_PickUp/Pick_Up_00061_Sprite.uasset" 2039
"F:/GitHub/SproutScape/SproutScape/Content/Developers/basde/Collections/SproutScapeDevFolderBas/Core/Assets/Drone2DAnims/pickup/BeeBot_PickUp/Pick_Up_00061_Sprite.uexp" 2040
"F:/GitHub/SproutScape/SproutScape/Content/Developers/basde/Collections/SproutScapeDevFolderBas/Core/Assets/Drone2DAnims/pickup/BeeBot_PickUp/Pick_Up_00058.uasset" 2041
"F:/GitHub/SproutScape/SproutScape/Content/Developers/basde/Collections/SproutScapeDevFolderBas/Core/Assets/Drone2DAnims/pickup/BeeBot_PickUp/Pick_Up_00058.uexp" 2042
"F:/GitHub/SproutScape/SproutScape/Content/Developers/basde/Collections/SproutScapeDevFolderBas/Core/Assets/Drone2DAnims/pickup/BeeBot_PickUp/Pick_Up_00058_Sprite.uasset" 2043
"F:/GitHub/SproutScape/SproutScape/Content/Developers/basde/Collections/SproutScapeDevFolderBas/Core/Assets/Drone2DAnims/pickup/BeeBot_PickUp/Pick_Up_00058_Sprite.uexp" 2044
"F:/GitHub/SproutScape/SproutScape/Content/Developers/basde/Collections/SproutScapeDevFolderBas/Core/Assets/Drone2DAnims/pickup/BeeBot_PickUp/Pick_Up_00027.uasset" 2045
"F:/GitHub/SproutScape/SproutScape/Content/Developers/basde/Collections/SproutScapeDevFolderBas/Core/Assets/Drone2DAnims/pickup/BeeBot_PickUp/Pick_Up_00027.uexp" 2046
"F:/GitHub/SproutScape/SproutScape/Content/Developers/basde/Collections/SproutScapeDevFolderBas/Core/Assets/Drone2DAnims/pickup/BeeBot_PickUp/Pick_Up_00027_Sprite.uasset" 2047
"F:/GitHub/SproutScape/SproutScape/Content/Developers/basde/Collections/SproutScapeDevFolderBas/Core/Assets/Drone2DAnims/pickup/BeeBot_PickUp/Pick_Up_00027_Sprite.uexp" 2048
"F:/GitHub/SproutScape/SproutScape/Content/Developers/basde/Collections/SproutScapeDevFolderBas/Core/Assets/Drone2DAnims/pickup/BeeBot_PickUp/Pick_Up_00045.uasset" 2049
"F:/GitHub/SproutScape/SproutScape/Content/Developers/basde/Collections/SproutScapeDevFolderBas/Core/Assets/Drone2DAnims/pickup/BeeBot_PickUp/Pick_Up_00045.uexp" 2050
"F:/GitHub/SproutScape/SproutScape/Content/Developers/basde/Collections/SproutScapeDevFolderBas/Core/Assets/Drone2DAnims/pickup/BeeBot_PickUp/Pick_Up_00045_Sprite.uasset" 2051
"F:/GitHub/SproutScape/SproutScape/Content/Developers/basde/Collections/SproutScapeDevFolderBas/Core/Assets/Drone2DAnims/pickup/BeeBot_PickUp/Pick_Up_00045_Sprite.uexp" 2052
"F:/GitHub/SproutScape/SproutScape/Content/Developers/basde/Collections/SproutScapeDevFolderBas/Core/Assets/Drone2DAnims/pickup/BeeBot_PickUp/Pick_Up_00054.uasset" 2053
"F:/GitHub/SproutScape/SproutScape/Content/Developers/basde/Collections/SproutScapeDevFolderBas/Core/Assets/Drone2DAnims/pickup/BeeBot_PickUp/Pick_Up_00054.uexp" 2054
"F:/GitHub/SproutScape/SproutScape/Content/Developers/basde/Collections/SproutScapeDevFolderBas/Core/Assets/Drone2DAnims/pickup/BeeBot_PickUp/Pick_Up_00054_Sprite.uasset" 2055
"F:/GitHub/SproutScape/SproutScape/Content/Developers/basde/Collections/SproutScapeDevFolderBas/Core/Assets/Drone2DAnims/pickup/BeeBot_PickUp/Pick_Up_00054_Sprite.uexp" 2056
"F:/GitHub/SproutScape/SproutScape/Content/Developers/basde/Collections/SproutScapeDevFolderBas/Core/Assets/Drone2DAnims/pickup/BeeBot_PickUp/Pick_Up_00069.uasset" 2057
"F:/GitHub/SproutScape/SproutScape/Content/Developers/basde/Collections/SproutScapeDevFolderBas/Core/Assets/Drone2DAnims/pickup/BeeBot_PickUp/Pick_Up_00069.uexp" 2058
"F:/GitHub/SproutScape/SproutScape/Content/Developers/basde/Collections/SproutScapeDevFolderBas/Core/Assets/Drone2DAnims/pickup/BeeBot_PickUp/Pick_Up_00069_Sprite.uasset" 2059
"F:/GitHub/SproutScape/SproutScape/Content/Developers/basde/Collections/SproutScapeDevFolderBas/Core/Assets/Drone2DAnims/pickup/BeeBot_PickUp/Pick_Up_00069_Sprite.uexp" 2060
"F:/GitHub/SproutScape/SproutScape/Content/Developers/basde/Collections/SproutScapeDevFolderBas/Core/Assets/Drone2DAnims/pickup/BeeBot_PickUp/Pick_Up_00044.uasset" 2061
"F:/GitHub/SproutScape/SproutScape/Content/Developers/basde/Collections/SproutScapeDevFolderBas/Core/Assets/Drone2DAnims/pickup/BeeBot_PickUp/Pick_Up_00044.uexp" 2062
"F:/GitHub/SproutScape/SproutScape/Content/Developers/basde/Collections/SproutScapeDevFolderBas/Core/Assets/Drone2DAnims/pickup/BeeBot_PickUp/Pick_Up_00044_Sprite.uasset" 2063
"F:/GitHub/SproutScape/SproutScape/Content/Developers/basde/Collections/SproutScapeDevFolderBas/Core/Assets/Drone2DAnims/pickup/BeeBot_PickUp/Pick_Up_00044_Sprite.uexp" 2064
"F:/GitHub/SproutScape/SproutScape/Content/Developers/basde/Collections/SproutScapeDevFolderBas/Core/Assets/Drone2DAnims/pickup/BeeBot_PickUp/Pick_Up_00001.uasset" 2065
"F:/GitHub/SproutScape/SproutScape/Content/Developers/basde/Collections/SproutScapeDevFolderBas/Core/Assets/Drone2DAnims/pickup/BeeBot_PickUp/Pick_Up_00001.uexp" 2066
"F:/GitHub/SproutScape/SproutScape/Content/Developers/basde/Collections/SproutScapeDevFolderBas/Core/Assets/Drone2DAnims/pickup/BeeBot_PickUp/Pick_Up_00001_Sprite.uasset" 2067
"F:/GitHub/SproutScape/SproutScape/Content/Developers/basde/Collections/SproutScapeDevFolderBas/Core/Assets/Drone2DAnims/pickup/BeeBot_PickUp/Pick_Up_00001_Sprite.uexp" 2068
"F:/GitHub/SproutScape/SproutScape/Content/Developers/basde/Collections/SproutScapeDevFolderBas/Core/Assets/Drone2DAnims/pickup/BeeBot_PickUp/Pick_Up_00073.uasset" 2069
"F:/GitHub/SproutScape/SproutScape/Content/Developers/basde/Collections/SproutScapeDevFolderBas/Core/Assets/Drone2DAnims/pickup/BeeBot_PickUp/Pick_Up_00073.uexp" 2070
"F:/GitHub/SproutScape/SproutScape/Content/Developers/basde/Collections/SproutScapeDevFolderBas/Core/Assets/Drone2DAnims/pickup/BeeBot_PickUp/Pick_Up_00073_Sprite.uasset" 2071
"F:/GitHub/SproutScape/SproutScape/Content/Developers/basde/Collections/SproutScapeDevFolderBas/Core/Assets/Drone2DAnims/pickup/BeeBot_PickUp/Pick_Up_00073_Sprite.uexp" 2072
"F:/GitHub/SproutScape/SproutScape/Content/Developers/basde/Collections/SproutScapeDevFolderBas/Core/Assets/Drone2DAnims/pickup/BeeBot_PickUp/Pick_Up_00042.uasset" 2073
"F:/GitHub/SproutScape/SproutScape/Content/Developers/basde/Collections/SproutScapeDevFolderBas/Core/Assets/Drone2DAnims/pickup/BeeBot_PickUp/Pick_Up_00042.uexp" 2074
"F:/GitHub/SproutScape/SproutScape/Content/Developers/basde/Collections/SproutScapeDevFolderBas/Core/Assets/Drone2DAnims/pickup/BeeBot_PickUp/Pick_Up_00042_Sprite.uasset" 2075
"F:/GitHub/SproutScape/SproutScape/Content/Developers/basde/Collections/SproutScapeDevFolderBas/Core/Assets/Drone2DAnims/pickup/BeeBot_PickUp/Pick_Up_00042_Sprite.uexp" 2076
"F:/GitHub/SproutScape/SproutScape/Content/Developers/basde/Collections/SproutScapeDevFolderBas/Core/Assets/Drone2DAnims/pickup/BeeBot_PickUp/Pick_Up_00031.uasset" 2077
"F:/GitHub/SproutScape/SproutScape/Content/Developers/basde/Collections/SproutScapeDevFolderBas/Core/Assets/Drone2DAnims/pickup/BeeBot_PickUp/Pick_Up_00031.uexp" 2078
"F:/GitHub/SproutScape/SproutScape/Content/Developers/basde/Collections/SproutScapeDevFolderBas/Core/Assets/Drone2DAnims/pickup/BeeBot_PickUp/Pick_Up_00031_Sprite.uasset" 2079
"F:/GitHub/SproutScape/SproutScape/Content/Developers/basde/Collections/SproutScapeDevFolderBas/Core/Assets/Drone2DAnims/pickup/BeeBot_PickUp/Pick_Up_00031_Sprite.uexp" 2080
"F:/GitHub/SproutScape/SproutScape/Content/Developers/basde/Collections/SproutScapeDevFolderBas/Core/Assets/Drone2DAnims/pickup/BeeBot_PickUp/Pick_Up_00072.uasset" 2081
"F:/GitHub/SproutScape/SproutScape/Content/Developers/basde/Collections/SproutScapeDevFolderBas/Core/Assets/Drone2DAnims/pickup/BeeBot_PickUp/Pick_Up_00072.uexp" 2082
"F:/GitHub/SproutScape/SproutScape/Content/Developers/basde/Collections/SproutScapeDevFolderBas/Core/Assets/Drone2DAnims/pickup/BeeBot_PickUp/Pick_Up_00072_Sprite.uasset" 2083
"F:/GitHub/SproutScape/SproutScape/Content/Developers/basde/Collections/SproutScapeDevFolderBas/Core/Assets/Drone2DAnims/pickup/BeeBot_PickUp/Pick_Up_00072_Sprite.uexp" 2084
"F:/GitHub/SproutScape/SproutScape/Content/Developers/basde/Collections/SproutScapeDevFolderBas/Core/Assets/Drone2DAnims/pickup/BeeBot_PickUp/Pick_Up_00032.uasset" 2085
"F:/GitHub/SproutScape/SproutScape/Content/Developers/basde/Collections/SproutScapeDevFolderBas/Core/Assets/Drone2DAnims/pickup/BeeBot_PickUp/Pick_Up_00032.uexp" 2086
"F:/GitHub/SproutScape/SproutScape/Content/Developers/basde/Collections/SproutScapeDevFolderBas/Core/Assets/Drone2DAnims/pickup/BeeBot_PickUp/Pick_Up_00032_Sprite.uasset" 2087
"F:/GitHub/SproutScape/SproutScape/Content/Developers/basde/Collections/SproutScapeDevFolderBas/Core/Assets/Drone2DAnims/pickup/BeeBot_PickUp/Pick_Up_00032_Sprite.uexp" 2088
"F:/GitHub/SproutScape/SproutScape/Content/Developers/basde/Collections/SproutScapeDevFolderBas/Core/Assets/Drone2DAnims/pickup/BeeBot_PickUp/Pick_Up_00071.uasset" 2089
"F:/GitHub/SproutScape/SproutScape/Content/Developers/basde/Collections/SproutScapeDevFolderBas/Core/Assets/Drone2DAnims/pickup/BeeBot_PickUp/Pick_Up_00071.uexp" 2090
"F:/GitHub/SproutScape/SproutScape/Content/Developers/basde/Collections/SproutScapeDevFolderBas/Core/Assets/Drone2DAnims/pickup/BeeBot_PickUp/Pick_Up_00071_Sprite.uasset" 2091
"F:/GitHub/SproutScape/SproutScape/Content/Developers/basde/Collections/SproutScapeDevFolderBas/Core/Assets/Drone2DAnims/pickup/BeeBot_PickUp/Pick_Up_00071_Sprite.uexp" 2092
"F:/GitHub/SproutScape/SproutScape/Content/Developers/basde/Collections/SproutScapeDevFolderBas/Core/Assets/Drone2DAnims/pickup/BeeBot_PickUp/Pick_Up_00076.uasset" 2093
"F:/GitHub/SproutScape/SproutScape/Content/Developers/basde/Collections/SproutScapeDevFolderBas/Core/Assets/Drone2DAnims/pickup/BeeBot_PickUp/Pick_Up_00076.uexp" 2094
"F:/GitHub/SproutScape/SproutScape/Content/Developers/basde/Collections/SproutScapeDevFolderBas/Core/Assets/Drone2DAnims/pickup/BeeBot_PickUp/Pick_Up_00076_Sprite.uasset" 2095
"F:/GitHub/SproutScape/SproutScape/Content/Developers/basde/Collections/SproutScapeDevFolderBas/Core/Assets/Drone2DAnims/pickup/BeeBot_PickUp/Pick_Up_00076_Sprite.uexp" 2096
"F:/GitHub/SproutScape/SproutScape/Content/Developers/basde/Collections/SproutScapeDevFolderBas/Core/Assets/Drone2DAnims/pickup/BeeBot_PickUp/Pick_Up_00011.uasset" 2097
"F:/GitHub/SproutScape/SproutScape/Content/Developers/basde/Collections/SproutScapeDevFolderBas/Core/Assets/Drone2DAnims/pickup/BeeBot_PickUp/Pick_Up_00011.uexp" 2098
"F:/GitHub/SproutScape/SproutScape/Content/Developers/basde/Collections/SproutScapeDevFolderBas/Core/Assets/Drone2DAnims/pickup/BeeBot_PickUp/Pick_Up_00011_Sprite.uasset" 2099
"F:/GitHub/SproutScape/SproutScape/Content/Developers/basde/Collections/SproutScapeDevFolderBas/Core/Assets/Drone2DAnims/pickup/BeeBot_PickUp/Pick_Up_00011_Sprite.uexp" 2100
"F:/GitHub/SproutScape/SproutScape/Content/Developers/basde/Collections/SproutScapeDevFolderBas/Core/Assets/Drone2DAnims/pickup/BeeBot_PickUp/Pick_Up_00038.uasset" 2101
"F:/GitHub/SproutScape/SproutScape/Content/Developers/basde/Collections/SproutScapeDevFolderBas/Core/Assets/Drone2DAnims/pickup/BeeBot_PickUp/Pick_Up_00038.uexp" 2102
"F:/GitHub/SproutScape/SproutScape/Content/Developers/basde/Collections/SproutScapeDevFolderBas/Core/Assets/Drone2DAnims/pickup/BeeBot_PickUp/Pick_Up_00038_Sprite.uasset" 2103
"F:/GitHub/SproutScape/SproutScape/Content/Developers/basde/Collections/SproutScapeDevFolderBas/Core/Assets/Drone2DAnims/pickup/BeeBot_PickUp/Pick_Up_00038_Sprite.uexp" 2104
"F:/GitHub/SproutScape/SproutScape/Content/Developers/basde/Collections/SproutScapeDevFolderBas/Core/Assets/Drone2DAnims/pickup/BeeBot_PickUp/Pick_Up_00043.uasset" 2105
"F:/GitHub/SproutScape/SproutScape/Content/Developers/basde/Collections/SproutScapeDevFolderBas/Core/Assets/Drone2DAnims/pickup/BeeBot_PickUp/Pick_Up_00043.uexp" 2106
"F:/GitHub/SproutScape/SproutScape/Content/Developers/basde/Collections/SproutScapeDevFolderBas/Core/Assets/Drone2DAnims/pickup/BeeBot_PickUp/Pick_Up_00043_Sprite.uasset" 2107
"F:/GitHub/SproutScape/SproutScape/Content/Developers/basde/Collections/SproutScapeDevFolderBas/Core/Assets/Drone2DAnims/pickup/BeeBot_PickUp/Pick_Up_00043_Sprite.uexp" 2108
"F:/GitHub/SproutScape/SproutScape/Content/Developers/basde/Collections/SproutScapeDevFolderBas/Core/Assets/Drone2DAnims/pickup/BeeBot_PickUp/Pick_Up_00052.uasset" 2109
"F:/GitHub/SproutScape/SproutScape/Content/Developers/basde/Collections/SproutScapeDevFolderBas/Core/Assets/Drone2DAnims/pickup/BeeBot_PickUp/Pick_Up_00052.uexp" 2110
"F:/GitHub/SproutScape/SproutScape/Content/Developers/basde/Collections/SproutScapeDevFolderBas/Core/Assets/Drone2DAnims/pickup/BeeBot_PickUp/Pick_Up_00052_Sprite.uasset" 2111
"F:/GitHub/SproutScape/SproutScape/Content/Developers/basde/Collections/SproutScapeDevFolderBas/Core/Assets/Drone2DAnims/pickup/BeeBot_PickUp/Pick_Up_00052_Sprite.uexp" 2112
"F:/GitHub/SproutScape/SproutScape/Content/Developers/basde/Collections/SproutScapeDevFolderBas/Core/Assets/Drone2DAnims/pickup/BeeBot_PickUp/Pick_Up_00051.uasset" 2113
"F:/GitHub/SproutScape/SproutScape/Content/Developers/basde/Collections/SproutScapeDevFolderBas/Core/Assets/Drone2DAnims/pickup/BeeBot_PickUp/Pick_Up_00051.uexp" 2114
"F:/GitHub/SproutScape/SproutScape/Content/Developers/basde/Collections/SproutScapeDevFolderBas/Core/Assets/Drone2DAnims/pickup/BeeBot_PickUp/Pick_Up_00051_Sprite.uasset" 2115
"F:/GitHub/SproutScape/SproutScape/Content/Developers/basde/Collections/SproutScapeDevFolderBas/Core/Assets/Drone2DAnims/pickup/BeeBot_PickUp/Pick_Up_00051_Sprite.uexp" 2116
"F:/GitHub/SproutScape/SproutScape/Content/Developers/basde/Collections/SproutScapeDevFolderBas/Core/Assets/Drone2DAnims/pickup/BeeBot_PickUp/Pick_Up_00004.uasset" 2117
"F:/GitHub/SproutScape/SproutScape/Content/Developers/basde/Collections/SproutScapeDevFolderBas/Core/Assets/Drone2DAnims/pickup/BeeBot_PickUp/Pick_Up_00004.uexp" 2118
"F:/GitHub/SproutScape/SproutScape/Content/Developers/basde/Collections/SproutScapeDevFolderBas/Core/Assets/Drone2DAnims/pickup/BeeBot_PickUp/Pick_Up_00004_Sprite.uasset" 2119
"F:/GitHub/SproutScape/SproutScape/Content/Developers/basde/Collections/SproutScapeDevFolderBas/Core/Assets/Drone2DAnims/pickup/BeeBot_PickUp/Pick_Up_00004_Sprite.uexp" 2120
"F:/GitHub/SproutScape/SproutScape/Content/Developers/basde/Collections/SproutScapeDevFolderBas/Core/Assets/Drone2DAnims/pickup/BeeBot_PickUp/Pick_Up_00035.uasset" 2121
"F:/GitHub/SproutScape/SproutScape/Content/Developers/basde/Collections/SproutScapeDevFolderBas/Core/Assets/Drone2DAnims/pickup/BeeBot_PickUp/Pick_Up_00035.uexp" 2122
"F:/GitHub/SproutScape/SproutScape/Content/Developers/basde/Collections/SproutScapeDevFolderBas/Core/Assets/Drone2DAnims/pickup/BeeBot_PickUp/Pick_Up_00035_Sprite.uasset" 2123
"F:/GitHub/SproutScape/SproutScape/Content/Developers/basde/Collections/SproutScapeDevFolderBas/Core/Assets/Drone2DAnims/pickup/BeeBot_PickUp/Pick_Up_00035_Sprite.uexp" 2124
"F:/GitHub/SproutScape/SproutScape/Content/Developers/basde/Collections/SproutScapeDevFolderBas/Core/Assets/Drone2DAnims/pickup/BeeBot_PickUp/Pick_Up_00030.uasset" 2125
"F:/GitHub/SproutScape/SproutScape/Content/Developers/basde/Collections/SproutScapeDevFolderBas/Core/Assets/Drone2DAnims/pickup/BeeBot_PickUp/Pick_Up_00030.uexp" 2126
"F:/GitHub/SproutScape/SproutScape/Content/Developers/basde/Collections/SproutScapeDevFolderBas/Core/Assets/Drone2DAnims/pickup/BeeBot_PickUp/Pick_Up_00030_Sprite.uasset" 2127
"F:/GitHub/SproutScape/SproutScape/Content/Developers/basde/Collections/SproutScapeDevFolderBas/Core/Assets/Drone2DAnims/pickup/BeeBot_PickUp/Pick_Up_00030_Sprite.uexp" 2128
"F:/GitHub/SproutScape/SproutScape/Content/Developers/basde/Collections/SproutScapeDevFolderBas/Core/Assets/Drone2DAnims/pickup/BeeBot_PickUp/Pick_Up_00029.uasset" 2129
"F:/GitHub/SproutScape/SproutScape/Content/Developers/basde/Collections/SproutScapeDevFolderBas/Core/Assets/Drone2DAnims/pickup/BeeBot_PickUp/Pick_Up_00029.uexp" 2130
"F:/GitHub/SproutScape/SproutScape/Content/Developers/basde/Collections/SproutScapeDevFolderBas/Core/Assets/Drone2DAnims/pickup/BeeBot_PickUp/Pick_Up_00029_Sprite.uasset" 2131
"F:/GitHub/SproutScape/SproutScape/Content/Developers/basde/Collections/SproutScapeDevFolderBas/Core/Assets/Drone2DAnims/pickup/BeeBot_PickUp/Pick_Up_00029_Sprite.uexp" 2132
"F:/GitHub/SproutScape/SproutScape/Content/Developers/basde/Collections/SproutScapeDevFolderBas/Core/Assets/Drone2DAnims/pickup/BeeBot_PickUp/Pick_Up_00075.uasset" 2133
"F:/GitHub/SproutScape/SproutScape/Content/Developers/basde/Collections/SproutScapeDevFolderBas/Core/Assets/Drone2DAnims/pickup/BeeBot_PickUp/Pick_Up_00075.uexp" 2134
"F:/GitHub/SproutScape/SproutScape/Content/Developers/basde/Collections/SproutScapeDevFolderBas/Core/Assets/Drone2DAnims/pickup/BeeBot_PickUp/Pick_Up_00075_Sprite.uasset" 2135
"F:/GitHub/SproutScape/SproutScape/Content/Developers/basde/Collections/SproutScapeDevFolderBas/Core/Assets/Drone2DAnims/pickup/BeeBot_PickUp/Pick_Up_00075_Sprite.uexp" 2136
"F:/GitHub/SproutScape/SproutScape/Content/Developers/basde/Collections/SproutScapeDevFolderBas/Core/Assets/Drone2DAnims/pickup/BeeBot_PickUp/Pick_Up_00026.uasset" 2137
"F:/GitHub/SproutScape/SproutScape/Content/Developers/basde/Collections/SproutScapeDevFolderBas/Core/Assets/Drone2DAnims/pickup/BeeBot_PickUp/Pick_Up_00026.uexp" 2138
"F:/GitHub/SproutScape/SproutScape/Content/Developers/basde/Collections/SproutScapeDevFolderBas/Core/Assets/Drone2DAnims/pickup/BeeBot_PickUp/Pick_Up_00026_Sprite.uasset" 2139
"F:/GitHub/SproutScape/SproutScape/Content/Developers/basde/Collections/SproutScapeDevFolderBas/Core/Assets/Drone2DAnims/pickup/BeeBot_PickUp/Pick_Up_00026_Sprite.uexp" 2140
"F:/GitHub/SproutScape/SproutScape/Content/Developers/basde/Collections/SproutScapeDevFolderBas/Core/Assets/Drone2DAnims/pickup/BeeBot_PickUp/Pick_Up_00005.uasset" 2141
"F:/GitHub/SproutScape/SproutScape/Content/Developers/basde/Collections/SproutScapeDevFolderBas/Core/Assets/Drone2DAnims/pickup/BeeBot_PickUp/Pick_Up_00005.uexp" 2142
"F:/GitHub/SproutScape/SproutScape/Content/Developers/basde/Collections/SproutScapeDevFolderBas/Core/Assets/Drone2DAnims/pickup/BeeBot_PickUp/Pick_Up_00005_Sprite.uasset" 2143
"F:/GitHub/SproutScape/SproutScape/Content/Developers/basde/Collections/SproutScapeDevFolderBas/Core/Assets/Drone2DAnims/pickup/BeeBot_PickUp/Pick_Up_00005_Sprite.uexp" 2144
"F:/GitHub/SproutScape/SproutScape/Content/Developers/basde/Collections/SproutScapeDevFolderBas/Core/Assets/Drone2DAnims/pickup/BeeBot_PickUp/Pick_Up_00055.uasset" 2145
"F:/GitHub/SproutScape/SproutScape/Content/Developers/basde/Collections/SproutScapeDevFolderBas/Core/Assets/Drone2DAnims/pickup/BeeBot_PickUp/Pick_Up_00055.uexp" 2146
"F:/GitHub/SproutScape/SproutScape/Content/Developers/basde/Collections/SproutScapeDevFolderBas/Core/Assets/Drone2DAnims/pickup/BeeBot_PickUp/Pick_Up_00055_Sprite.uasset" 2147
"F:/GitHub/SproutScape/SproutScape/Content/Developers/basde/Collections/SproutScapeDevFolderBas/Core/Assets/Drone2DAnims/pickup/BeeBot_PickUp/Pick_Up_00055_Sprite.uexp" 2148
"F:/GitHub/SproutScape/SproutScape/Content/Developers/basde/Collections/SproutScapeDevFolderBas/Core/Assets/Drone2DAnims/pickup/BeeBot_PickUp/Pick_Up_00024.uasset" 2149
"F:/GitHub/SproutScape/SproutScape/Content/Developers/basde/Collections/SproutScapeDevFolderBas/Core/Assets/Drone2DAnims/pickup/BeeBot_PickUp/Pick_Up_00024.uexp" 2150
"F:/GitHub/SproutScape/SproutScape/Content/Developers/basde/Collections/SproutScapeDevFolderBas/Core/Assets/Drone2DAnims/pickup/BeeBot_PickUp/Pick_Up_00024_Sprite.uasset" 2151
"F:/GitHub/SproutScape/SproutScape/Content/Developers/basde/Collections/SproutScapeDevFolderBas/Core/Assets/Drone2DAnims/pickup/BeeBot_PickUp/Pick_Up_00024_Sprite.uexp" 2152
"F:/GitHub/SproutScape/SproutScape/Content/Developers/basde/Collections/SproutScapeDevFolderBas/Core/Assets/Drone2DAnims/pickup/BeeBot_PickUp/Pick_Up_00068.uasset" 2153
"F:/GitHub/SproutScape/SproutScape/Content/Developers/basde/Collections/SproutScapeDevFolderBas/Core/Assets/Drone2DAnims/pickup/BeeBot_PickUp/Pick_Up_00068.uexp" 2154
"F:/GitHub/SproutScape/SproutScape/Content/Developers/basde/Collections/SproutScapeDevFolderBas/Core/Assets/Drone2DAnims/pickup/BeeBot_PickUp/Pick_Up_00068_Sprite.uasset" 2155
"F:/GitHub/SproutScape/SproutScape/Content/Developers/basde/Collections/SproutScapeDevFolderBas/Core/Assets/Drone2DAnims/pickup/BeeBot_PickUp/Pick_Up_00068_Sprite.uexp" 2156
"F:/GitHub/SproutScape/SproutScape/Content/Developers/basde/Collections/SproutScapeDevFolderBas/Core/Assets/Drone2DAnims/pickup/BeeBot_PickUp/Pick_Up_00008.uasset" 2157
"F:/GitHub/SproutScape/SproutScape/Content/Developers/basde/Collections/SproutScapeDevFolderBas/Core/Assets/Drone2DAnims/pickup/BeeBot_PickUp/Pick_Up_00008.uexp" 2158
"F:/GitHub/SproutScape/SproutScape/Content/Developers/basde/Collections/SproutScapeDevFolderBas/Core/Assets/Drone2DAnims/pickup/BeeBot_PickUp/Pick_Up_00008_Sprite.uasset" 2159
"F:/GitHub/SproutScape/SproutScape/Content/Developers/basde/Collections/SproutScapeDevFolderBas/Core/Assets/Drone2DAnims/pickup/BeeBot_PickUp/Pick_Up_00008_Sprite.uexp" 2160
"F:/GitHub/SproutScape/SproutScape/Content/Developers/basde/Collections/SproutScapeDevFolderBas/Core/Assets/Drone2DAnims/pickup/BeeBot_PickUp/Pick_Up_00056.uasset" 2161
"F:/GitHub/SproutScape/SproutScape/Content/Developers/basde/Collections/SproutScapeDevFolderBas/Core/Assets/Drone2DAnims/pickup/BeeBot_PickUp/Pick_Up_00056.uexp" 2162
"F:/GitHub/SproutScape/SproutScape/Content/Developers/basde/Collections/SproutScapeDevFolderBas/Core/Assets/Drone2DAnims/pickup/BeeBot_PickUp/Pick_Up_00056_Sprite.uasset" 2163
"F:/GitHub/SproutScape/SproutScape/Content/Developers/basde/Collections/SproutScapeDevFolderBas/Core/Assets/Drone2DAnims/pickup/BeeBot_PickUp/Pick_Up_00056_Sprite.uexp" 2164
"F:/GitHub/SproutScape/SproutScape/Content/Developers/basde/Collections/SproutScapeDevFolderBas/Core/Assets/Drone2DAnims/pickup/BeeBot_PickUp/Pick_Up_00057.uasset" 2165
"F:/GitHub/SproutScape/SproutScape/Content/Developers/basde/Collections/SproutScapeDevFolderBas/Core/Assets/Drone2DAnims/pickup/BeeBot_PickUp/Pick_Up_00057.uexp" 2166
"F:/GitHub/SproutScape/SproutScape/Content/Developers/basde/Collections/SproutScapeDevFolderBas/Core/Assets/Drone2DAnims/pickup/BeeBot_PickUp/Pick_Up_00057_Sprite.uasset" 2167
"F:/GitHub/SproutScape/SproutScape/Content/Developers/basde/Collections/SproutScapeDevFolderBas/Core/Assets/Drone2DAnims/pickup/BeeBot_PickUp/Pick_Up_00057_Sprite.uexp" 2168
"F:/GitHub/SproutScape/SproutScape/Content/Developers/basde/Collections/SproutScapeDevFolderBas/Core/Assets/Drone2DAnims/pickup/BeeBot_PickUp/Pick_Up_00015.uasset" 2169
"F:/GitHub/SproutScape/SproutScape/Content/Developers/basde/Collections/SproutScapeDevFolderBas/Core/Assets/Drone2DAnims/pickup/BeeBot_PickUp/Pick_Up_00015.uexp" 2170
"F:/GitHub/SproutScape/SproutScape/Content/Developers/basde/Collections/SproutScapeDevFolderBas/Core/Assets/Drone2DAnims/pickup/BeeBot_PickUp/Pick_Up_00015_Sprite.uasset" 2171
"F:/GitHub/SproutScape/SproutScape/Content/Developers/basde/Collections/SproutScapeDevFolderBas/Core/Assets/Drone2DAnims/pickup/BeeBot_PickUp/Pick_Up_00015_Sprite.uexp" 2172
"F:/GitHub/SproutScape/SproutScape/Content/Developers/basde/Collections/SproutScapeDevFolderBas/Core/Assets/Drone2DAnims/pickup/BeeBot_PickUp/Pick_Up_00041.uasset" 2173
"F:/GitHub/SproutScape/SproutScape/Content/Developers/basde/Collections/SproutScapeDevFolderBas/Core/Assets/Drone2DAnims/pickup/BeeBot_PickUp/Pick_Up_00041.uexp" 2174
"F:/GitHub/SproutScape/SproutScape/Content/Developers/basde/Collections/SproutScapeDevFolderBas/Core/Assets/Drone2DAnims/pickup/BeeBot_PickUp/Pick_Up_00041_Sprite.uasset" 2175
"F:/GitHub/SproutScape/SproutScape/Content/Developers/basde/Collections/SproutScapeDevFolderBas/Core/Assets/Drone2DAnims/pickup/BeeBot_PickUp/Pick_Up_00041_Sprite.uexp" 2176
"F:/GitHub/SproutScape/SproutScape/Content/Developers/basde/Collections/SproutScapeDevFolderBas/Core/Assets/Drone2DAnims/pickup/BeeBot_PickUp/Pick_Up_00047.uasset" 2177
"F:/GitHub/SproutScape/SproutScape/Content/Developers/basde/Collections/SproutScapeDevFolderBas/Core/Assets/Drone2DAnims/pickup/BeeBot_PickUp/Pick_Up_00047.uexp" 2178
"F:/GitHub/SproutScape/SproutScape/Content/Developers/basde/Collections/SproutScapeDevFolderBas/Core/Assets/Drone2DAnims/pickup/BeeBot_PickUp/Pick_Up_00047_Sprite.uasset" 2179
"F:/GitHub/SproutScape/SproutScape/Content/Developers/basde/Collections/SproutScapeDevFolderBas/Core/Assets/Drone2DAnims/pickup/BeeBot_PickUp/Pick_Up_00047_Sprite.uexp" 2180
"F:/GitHub/SproutScape/SproutScape/Content/Developers/basde/Collections/SproutScapeDevFolderBas/Core/Assets/Drone2DAnims/pickup/BeeBot_PickUp/Pick_Up_00017.uasset" 2181
"F:/GitHub/SproutScape/SproutScape/Content/Developers/basde/Collections/SproutScapeDevFolderBas/Core/Assets/Drone2DAnims/pickup/BeeBot_PickUp/Pick_Up_00017.uexp" 2182
"F:/GitHub/SproutScape/SproutScape/Content/Developers/basde/Collections/SproutScapeDevFolderBas/Core/Assets/Drone2DAnims/pickup/BeeBot_PickUp/Pick_Up_00017_Sprite.uasset" 2183
"F:/GitHub/SproutScape/SproutScape/Content/Developers/basde/Collections/SproutScapeDevFolderBas/Core/Assets/Drone2DAnims/pickup/BeeBot_PickUp/Pick_Up_00017_Sprite.uexp" 2184
"F:/GitHub/SproutScape/SproutScape/Content/Developers/basde/Collections/SproutScapeDevFolderBas/Core/Assets/Drone2DAnims/pickup/BeeBot_PickUp/Pick_Up_00000.uasset" 2185
"F:/GitHub/SproutScape/SproutScape/Content/Developers/basde/Collections/SproutScapeDevFolderBas/Core/Assets/Drone2DAnims/pickup/BeeBot_PickUp/Pick_Up_00000.uexp" 2186
"F:/GitHub/SproutScape/SproutScape/Content/Developers/basde/Collections/SproutScapeDevFolderBas/Core/Assets/Drone2DAnims/pickup/BeeBot_PickUp/Pick_Up_00000_Sprite.uasset" 2187
"F:/GitHub/SproutScape/SproutScape/Content/Developers/basde/Collections/SproutScapeDevFolderBas/Core/Assets/Drone2DAnims/pickup/BeeBot_PickUp/Pick_Up_00000_Sprite.uexp" 2188
"F:/GitHub/SproutScape/SproutScape/Content/Developers/basde/Collections/SproutScapeDevFolderBas/Core/Assets/Drone2DAnims/pickup/BeeBot_PickUp/Pick_Up_00016.uasset" 2189
"F:/GitHub/SproutScape/SproutScape/Content/Developers/basde/Collections/SproutScapeDevFolderBas/Core/Assets/Drone2DAnims/pickup/BeeBot_PickUp/Pick_Up_00016.uexp" 2190
"F:/GitHub/SproutScape/SproutScape/Content/Developers/basde/Collections/SproutScapeDevFolderBas/Core/Assets/Drone2DAnims/pickup/BeeBot_PickUp/Pick_Up_00016_Sprite.uasset" 2191
"F:/GitHub/SproutScape/SproutScape/Content/Developers/basde/Collections/SproutScapeDevFolderBas/Core/Assets/Drone2DAnims/pickup/BeeBot_PickUp/Pick_Up_00016_Sprite.uexp" 2192
"F:/GitHub/SproutScape/SproutScape/Content/Developers/basde/Collections/SproutScapeDevFolderBas/Core/Assets/Drone2DAnims/pickup/BeeBot_PickUp/Pick_Up_00010.uasset" 2193
"F:/GitHub/SproutScape/SproutScape/Content/Developers/basde/Collections/SproutScapeDevFolderBas/Core/Assets/Drone2DAnims/pickup/BeeBot_PickUp/Pick_Up_00010.uexp" 2194
"F:/GitHub/SproutScape/SproutScape/Content/Developers/basde/Collections/SproutScapeDevFolderBas/Core/Assets/Drone2DAnims/pickup/BeeBot_PickUp/Pick_Up_00010_Sprite.uasset" 2195
"F:/GitHub/SproutScape/SproutScape/Content/Developers/basde/Collections/SproutScapeDevFolderBas/Core/Assets/Drone2DAnims/pickup/BeeBot_PickUp/Pick_Up_00010_Sprite.uexp" 2196
"F:/GitHub/SproutScape/SproutScape/Content/Developers/basde/Collections/SproutScapeDevFolderBas/Core/Assets/Drone2DAnims/pickup/BeeBot_PickUp/Pick_Up_00046.uasset" 2197
"F:/GitHub/SproutScape/SproutScape/Content/Developers/basde/Collections/SproutScapeDevFolderBas/Core/Assets/Drone2DAnims/pickup/BeeBot_PickUp/Pick_Up_00046.uexp" 2198
"F:/GitHub/SproutScape/SproutScape/Content/Developers/basde/Collections/SproutScapeDevFolderBas/Core/Assets/Drone2DAnims/pickup/BeeBot_PickUp/Pick_Up_00046_Sprite.uasset" 2199
"F:/GitHub/SproutScape/SproutScape/Content/Developers/basde/Collections/SproutScapeDevFolderBas/Core/Assets/Drone2DAnims/pickup/BeeBot_PickUp/Pick_Up_00046_Sprite.uexp" 2200
"F:/GitHub/SproutScape/SproutScape/Content/Developers/basde/Collections/SproutScapeDevFolderBas/Core/Assets/Drone2DAnims/pickup/BeeBot_PickUp/Pick_Up_00033.uasset" 2201
"F:/GitHub/SproutScape/SproutScape/Content/Developers/basde/Collections/SproutScapeDevFolderBas/Core/Assets/Drone2DAnims/pickup/BeeBot_PickUp/Pick_Up_00033.uexp" 2202
"F:/GitHub/SproutScape/SproutScape/Content/Developers/basde/Collections/SproutScapeDevFolderBas/Core/Assets/Drone2DAnims/pickup/BeeBot_PickUp/Pick_Up_00033_Sprite.uasset" 2203
"F:/GitHub/SproutScape/SproutScape/Content/Developers/basde/Collections/SproutScapeDevFolderBas/Core/Assets/Drone2DAnims/pickup/BeeBot_PickUp/Pick_Up_00033_Sprite.uexp" 2204
"F:/GitHub/SproutScape/SproutScape/Content/Developers/basde/Collections/SproutScapeDevFolderBas/Core/Assets/Drone2DAnims/pickup/BeeBot_PickUp/Pick_Up_00063.uasset" 2205
"F:/GitHub/SproutScape/SproutScape/Content/Developers/basde/Collections/SproutScapeDevFolderBas/Core/Assets/Drone2DAnims/pickup/BeeBot_PickUp/Pick_Up_00063.uexp" 2206
"F:/GitHub/SproutScape/SproutScape/Content/Developers/basde/Collections/SproutScapeDevFolderBas/Core/Assets/Drone2DAnims/pickup/BeeBot_PickUp/Pick_Up_00063_Sprite.uasset" 2207
"F:/GitHub/SproutScape/SproutScape/Content/Developers/basde/Collections/SproutScapeDevFolderBas/Core/Assets/Drone2DAnims/pickup/BeeBot_PickUp/Pick_Up_00063_Sprite.uexp" 2208
"F:/GitHub/SproutScape/SproutScape/Content/Developers/basde/Collections/SproutScapeDevFolderBas/Core/Assets/Drone2DAnims/pickup/BeeBot_PickUp/Pick_Up_00002.uasset" 2209
"F:/GitHub/SproutScape/SproutScape/Content/Developers/basde/Collections/SproutScapeDevFolderBas/Core/Assets/Drone2DAnims/pickup/BeeBot_PickUp/Pick_Up_00002.uexp" 2210
"F:/GitHub/SproutScape/SproutScape/Content/Developers/basde/Collections/SproutScapeDevFolderBas/Core/Assets/Drone2DAnims/pickup/BeeBot_PickUp/Pick_Up_00002_Sprite.uasset" 2211
"F:/GitHub/SproutScape/SproutScape/Content/Developers/basde/Collections/SproutScapeDevFolderBas/Core/Assets/Drone2DAnims/pickup/BeeBot_PickUp/Pick_Up_00002_Sprite.uexp" 2212
"F:/GitHub/SproutScape/SproutScape/Content/Developers/basde/Collections/SproutScapeDevFolderBas/Core/Assets/Drone2DAnims/pickup/BeeBot_PickUp/Pick_Up_00077.uasset" 2213
"F:/GitHub/SproutScape/SproutScape/Content/Developers/basde/Collections/SproutScapeDevFolderBas/Core/Assets/Drone2DAnims/pickup/BeeBot_PickUp/Pick_Up_00077.uexp" 2214
"F:/GitHub/SproutScape/SproutScape/Content/Developers/basde/Collections/SproutScapeDevFolderBas/Core/Assets/Drone2DAnims/pickup/BeeBot_PickUp/Pick_Up_00077_Sprite.uasset" 2215
"F:/GitHub/SproutScape/SproutScape/Content/Developers/basde/Collections/SproutScapeDevFolderBas/Core/Assets/Drone2DAnims/pickup/BeeBot_PickUp/Pick_Up_00077_Sprite.uexp" 2216
"F:/GitHub/SproutScape/SproutScape/Content/Developers/basde/Collections/SproutScapeDevFolderBas/Core/Assets/Drone2DAnims/pickup/BeeBot_PickUp/Pick_Up_00006.uasset" 2217
"F:/GitHub/SproutScape/SproutScape/Content/Developers/basde/Collections/SproutScapeDevFolderBas/Core/Assets/Drone2DAnims/pickup/BeeBot_PickUp/Pick_Up_00006.uexp" 2218
"F:/GitHub/SproutScape/SproutScape/Content/Developers/basde/Collections/SproutScapeDevFolderBas/Core/Assets/Drone2DAnims/pickup/BeeBot_PickUp/Pick_Up_00006_Sprite.uasset" 2219
"F:/GitHub/SproutScape/SproutScape/Content/Developers/basde/Collections/SproutScapeDevFolderBas/Core/Assets/Drone2DAnims/pickup/BeeBot_PickUp/Pick_Up_00006_Sprite.uexp" 2220
"F:/GitHub/SproutScape/SproutScape/Content/Developers/basde/Collections/SproutScapeDevFolderBas/Core/Assets/Drone2DAnims/pickup/BeeBot_PickUp/Pick_Up_00009.uasset" 2221
"F:/GitHub/SproutScape/SproutScape/Content/Developers/basde/Collections/SproutScapeDevFolderBas/Core/Assets/Drone2DAnims/pickup/BeeBot_PickUp/Pick_Up_00009.uexp" 2222
"F:/GitHub/SproutScape/SproutScape/Content/Developers/basde/Collections/SproutScapeDevFolderBas/Core/Assets/Drone2DAnims/pickup/BeeBot_PickUp/Pick_Up_00009_Sprite.uasset" 2223
"F:/GitHub/SproutScape/SproutScape/Content/Developers/basde/Collections/SproutScapeDevFolderBas/Core/Assets/Drone2DAnims/pickup/BeeBot_PickUp/Pick_Up_00009_Sprite.uexp" 2224
"F:/GitHub/SproutScape/SproutScape/Content/Developers/basde/Collections/SproutScapeDevFolderBas/Core/Assets/Drone2DAnims/pickup/BeeBot_PickUp/Pick_Up_00039.uasset" 2225
"F:/GitHub/SproutScape/SproutScape/Content/Developers/basde/Collections/SproutScapeDevFolderBas/Core/Assets/Drone2DAnims/pickup/BeeBot_PickUp/Pick_Up_00039.uexp" 2226
"F:/GitHub/SproutScape/SproutScape/Content/Developers/basde/Collections/SproutScapeDevFolderBas/Core/Assets/Drone2DAnims/pickup/BeeBot_PickUp/Pick_Up_00039_Sprite.uasset" 2227
"F:/GitHub/SproutScape/SproutScape/Content/Developers/basde/Collections/SproutScapeDevFolderBas/Core/Assets/Drone2DAnims/pickup/BeeBot_PickUp/Pick_Up_00039_Sprite.uexp" 2228
"F:/GitHub/SproutScape/SproutScape/Content/Developers/basde/Collections/SproutScapeDevFolderBas/Core/Assets/Drone2DAnims/pickup/BeeBot_PickUp/Pick_Up_00014.uasset" 2229
"F:/GitHub/SproutScape/SproutScape/Content/Developers/basde/Collections/SproutScapeDevFolderBas/Core/Assets/Drone2DAnims/pickup/BeeBot_PickUp/Pick_Up_00014.uexp" 2230
"F:/GitHub/SproutScape/SproutScape/Content/Developers/basde/Collections/SproutScapeDevFolderBas/Core/Assets/Drone2DAnims/pickup/BeeBot_PickUp/Pick_Up_00014_Sprite.uasset" 2231
"F:/GitHub/SproutScape/SproutScape/Content/Developers/basde/Collections/SproutScapeDevFolderBas/Core/Assets/Drone2DAnims/pickup/BeeBot_PickUp/Pick_Up_00014_Sprite.uexp" 2232
"F:/GitHub/SproutScape/SproutScape/Content/Developers/basde/Collections/SproutScapeDevFolderBas/Core/Assets/Drone2DAnims/pickup/BeeBot_PickUp/Pick_Up_00062.uasset" 2233
"F:/GitHub/SproutScape/SproutScape/Content/Developers/basde/Collections/SproutScapeDevFolderBas/Core/Assets/Drone2DAnims/pickup/BeeBot_PickUp/Pick_Up_00062.uexp" 2234
"F:/GitHub/SproutScape/SproutScape/Content/Developers/basde/Collections/SproutScapeDevFolderBas/Core/Assets/Drone2DAnims/pickup/BeeBot_PickUp/Pick_Up_00062_Sprite.uasset" 2235
"F:/GitHub/SproutScape/SproutScape/Content/Developers/basde/Collections/SproutScapeDevFolderBas/Core/Assets/Drone2DAnims/pickup/BeeBot_PickUp/Pick_Up_00062_Sprite.uexp" 2236
"F:/GitHub/SproutScape/SproutScape/Content/Developers/basde/Collections/SproutScapeDevFolderBas/Core/Assets/Drone2DAnims/pickup/BeeBot_PickUp/Pick_Up_00028.uasset" 2237
"F:/GitHub/SproutScape/SproutScape/Content/Developers/basde/Collections/SproutScapeDevFolderBas/Core/Assets/Drone2DAnims/pickup/BeeBot_PickUp/Pick_Up_00028.uexp" 2238
"F:/GitHub/SproutScape/SproutScape/Content/Developers/basde/Collections/SproutScapeDevFolderBas/Core/Assets/Drone2DAnims/pickup/BeeBot_PickUp/Pick_Up_00028_Sprite.uasset" 2239
"F:/GitHub/SproutScape/SproutScape/Content/Developers/basde/Collections/SproutScapeDevFolderBas/Core/Assets/Drone2DAnims/pickup/BeeBot_PickUp/Pick_Up_00028_Sprite.uexp" 2240
"F:/GitHub/SproutScape/SproutScape/Content/Developers/basde/Collections/SproutScapeDevFolderBas/Core/Assets/Drone2DAnims/pickup/BeeBot_PickUp/Pick_Up_00040.uasset" 2241
"F:/GitHub/SproutScape/SproutScape/Content/Developers/basde/Collections/SproutScapeDevFolderBas/Core/Assets/Drone2DAnims/pickup/BeeBot_PickUp/Pick_Up_00040.uexp" 2242
"F:/GitHub/SproutScape/SproutScape/Content/Developers/basde/Collections/SproutScapeDevFolderBas/Core/Assets/Drone2DAnims/pickup/BeeBot_PickUp/Pick_Up_00040_Sprite.uasset" 2243
"F:/GitHub/SproutScape/SproutScape/Content/Developers/basde/Collections/SproutScapeDevFolderBas/Core/Assets/Drone2DAnims/pickup/BeeBot_PickUp/Pick_Up_00040_Sprite.uexp" 2244
"F:/GitHub/SproutScape/SproutScape/Content/Developers/basde/Collections/SproutScapeDevFolderBas/Core/Assets/Drone2DAnims/pickup/BeeBot_PickUp/Pick_Up_00019.uasset" 2245
"F:/GitHub/SproutScape/SproutScape/Content/Developers/basde/Collections/SproutScapeDevFolderBas/Core/Assets/Drone2DAnims/pickup/BeeBot_PickUp/Pick_Up_00019.uexp" 2246
"F:/GitHub/SproutScape/SproutScape/Content/Developers/basde/Collections/SproutScapeDevFolderBas/Core/Assets/Drone2DAnims/pickup/BeeBot_PickUp/Pick_Up_00019_Sprite.uasset" 2247
"F:/GitHub/SproutScape/SproutScape/Content/Developers/basde/Collections/SproutScapeDevFolderBas/Core/Assets/Drone2DAnims/pickup/BeeBot_PickUp/Pick_Up_00019_Sprite.uexp" 2248
"F:/GitHub/SproutScape/SproutScape/Content/Developers/basde/Collections/SproutScapeDevFolderBas/Core/Assets/Drone2DAnims/pickup/BeeBot_PickUp/Pick_Up_00074.uasset" 2249
"F:/GitHub/SproutScape/SproutScape/Content/Developers/basde/Collections/SproutScapeDevFolderBas/Core/Assets/Drone2DAnims/pickup/BeeBot_PickUp/Pick_Up_00074.uexp" 2250
"F:/GitHub/SproutScape/SproutScape/Content/Developers/basde/Collections/SproutScapeDevFolderBas/Core/Assets/Drone2DAnims/pickup/BeeBot_PickUp/Pick_Up_00074_Sprite.uasset" 2251
"F:/GitHub/SproutScape/SproutScape/Content/Developers/basde/Collections/SproutScapeDevFolderBas/Core/Assets/Drone2DAnims/pickup/BeeBot_PickUp/Pick_Up_00074_Sprite.uexp" 2252
"F:/GitHub/SproutScape/SproutScape/Content/Developers/basde/Collections/SproutScapeDevFolderBas/Core/Assets/Drone2DAnims/pickup/BeeBot_PickUp/Pick_Up_00060.uasset" 2253
"F:/GitHub/SproutScape/SproutScape/Content/Developers/basde/Collections/SproutScapeDevFolderBas/Core/Assets/Drone2DAnims/pickup/BeeBot_PickUp/Pick_Up_00060.uexp" 2254
"F:/GitHub/SproutScape/SproutScape/Content/Developers/basde/Collections/SproutScapeDevFolderBas/Core/Assets/Drone2DAnims/pickup/BeeBot_PickUp/Pick_Up_00060_Sprite.uasset" 2255
"F:/GitHub/SproutScape/SproutScape/Content/Developers/basde/Collections/SproutScapeDevFolderBas/Core/Assets/Drone2DAnims/pickup/BeeBot_PickUp/Pick_Up_00060_Sprite.uexp" 2256
"F:/GitHub/SproutScape/SproutScape/Content/Developers/basde/Collections/SproutScapeDevFolderBas/Core/Assets/Drone2DAnims/pickup/BeeBot_PickUp/Pick_Up_00036.uasset" 2257
"F:/GitHub/SproutScape/SproutScape/Content/Developers/basde/Collections/SproutScapeDevFolderBas/Core/Assets/Drone2DAnims/pickup/BeeBot_PickUp/Pick_Up_00036.uexp" 2258
"F:/GitHub/SproutScape/SproutScape/Content/Developers/basde/Collections/SproutScapeDevFolderBas/Core/Assets/Drone2DAnims/pickup/BeeBot_PickUp/Pick_Up_00036_Sprite.uasset" 2259
"F:/GitHub/SproutScape/SproutScape/Content/Developers/basde/Collections/SproutScapeDevFolderBas/Core/Assets/Drone2DAnims/pickup/BeeBot_PickUp/Pick_Up_00036_Sprite.uexp" 2260
"F:/GitHub/SproutScape/SproutScape/Content/Developers/basde/Collections/SproutScapeDevFolderBas/Core/Assets/Drone2DAnims/pickup/BeeBot_PickUp/Pick_Up_00059.uasset" 2261
"F:/GitHub/SproutScape/SproutScape/Content/Developers/basde/Collections/SproutScapeDevFolderBas/Core/Assets/Drone2DAnims/pickup/BeeBot_PickUp/Pick_Up_00059.uexp" 2262
"F:/GitHub/SproutScape/SproutScape/Content/Developers/basde/Collections/SproutScapeDevFolderBas/Core/Assets/Drone2DAnims/pickup/BeeBot_PickUp/Pick_Up_00059_Sprite.uasset" 2263
"F:/GitHub/SproutScape/SproutScape/Content/Developers/basde/Collections/SproutScapeDevFolderBas/Core/Assets/Drone2DAnims/pickup/BeeBot_PickUp/Pick_Up_00059_Sprite.uexp" 2264
"F:/GitHub/SproutScape/SproutScape/Content/Developers/basde/Collections/SproutScapeDevFolderBas/Core/Assets/Drone2DAnims/pickup/BeeBot_PickUp/Pick_Up_00048.uasset" 2265
"F:/GitHub/SproutScape/SproutScape/Content/Developers/basde/Collections/SproutScapeDevFolderBas/Core/Assets/Drone2DAnims/pickup/BeeBot_PickUp/Pick_Up_00048.uexp" 2266
"F:/GitHub/SproutScape/SproutScape/Content/Developers/basde/Collections/SproutScapeDevFolderBas/Core/Assets/Drone2DAnims/pickup/BeeBot_PickUp/Pick_Up_00048_Sprite.uasset" 2267
"F:/GitHub/SproutScape/SproutScape/Content/Developers/basde/Collections/SproutScapeDevFolderBas/Core/Assets/Drone2DAnims/pickup/BeeBot_PickUp/Pick_Up_00048_Sprite.uexp" 2268
"F:/GitHub/SproutScape/SproutScape/Content/Developers/basde/Collections/SproutScapeDevFolderBas/Core/Assets/Drone2DAnims/pickup/BeeBot_PickUp/Pick_Up_00021.uasset" 2269
"F:/GitHub/SproutScape/SproutScape/Content/Developers/basde/Collections/SproutScapeDevFolderBas/Core/Assets/Drone2DAnims/pickup/BeeBot_PickUp/Pick_Up_00021.uexp" 2270
"F:/GitHub/SproutScape/SproutScape/Content/Developers/basde/Collections/SproutScapeDevFolderBas/Core/Assets/Drone2DAnims/pickup/BeeBot_PickUp/Pick_Up_00021_Sprite.uasset" 2271
"F:/GitHub/SproutScape/SproutScape/Content/Developers/basde/Collections/SproutScapeDevFolderBas/Core/Assets/Drone2DAnims/pickup/BeeBot_PickUp/Pick_Up_00021_Sprite.uexp" 2272
"F:/GitHub/SproutScape/SproutScape/Content/Developers/basde/Collections/SproutScapeDevFolderBas/Core/Assets/Drone2DAnims/pickup/BeeBot_PickUp/Pick_Up_00037.uasset" 2273
"F:/GitHub/SproutScape/SproutScape/Content/Developers/basde/Collections/SproutScapeDevFolderBas/Core/Assets/Drone2DAnims/pickup/BeeBot_PickUp/Pick_Up_00037.uexp" 2274
"F:/GitHub/SproutScape/SproutScape/Content/Developers/basde/Collections/SproutScapeDevFolderBas/Core/Assets/Drone2DAnims/pickup/BeeBot_PickUp/Pick_Up_00037_Sprite.uasset" 2275
"F:/GitHub/SproutScape/SproutScape/Content/Developers/basde/Collections/SproutScapeDevFolderBas/Core/Assets/Drone2DAnims/pickup/BeeBot_PickUp/Pick_Up_00037_Sprite.uexp" 2276
"F:/GitHub/SproutScape/SproutScape/Content/Developers/basde/Collections/SproutScapeDevFolderBas/Core/Assets/Drone2DAnims/pickup/BeeBot_PickUp/Pick_Up_00012.uasset" 2277
"F:/GitHub/SproutScape/SproutScape/Content/Developers/basde/Collections/SproutScapeDevFolderBas/Core/Assets/Drone2DAnims/pickup/BeeBot_PickUp/Pick_Up_00012.uexp" 2278
"F:/GitHub/SproutScape/SproutScape/Content/Developers/basde/Collections/SproutScapeDevFolderBas/Core/Assets/Drone2DAnims/pickup/BeeBot_PickUp/Pick_Up_00012_Sprite.uasset" 2279
"F:/GitHub/SproutScape/SproutScape/Content/Developers/basde/Collections/SproutScapeDevFolderBas/Core/Assets/Drone2DAnims/pickup/BeeBot_PickUp/Pick_Up_00012_Sprite.uexp" 2280
"F:/GitHub/SproutScape/SproutScape/Content/Developers/basde/Collections/SproutScapeDevFolderBas/Core/Assets/Drone2DAnims/pickup/BeeBot_PickUp/Pick_Up_00064.uasset" 2281
"F:/GitHub/SproutScape/SproutScape/Content/Developers/basde/Collections/SproutScapeDevFolderBas/Core/Assets/Drone2DAnims/pickup/BeeBot_PickUp/Pick_Up_00064.uexp" 2282
"F:/GitHub/SproutScape/SproutScape/Content/Developers/basde/Collections/SproutScapeDevFolderBas/Core/Assets/Drone2DAnims/pickup/BeeBot_PickUp/Pick_Up_00064_Sprite.uasset" 2283
"F:/GitHub/SproutScape/SproutScape/Content/Developers/basde/Collections/SproutScapeDevFolderBas/Core/Assets/Drone2DAnims/pickup/BeeBot_PickUp/Pick_Up_00064_Sprite.uexp" 2284
"F:/GitHub/SproutScape/SproutScape/Content/Developers/basde/Collections/SproutScapeDevFolderBas/Core/Assets/Drone2DAnims/pickup/BeeBot_PickUp/Pick_Up_00013.uasset" 2285
"F:/GitHub/SproutScape/SproutScape/Content/Developers/basde/Collections/SproutScapeDevFolderBas/Core/Assets/Drone2DAnims/pickup/BeeBot_PickUp/Pick_Up_00013.uexp" 2286
"F:/GitHub/SproutScape/SproutScape/Content/Developers/basde/Collections/SproutScapeDevFolderBas/Core/Assets/Drone2DAnims/pickup/BeeBot_PickUp/Pick_Up_00013_Sprite.uasset" 2287
"F:/GitHub/SproutScape/SproutScape/Content/Developers/basde/Collections/SproutScapeDevFolderBas/Core/Assets/Drone2DAnims/pickup/BeeBot_PickUp/Pick_Up_00013_Sprite.uexp" 2288
"F:/GitHub/SproutScape/SproutScape/Content/Developers/basde/Collections/SproutScapeDevFolderBas/Core/Assets/Drone2DAnims/pickup/BeeBot_PickUp/Pick_Up_00078.uasset" 2289
"F:/GitHub/SproutScape/SproutScape/Content/Developers/basde/Collections/SproutScapeDevFolderBas/Core/Assets/Drone2DAnims/pickup/BeeBot_PickUp/Pick_Up_00078.uexp" 2290
"F:/GitHub/SproutScape/SproutScape/Content/Developers/basde/Collections/SproutScapeDevFolderBas/Core/Assets/Drone2DAnims/pickup/BeeBot_PickUp/Pick_Up_00078_Sprite.uasset" 2291
"F:/GitHub/SproutScape/SproutScape/Content/Developers/basde/Collections/SproutScapeDevFolderBas/Core/Assets/Drone2DAnims/pickup/BeeBot_PickUp/Pick_Up_00078_Sprite.uexp" 2292
"F:/GitHub/SproutScape/SproutScape/Content/Developers/basde/Collections/SproutScapeDevFolderBas/Core/Assets/Drone2DAnims/pickup/BeeBot_PickUp/Pick_Up_00020.uasset" 2293
"F:/GitHub/SproutScape/SproutScape/Content/Developers/basde/Collections/SproutScapeDevFolderBas/Core/Assets/Drone2DAnims/pickup/BeeBot_PickUp/Pick_Up_00020.uexp" 2294
"F:/GitHub/SproutScape/SproutScape/Content/Developers/basde/Collections/SproutScapeDevFolderBas/Core/Assets/Drone2DAnims/pickup/BeeBot_PickUp/Pick_Up_00020_Sprite.uasset" 2295
"F:/GitHub/SproutScape/SproutScape/Content/Developers/basde/Collections/SproutScapeDevFolderBas/Core/Assets/Drone2DAnims/pickup/BeeBot_PickUp/Pick_Up_00020_Sprite.uexp" 2296
"F:/GitHub/SproutScape/SproutScape/Content/Developers/basde/Collections/SproutScapeDevFolderBas/Core/Assets/Drone2DAnims/pickup/BeeBot_PickUp/Pick_Up_00003.uasset" 2297
"F:/GitHub/SproutScape/SproutScape/Content/Developers/basde/Collections/SproutScapeDevFolderBas/Core/Assets/Drone2DAnims/pickup/BeeBot_PickUp/Pick_Up_00003.uexp" 2298
"F:/GitHub/SproutScape/SproutScape/Content/Developers/basde/Collections/SproutScapeDevFolderBas/Core/Assets/Drone2DAnims/pickup/BeeBot_PickUp/Pick_Up_00003_Sprite.uasset" 2299
"F:/GitHub/SproutScape/SproutScape/Content/Developers/basde/Collections/SproutScapeDevFolderBas/Core/Assets/Drone2DAnims/pickup/BeeBot_PickUp/Pick_Up_00003_Sprite.uexp" 2300
"F:/GitHub/SproutScape/SproutScape/Content/Developers/basde/Collections/SproutScapeDevFolderBas/Core/Assets/Drone2DAnims/pickup/BeeBot_PickUp/Pick_Up_00053.uasset" 2301
"F:/GitHub/SproutScape/SproutScape/Content/Developers/basde/Collections/SproutScapeDevFolderBas/Core/Assets/Drone2DAnims/pickup/BeeBot_PickUp/Pick_Up_00053.uexp" 2302
"F:/GitHub/SproutScape/SproutScape/Content/Developers/basde/Collections/SproutScapeDevFolderBas/Core/Assets/Drone2DAnims/pickup/BeeBot_PickUp/Pick_Up_00053_Sprite.uasset" 2303
"F:/GitHub/SproutScape/SproutScape/Content/Developers/basde/Collections/SproutScapeDevFolderBas/Core/Assets/Drone2DAnims/pickup/BeeBot_PickUp/Pick_Up_00053_Sprite.uexp" 2304
"F:/GitHub/SproutScape/SproutScape/Content/Developers/basde/Collections/SproutScapeDevFolderBas/Core/Assets/Drone2DAnims/pickup/BeeBot_PickUp/Pick_Up_00007.uasset" 2305
"F:/GitHub/SproutScape/SproutScape/Content/Developers/basde/Collections/SproutScapeDevFolderBas/Core/Assets/Drone2DAnims/pickup/BeeBot_PickUp/Pick_Up_00007.uexp" 2306
"F:/GitHub/SproutScape/SproutScape/Content/Developers/basde/Collections/SproutScapeDevFolderBas/Core/Assets/Drone2DAnims/pickup/BeeBot_PickUp/Pick_Up_00007_Sprite.uasset" 2307
"F:/GitHub/SproutScape/SproutScape/Content/Developers/basde/Collections/SproutScapeDevFolderBas/Core/Assets/Drone2DAnims/pickup/BeeBot_PickUp/Pick_Up_00007_Sprite.uexp" 2308
"F:/GitHub/SproutScape/SproutScape/Content/Developers/basde/Collections/SproutScapeDevFolderBas/Core/Assets/Drone2DAnims/pickup/BeeBot_PickUp/Pick_Up_00049.uasset" 2309
"F:/GitHub/SproutScape/SproutScape/Content/Developers/basde/Collections/SproutScapeDevFolderBas/Core/Assets/Drone2DAnims/pickup/BeeBot_PickUp/Pick_Up_00049.uexp" 2310
"F:/GitHub/SproutScape/SproutScape/Content/Developers/basde/Collections/SproutScapeDevFolderBas/Core/Assets/Drone2DAnims/pickup/BeeBot_PickUp/Pick_Up_00049_Sprite.uasset" 2311
"F:/GitHub/SproutScape/SproutScape/Content/Developers/basde/Collections/SproutScapeDevFolderBas/Core/Assets/Drone2DAnims/pickup/BeeBot_PickUp/Pick_Up_00049_Sprite.uexp" 2312
"F:/GitHub/SproutScape/SproutScape/Content/Developers/basde/Collections/SproutScapeDevFolderBas/Core/Assets/Drone2DAnims/pickup/BeeBot_PickUp/Pick_Up_00018.uasset" 2313
"F:/GitHub/SproutScape/SproutScape/Content/Developers/basde/Collections/SproutScapeDevFolderBas/Core/Assets/Drone2DAnims/pickup/BeeBot_PickUp/Pick_Up_00018.uexp" 2314
"F:/GitHub/SproutScape/SproutScape/Content/Developers/basde/Collections/SproutScapeDevFolderBas/Core/Assets/Drone2DAnims/pickup/BeeBot_PickUp/Pick_Up_00018_Sprite.uasset" 2315
"F:/GitHub/SproutScape/SproutScape/Content/Developers/basde/Collections/SproutScapeDevFolderBas/Core/Assets/Drone2DAnims/pickup/BeeBot_PickUp/Pick_Up_00018_Sprite.uexp" 2316
"F:/GitHub/SproutScape/SproutScape/Content/Developers/basde/Collections/SproutScapeDevFolderBas/Core/Assets/Drone2DAnims/pickup/BeeBot_PickUp/Pick_Up_00022.uasset" 2317
"F:/GitHub/SproutScape/SproutScape/Content/Developers/basde/Collections/SproutScapeDevFolderBas/Core/Assets/Drone2DAnims/pickup/BeeBot_PickUp/Pick_Up_00022.uexp" 2318
"F:/GitHub/SproutScape/SproutScape/Content/Developers/basde/Collections/SproutScapeDevFolderBas/Core/Assets/Drone2DAnims/pickup/BeeBot_PickUp/Pick_Up_00022_Sprite.uasset" 2319
"F:/GitHub/SproutScape/SproutScape/Content/Developers/basde/Collections/SproutScapeDevFolderBas/Core/Assets/Drone2DAnims/pickup/BeeBot_PickUp/Pick_Up_00022_Sprite.uexp" 2320
"F:/GitHub/SproutScape/SproutScape/Content/Developers/basde/Collections/SproutScapeDevFolderBas/Core/Assets/Drone2DAnims/pickup/BeeBot_PickUp/Pick_Up_00070.uasset" 2321
"F:/GitHub/SproutScape/SproutScape/Content/Developers/basde/Collections/SproutScapeDevFolderBas/Core/Assets/Drone2DAnims/pickup/BeeBot_PickUp/Pick_Up_00070.uexp" 2322
"F:/GitHub/SproutScape/SproutScape/Content/Developers/basde/Collections/SproutScapeDevFolderBas/Core/Assets/Drone2DAnims/pickup/BeeBot_PickUp/Pick_Up_00070_Sprite.uasset" 2323
"F:/GitHub/SproutScape/SproutScape/Content/Developers/basde/Collections/SproutScapeDevFolderBas/Core/Assets/Drone2DAnims/pickup/BeeBot_PickUp/Pick_Up_00070_Sprite.uexp" 2324
"F:/GitHub/SproutScape/SproutScape/Content/Developers/basde/Collections/SproutScapeDevFolderBas/Core/Assets/Drone2DAnims/pickup/BeeBot_PickUp/Pick_Up_00034.uasset" 2325
"F:/GitHub/SproutScape/SproutScape/Content/Developers/basde/Collections/SproutScapeDevFolderBas/Core/Assets/Drone2DAnims/pickup/BeeBot_PickUp/Pick_Up_00034.uexp" 2326
"F:/GitHub/SproutScape/SproutScape/Content/Developers/basde/Collections/SproutScapeDevFolderBas/Core/Assets/Drone2DAnims/pickup/BeeBot_PickUp/Pick_Up_00034_Sprite.uasset" 2327
"F:/GitHub/SproutScape/SproutScape/Content/Developers/basde/Collections/SproutScapeDevFolderBas/Core/Assets/Drone2DAnims/pickup/BeeBot_PickUp/Pick_Up_00034_Sprite.uexp" 2328
"F:/GitHub/SproutScape/SproutScape/Content/Developers/basde/Collections/SproutScapeDevFolderBas/Core/Assets/Drone2DAnims/pickup/BeeBot_PickUp/Pick_Up_00050.uasset" 2329
"F:/GitHub/SproutScape/SproutScape/Content/Developers/basde/Collections/SproutScapeDevFolderBas/Core/Assets/Drone2DAnims/pickup/BeeBot_PickUp/Pick_Up_00050.uexp" 2330
"F:/GitHub/SproutScape/SproutScape/Content/Developers/basde/Collections/SproutScapeDevFolderBas/Core/Assets/Drone2DAnims/pickup/BeeBot_PickUp/Pick_Up_00050_Sprite.uasset" 2331
"F:/GitHub/SproutScape/SproutScape/Content/Developers/basde/Collections/SproutScapeDevFolderBas/Core/Assets/Drone2DAnims/pickup/BeeBot_PickUp/Pick_Up_00050_Sprite.uexp" 2332
"F:/GitHub/SproutScape/SproutScape/Content/Developers/basde/Collections/SproutScapeDevFolderBas/Core/Assets/Drone2DAnims/pickup/BeeBot_PickUp/Pick_Up_00065.uasset" 2333
"F:/GitHub/SproutScape/SproutScape/Content/Developers/basde/Collections/SproutScapeDevFolderBas/Core/Assets/Drone2DAnims/pickup/BeeBot_PickUp/Pick_Up_00065.uexp" 2334
"F:/GitHub/SproutScape/SproutScape/Content/Developers/basde/Collections/SproutScapeDevFolderBas/Core/Assets/Drone2DAnims/pickup/BeeBot_PickUp/Pick_Up_00065_Sprite.uasset" 2335
"F:/GitHub/SproutScape/SproutScape/Content/Developers/basde/Collections/SproutScapeDevFolderBas/Core/Assets/Drone2DAnims/pickup/BeeBot_PickUp/Pick_Up_00065_Sprite.uexp" 2336
"F:/GitHub/SproutScape/SproutScape/Content/Developers/basde/Collections/SproutScapeDevFolderBas/Core/Assets/Drone2DAnims/pickup/BeeBot_PickUp/Pick_Up_00025.uasset" 2337
"F:/GitHub/SproutScape/SproutScape/Content/Developers/basde/Collections/SproutScapeDevFolderBas/Core/Assets/Drone2DAnims/pickup/BeeBot_PickUp/Pick_Up_00025.uexp" 2338
"F:/GitHub/SproutScape/SproutScape/Content/Developers/basde/Collections/SproutScapeDevFolderBas/Core/Assets/Drone2DAnims/pickup/BeeBot_PickUp/Pick_Up_00025_Sprite.uasset" 2339
"F:/GitHub/SproutScape/SproutScape/Content/Developers/basde/Collections/SproutScapeDevFolderBas/Core/Assets/Drone2DAnims/pickup/BeeBot_PickUp/Pick_Up_00025_Sprite.uexp" 2340
"F:/GitHub/SproutScape/SproutScape/Content/Developers/basde/Collections/SproutScapeDevFolderBas/Core/Assets/Drone2DAnims/pickup/BeeBot_PickUp/Pick_Up_00023.uasset" 2341
"F:/GitHub/SproutScape/SproutScape/Content/Developers/basde/Collections/SproutScapeDevFolderBas/Core/Assets/Drone2DAnims/pickup/BeeBot_PickUp/Pick_Up_00023.uexp" 2342
"F:/GitHub/SproutScape/SproutScape/Content/Developers/basde/Collections/SproutScapeDevFolderBas/Core/Assets/Drone2DAnims/pickup/BeeBot_PickUp/Pick_Up_00023_Sprite.uasset" 2343
"F:/GitHub/SproutScape/SproutScape/Content/Developers/basde/Collections/SproutScapeDevFolderBas/Core/Assets/Drone2DAnims/pickup/BeeBot_PickUp/Pick_Up_00023_Sprite.uexp" 2344
"F:/GitHub/SproutScape/SproutScape/Content/Developers/basde/Collections/SproutScapeDevFolderBas/Core/Assets/Drone2DAnims/pickup/BeeBot_PickUp/Pick_Up_00067.uasset" 2345
"F:/GitHub/SproutScape/SproutScape/Content/Developers/basde/Collections/SproutScapeDevFolderBas/Core/Assets/Drone2DAnims/pickup/BeeBot_PickUp/Pick_Up_00067.uexp" 2346
"F:/GitHub/SproutScape/SproutScape/Content/Developers/basde/Collections/SproutScapeDevFolderBas/Core/Assets/Drone2DAnims/pickup/BeeBot_PickUp/Pick_Up_00067_Sprite.uasset" 2347
"F:/GitHub/SproutScape/SproutScape/Content/Developers/basde/Collections/SproutScapeDevFolderBas/Core/Assets/Drone2DAnims/pickup/BeeBot_PickUp/Pick_Up_00067_Sprite.uexp" 2348
"F:/GitHub/SproutScape/SproutScape/Content/Developers/basde/Collections/SproutScapeDevFolderBas/Core/Assets/Drone2DAnims/pickup/BeeBot_PickUp/FB_PickUp.uasset" 2349
"F:/GitHub/SproutScape/SproutScape/Content/Developers/basde/Collections/SproutScapeDevFolderBas/Core/Assets/Drone2DAnims/pickup/BeeBot_PickUp/FB_PickUp.uexp" 2350
"F:/GitHub/SproutScape/SproutScape/Content/Developers/basde/Collections/SproutScapeDevFolderBas/Core/BLueprints/BP/AnimSequences/PickUpAnim.uasset" 2351
"F:/GitHub/SproutScape/SproutScape/Content/Developers/basde/Collections/SproutScapeDevFolderBas/Core/BLueprints/BP/AnimSequences/PickUpAnim.uexp" 2352
"F:/GitHub/SproutScape/SproutScape/Content/Developers/basde/Collections/SproutScapeDevFolderBas/Core/Assets/Drone2DAnims/Jump/BeeBot_JumpDown_2/Jump_Down_00024.uasset" 2353
"F:/GitHub/SproutScape/SproutScape/Content/Developers/basde/Collections/SproutScapeDevFolderBas/Core/Assets/Drone2DAnims/Jump/BeeBot_JumpDown_2/Jump_Down_00024.uexp" 2354
"F:/GitHub/SproutScape/SproutScape/Content/Developers/basde/Collections/SproutScapeDevFolderBas/Core/Assets/Drone2DAnims/Jump/BeeBot_JumpDown_2/Jump_Down_00024_Sprite.uasset" 2355
"F:/GitHub/SproutScape/SproutScape/Content/Developers/basde/Collections/SproutScapeDevFolderBas/Core/Assets/Drone2DAnims/Jump/BeeBot_JumpDown_2/Jump_Down_00024_Sprite.uexp" 2356
"F:/GitHub/SproutScape/SproutScape/Content/Developers/basde/Collections/SproutScapeDevFolderBas/Core/Assets/Drone2DAnims/Jump/BeeBot_JumpDown_2/Jump_Down_00001.uasset" 2357
"F:/GitHub/SproutScape/SproutScape/Content/Developers/basde/Collections/SproutScapeDevFolderBas/Core/Assets/Drone2DAnims/Jump/BeeBot_JumpDown_2/Jump_Down_00001.uexp" 2358
"F:/GitHub/SproutScape/SproutScape/Content/Developers/basde/Collections/SproutScapeDevFolderBas/Core/Assets/Drone2DAnims/Jump/BeeBot_JumpDown_2/Jump_Down_00001_Sprite.uasset" 2359
"F:/GitHub/SproutScape/SproutScape/Content/Developers/basde/Collections/SproutScapeDevFolderBas/Core/Assets/Drone2DAnims/Jump/BeeBot_JumpDown_2/Jump_Down_00001_Sprite.uexp" 2360
"F:/GitHub/SproutScape/SproutScape/Content/Developers/basde/Collections/SproutScapeDevFolderBas/Core/Assets/Drone2DAnims/Jump/BeeBot_JumpDown_2/Jump_Down_00021.uasset" 2361
"F:/GitHub/SproutScape/SproutScape/Content/Developers/basde/Collections/SproutScapeDevFolderBas/Core/Assets/Drone2DAnims/Jump/BeeBot_JumpDown_2/Jump_Down_00021.uexp" 2362
"F:/GitHub/SproutScape/SproutScape/Content/Developers/basde/Collections/SproutScapeDevFolderBas/Core/Assets/Drone2DAnims/Jump/BeeBot_JumpDown_2/Jump_Down_00021_Sprite.uasset" 2363
"F:/GitHub/SproutScape/SproutScape/Content/Developers/basde/Collections/SproutScapeDevFolderBas/Core/Assets/Drone2DAnims/Jump/BeeBot_JumpDown_2/Jump_Down_00021_Sprite.uexp" 2364
"F:/GitHub/SproutScape/SproutScape/Content/Developers/basde/Collections/SproutScapeDevFolderBas/Core/Assets/Drone2DAnims/Jump/BeeBot_JumpDown_2/Jump_Down_00002.uasset" 2365
"F:/GitHub/SproutScape/SproutScape/Content/Developers/basde/Collections/SproutScapeDevFolderBas/Core/Assets/Drone2DAnims/Jump/BeeBot_JumpDown_2/Jump_Down_00002.uexp" 2366
"F:/GitHub/SproutScape/SproutScape/Content/Developers/basde/Collections/SproutScapeDevFolderBas/Core/Assets/Drone2DAnims/Jump/BeeBot_JumpDown_2/Jump_Down_00002_Sprite.uasset" 2367
"F:/GitHub/SproutScape/SproutScape/Content/Developers/basde/Collections/SproutScapeDevFolderBas/Core/Assets/Drone2DAnims/Jump/BeeBot_JumpDown_2/Jump_Down_00002_Sprite.uexp" 2368
"F:/GitHub/SproutScape/SproutScape/Content/Developers/basde/Collections/SproutScapeDevFolderBas/Core/Assets/Drone2DAnims/Jump/BeeBot_JumpDown_2/Jump_Down_00008.uasset" 2369
"F:/GitHub/SproutScape/SproutScape/Content/Developers/basde/Collections/SproutScapeDevFolderBas/Core/Assets/Drone2DAnims/Jump/BeeBot_JumpDown_2/Jump_Down_00008.uexp" 2370
"F:/GitHub/SproutScape/SproutScape/Content/Developers/basde/Collections/SproutScapeDevFolderBas/Core/Assets/Drone2DAnims/Jump/BeeBot_JumpDown_2/Jump_Down_00008_Sprite.uasset" 2371
"F:/GitHub/SproutScape/SproutScape/Content/Developers/basde/Collections/SproutScapeDevFolderBas/Core/Assets/Drone2DAnims/Jump/BeeBot_JumpDown_2/Jump_Down_00008_Sprite.uexp" 2372
"F:/GitHub/SproutScape/SproutScape/Content/Developers/basde/Collections/SproutScapeDevFolderBas/Core/Assets/Drone2DAnims/Jump/BeeBot_JumpDown_2/Jump_Down_00006.uasset" 2373
"F:/GitHub/SproutScape/SproutScape/Content/Developers/basde/Collections/SproutScapeDevFolderBas/Core/Assets/Drone2DAnims/Jump/BeeBot_JumpDown_2/Jump_Down_00006.uexp" 2374
"F:/GitHub/SproutScape/SproutScape/Content/Developers/basde/Collections/SproutScapeDevFolderBas/Core/Assets/Drone2DAnims/Jump/BeeBot_JumpDown_2/Jump_Down_00006_Sprite.uasset" 2375
"F:/GitHub/SproutScape/SproutScape/Content/Developers/basde/Collections/SproutScapeDevFolderBas/Core/Assets/Drone2DAnims/Jump/BeeBot_JumpDown_2/Jump_Down_00006_Sprite.uexp" 2376
"F:/GitHub/SproutScape/SproutScape/Content/Developers/basde/Collections/SproutScapeDevFolderBas/Core/Assets/Drone2DAnims/Jump/BeeBot_JumpDown_2/Jump_Down_00050.uasset" 2377
"F:/GitHub/SproutScape/SproutScape/Content/Developers/basde/Collections/SproutScapeDevFolderBas/Core/Assets/Drone2DAnims/Jump/BeeBot_JumpDown_2/Jump_Down_00050.uexp" 2378
"F:/GitHub/SproutScape/SproutScape/Content/Developers/basde/Collections/SproutScapeDevFolderBas/Core/Assets/Drone2DAnims/Jump/BeeBot_JumpDown_2/Jump_Down_00050_Sprite.uasset" 2379
"F:/GitHub/SproutScape/SproutScape/Content/Developers/basde/Collections/SproutScapeDevFolderBas/Core/Assets/Drone2DAnims/Jump/BeeBot_JumpDown_2/Jump_Down_00050_Sprite.uexp" 2380
"F:/GitHub/SproutScape/SproutScape/Content/Developers/basde/Collections/SproutScapeDevFolderBas/Core/Assets/Drone2DAnims/Jump/BeeBot_JumpDown_2/Jump_Down_00046.uasset" 2381
"F:/GitHub/SproutScape/SproutScape/Content/Developers/basde/Collections/SproutScapeDevFolderBas/Core/Assets/Drone2DAnims/Jump/BeeBot_JumpDown_2/Jump_Down_00046.uexp" 2382
"F:/GitHub/SproutScape/SproutScape/Content/Developers/basde/Collections/SproutScapeDevFolderBas/Core/Assets/Drone2DAnims/Jump/BeeBot_JumpDown_2/Jump_Down_00046_Sprite.uasset" 2383
"F:/GitHub/SproutScape/SproutScape/Content/Developers/basde/Collections/SproutScapeDevFolderBas/Core/Assets/Drone2DAnims/Jump/BeeBot_JumpDown_2/Jump_Down_00046_Sprite.uexp" 2384
"F:/GitHub/SproutScape/SproutScape/Content/Developers/basde/Collections/SproutScapeDevFolderBas/Core/Assets/Drone2DAnims/Jump/BeeBot_JumpDown_2/Jump_Down_00036.uasset" 2385
"F:/GitHub/SproutScape/SproutScape/Content/Developers/basde/Collections/SproutScapeDevFolderBas/Core/Assets/Drone2DAnims/Jump/BeeBot_JumpDown_2/Jump_Down_00036.uexp" 2386
"F:/GitHub/SproutScape/SproutScape/Content/Developers/basde/Collections/SproutScapeDevFolderBas/Core/Assets/Drone2DAnims/Jump/BeeBot_JumpDown_2/Jump_Down_00036_Sprite.uasset" 2387
"F:/GitHub/SproutScape/SproutScape/Content/Developers/basde/Collections/SproutScapeDevFolderBas/Core/Assets/Drone2DAnims/Jump/BeeBot_JumpDown_2/Jump_Down_00036_Sprite.uexp" 2388
"F:/GitHub/SproutScape/SproutScape/Content/Developers/basde/Collections/SproutScapeDevFolderBas/Core/Assets/Drone2DAnims/Jump/BeeBot_JumpDown_2/Jump_Down_00030.uasset" 2389
"F:/GitHub/SproutScape/SproutScape/Content/Developers/basde/Collections/SproutScapeDevFolderBas/Core/Assets/Drone2DAnims/Jump/BeeBot_JumpDown_2/Jump_Down_00030.uexp" 2390
"F:/GitHub/SproutScape/SproutScape/Content/Developers/basde/Collections/SproutScapeDevFolderBas/Core/Assets/Drone2DAnims/Jump/BeeBot_JumpDown_2/Jump_Down_00030_Sprite.uasset" 2391
"F:/GitHub/SproutScape/SproutScape/Content/Developers/basde/Collections/SproutScapeDevFolderBas/Core/Assets/Drone2DAnims/Jump/BeeBot_JumpDown_2/Jump_Down_00030_Sprite.uexp" 2392
"F:/GitHub/SproutScape/SproutScape/Content/Developers/basde/Collections/SproutScapeDevFolderBas/Core/Assets/Drone2DAnims/Jump/BeeBot_JumpDown_2/Jump_Down_00009.uasset" 2393
"F:/GitHub/SproutScape/SproutScape/Content/Developers/basde/Collections/SproutScapeDevFolderBas/Core/Assets/Drone2DAnims/Jump/BeeBot_JumpDown_2/Jump_Down_00009.uexp" 2394
"F:/GitHub/SproutScape/SproutScape/Content/Developers/basde/Collections/SproutScapeDevFolderBas/Core/Assets/Drone2DAnims/Jump/BeeBot_JumpDown_2/Jump_Down_00009_Sprite.uasset" 2395
"F:/GitHub/SproutScape/SproutScape/Content/Developers/basde/Collections/SproutScapeDevFolderBas/Core/Assets/Drone2DAnims/Jump/BeeBot_JumpDown_2/Jump_Down_00009_Sprite.uexp" 2396
"F:/GitHub/SproutScape/SproutScape/Content/Developers/basde/Collections/SproutScapeDevFolderBas/Core/Assets/Drone2DAnims/Jump/BeeBot_JumpDown_2/Jump_Down_00007.uasset" 2397
"F:/GitHub/SproutScape/SproutScape/Content/Developers/basde/Collections/SproutScapeDevFolderBas/Core/Assets/Drone2DAnims/Jump/BeeBot_JumpDown_2/Jump_Down_00007.uexp" 2398
"F:/GitHub/SproutScape/SproutScape/Content/Developers/basde/Collections/SproutScapeDevFolderBas/Core/Assets/Drone2DAnims/Jump/BeeBot_JumpDown_2/Jump_Down_00007_Sprite.uasset" 2399
"F:/GitHub/SproutScape/SproutScape/Content/Developers/basde/Collections/SproutScapeDevFolderBas/Core/Assets/Drone2DAnims/Jump/BeeBot_JumpDown_2/Jump_Down_00007_Sprite.uexp" 2400
"F:/GitHub/SproutScape/SproutScape/Content/Developers/basde/Collections/SproutScapeDevFolderBas/Core/Assets/Drone2DAnims/Jump/BeeBot_JumpDown_2/Jump_Down_00055.uasset" 2401
"F:/GitHub/SproutScape/SproutScape/Content/Developers/basde/Collections/SproutScapeDevFolderBas/Core/Assets/Drone2DAnims/Jump/BeeBot_JumpDown_2/Jump_Down_00055.uexp" 2402
"F:/GitHub/SproutScape/SproutScape/Content/Developers/basde/Collections/SproutScapeDevFolderBas/Core/Assets/Drone2DAnims/Jump/BeeBot_JumpDown_2/Jump_Down_00055_Sprite.uasset" 2403
"F:/GitHub/SproutScape/SproutScape/Content/Developers/basde/Collections/SproutScapeDevFolderBas/Core/Assets/Drone2DAnims/Jump/BeeBot_JumpDown_2/Jump_Down_00055_Sprite.uexp" 2404
"F:/GitHub/SproutScape/SproutScape/Content/Developers/basde/Collections/SproutScapeDevFolderBas/Core/Assets/Drone2DAnims/Jump/BeeBot_JumpDown_2/Jump_Down_00042.uasset" 2405
"F:/GitHub/SproutScape/SproutScape/Content/Developers/basde/Collections/SproutScapeDevFolderBas/Core/Assets/Drone2DAnims/Jump/BeeBot_JumpDown_2/Jump_Down_00042.uexp" 2406
"F:/GitHub/SproutScape/SproutScape/Content/Developers/basde/Collections/SproutScapeDevFolderBas/Core/Assets/Drone2DAnims/Jump/BeeBot_JumpDown_2/Jump_Down_00042_Sprite.uasset" 2407
"F:/GitHub/SproutScape/SproutScape/Content/Developers/basde/Collections/SproutScapeDevFolderBas/Core/Assets/Drone2DAnims/Jump/BeeBot_JumpDown_2/Jump_Down_00042_Sprite.uexp" 2408
"F:/GitHub/SproutScape/SproutScape/Content/Developers/basde/Collections/SproutScapeDevFolderBas/Core/Assets/Drone2DAnims/Jump/BeeBot_JumpDown_2/Jump_Down_00000.uasset" 2409
"F:/GitHub/SproutScape/SproutScape/Content/Developers/basde/Collections/SproutScapeDevFolderBas/Core/Assets/Drone2DAnims/Jump/BeeBot_JumpDown_2/Jump_Down_00000.uexp" 2410
"F:/GitHub/SproutScape/SproutScape/Content/Developers/basde/Collections/SproutScapeDevFolderBas/Core/Assets/Drone2DAnims/Jump/BeeBot_JumpDown_2/Jump_Down_00000_Sprite.uasset" 2411
"F:/GitHub/SproutScape/SproutScape/Content/Developers/basde/Collections/SproutScapeDevFolderBas/Core/Assets/Drone2DAnims/Jump/BeeBot_JumpDown_2/Jump_Down_00000_Sprite.uexp" 2412
"F:/GitHub/SproutScape/SproutScape/Content/Developers/basde/Collections/SproutScapeDevFolderBas/Core/Assets/Drone2DAnims/Jump/BeeBot_JumpDown_2/Jump_Down_00025.uasset" 2413
"F:/GitHub/SproutScape/SproutScape/Content/Developers/basde/Collections/SproutScapeDevFolderBas/Core/Assets/Drone2DAnims/Jump/BeeBot_JumpDown_2/Jump_Down_00025.uexp" 2414
"F:/GitHub/SproutScape/SproutScape/Content/Developers/basde/Collections/SproutScapeDevFolderBas/Core/Assets/Drone2DAnims/Jump/BeeBot_JumpDown_2/Jump_Down_00025_Sprite.uasset" 2415
"F:/GitHub/SproutScape/SproutScape/Content/Developers/basde/Collections/SproutScapeDevFolderBas/Core/Assets/Drone2DAnims/Jump/BeeBot_JumpDown_2/Jump_Down_00025_Sprite.uexp" 2416
"F:/GitHub/SproutScape/SproutScape/Content/Developers/basde/Collections/SproutScapeDevFolderBas/Core/Assets/Drone2DAnims/Jump/BeeBot_JumpDown_2/Jump_Down_00051.uasset" 2417
"F:/GitHub/SproutScape/SproutScape/Content/Developers/basde/Collections/SproutScapeDevFolderBas/Core/Assets/Drone2DAnims/Jump/BeeBot_JumpDown_2/Jump_Down_00051.uexp" 2418
"F:/GitHub/SproutScape/SproutScape/Content/Developers/basde/Collections/SproutScapeDevFolderBas/Core/Assets/Drone2DAnims/Jump/BeeBot_JumpDown_2/Jump_Down_00051_Sprite.uasset" 2419
"F:/GitHub/SproutScape/SproutScape/Content/Developers/basde/Collections/SproutScapeDevFolderBas/Core/Assets/Drone2DAnims/Jump/BeeBot_JumpDown_2/Jump_Down_00051_Sprite.uexp" 2420
"F:/GitHub/SproutScape/SproutScape/Content/Developers/basde/Collections/SproutScapeDevFolderBas/Core/Assets/Drone2DAnims/Jump/BeeBot_JumpDown_2/Jump_Down_00005.uasset" 2421
"F:/GitHub/SproutScape/SproutScape/Content/Developers/basde/Collections/SproutScapeDevFolderBas/Core/Assets/Drone2DAnims/Jump/BeeBot_JumpDown_2/Jump_Down_00005.uexp" 2422
"F:/GitHub/SproutScape/SproutScape/Content/Developers/basde/Collections/SproutScapeDevFolderBas/Core/Assets/Drone2DAnims/Jump/BeeBot_JumpDown_2/Jump_Down_00005_Sprite.uasset" 2423
"F:/GitHub/SproutScape/SproutScape/Content/Developers/basde/Collections/SproutScapeDevFolderBas/Core/Assets/Drone2DAnims/Jump/BeeBot_JumpDown_2/Jump_Down_00005_Sprite.uexp" 2424
"F:/GitHub/SproutScape/SproutScape/Content/Developers/basde/Collections/SproutScapeDevFolderBas/Core/Assets/Drone2DAnims/Jump/BeeBot_JumpDown_2/Jump_Down_00012.uasset" 2425
"F:/GitHub/SproutScape/SproutScape/Content/Developers/basde/Collections/SproutScapeDevFolderBas/Core/Assets/Drone2DAnims/Jump/BeeBot_JumpDown_2/Jump_Down_00012.uexp" 2426
"F:/GitHub/SproutScape/SproutScape/Content/Developers/basde/Collections/SproutScapeDevFolderBas/Core/Assets/Drone2DAnims/Jump/BeeBot_JumpDown_2/Jump_Down_00012_Sprite.uasset" 2427
"F:/GitHub/SproutScape/SproutScape/Content/Developers/basde/Collections/SproutScapeDevFolderBas/Core/Assets/Drone2DAnims/Jump/BeeBot_JumpDown_2/Jump_Down_00012_Sprite.uexp" 2428
"F:/GitHub/SproutScape/SproutScape/Content/Developers/basde/Collections/SproutScapeDevFolderBas/Core/Assets/Drone2DAnims/Jump/BeeBot_JumpDown_2/Jump_Down_00035.uasset" 2429
"F:/GitHub/SproutScape/SproutScape/Content/Developers/basde/Collections/SproutScapeDevFolderBas/Core/Assets/Drone2DAnims/Jump/BeeBot_JumpDown_2/Jump_Down_00035.uexp" 2430
"F:/GitHub/SproutScape/SproutScape/Content/Developers/basde/Collections/SproutScapeDevFolderBas/Core/Assets/Drone2DAnims/Jump/BeeBot_JumpDown_2/Jump_Down_00035_Sprite.uasset" 2431
"F:/GitHub/SproutScape/SproutScape/Content/Developers/basde/Collections/SproutScapeDevFolderBas/Core/Assets/Drone2DAnims/Jump/BeeBot_JumpDown_2/Jump_Down_00035_Sprite.uexp" 2432
"F:/GitHub/SproutScape/SproutScape/Content/Developers/basde/Collections/SproutScapeDevFolderBas/Core/Assets/Drone2DAnims/Jump/BeeBot_JumpDown_2/Jump_Down_00039.uasset" 2433
"F:/GitHub/SproutScape/SproutScape/Content/Developers/basde/Collections/SproutScapeDevFolderBas/Core/Assets/Drone2DAnims/Jump/BeeBot_JumpDown_2/Jump_Down_00039.uexp" 2434
"F:/GitHub/SproutScape/SproutScape/Content/Developers/basde/Collections/SproutScapeDevFolderBas/Core/Assets/Drone2DAnims/Jump/BeeBot_JumpDown_2/Jump_Down_00039_Sprite.uasset" 2435
"F:/GitHub/SproutScape/SproutScape/Content/Developers/basde/Collections/SproutScapeDevFolderBas/Core/Assets/Drone2DAnims/Jump/BeeBot_JumpDown_2/Jump_Down_00039_Sprite.uexp" 2436
"F:/GitHub/SproutScape/SproutScape/Content/Developers/basde/Collections/SproutScapeDevFolderBas/Core/Assets/Drone2DAnims/Jump/BeeBot_JumpDown_2/Jump_Down_00057.uasset" 2437
"F:/GitHub/SproutScape/SproutScape/Content/Developers/basde/Collections/SproutScapeDevFolderBas/Core/Assets/Drone2DAnims/Jump/BeeBot_JumpDown_2/Jump_Down_00057.uexp" 2438
"F:/GitHub/SproutScape/SproutScape/Content/Developers/basde/Collections/SproutScapeDevFolderBas/Core/Assets/Drone2DAnims/Jump/BeeBot_JumpDown_2/Jump_Down_00057_Sprite.uasset" 2439
"F:/GitHub/SproutScape/SproutScape/Content/Developers/basde/Collections/SproutScapeDevFolderBas/Core/Assets/Drone2DAnims/Jump/BeeBot_JumpDown_2/Jump_Down_00057_Sprite.uexp" 2440
"F:/GitHub/SproutScape/SproutScape/Content/Developers/basde/Collections/SproutScapeDevFolderBas/Core/Assets/Drone2DAnims/Jump/BeeBot_JumpDown_2/Jump_Down_00052.uasset" 2441
"F:/GitHub/SproutScape/SproutScape/Content/Developers/basde/Collections/SproutScapeDevFolderBas/Core/Assets/Drone2DAnims/Jump/BeeBot_JumpDown_2/Jump_Down_00052.uexp" 2442
"F:/GitHub/SproutScape/SproutScape/Content/Developers/basde/Collections/SproutScapeDevFolderBas/Core/Assets/Drone2DAnims/Jump/BeeBot_JumpDown_2/Jump_Down_00052_Sprite.uasset" 2443
"F:/GitHub/SproutScape/SproutScape/Content/Developers/basde/Collections/SproutScapeDevFolderBas/Core/Assets/Drone2DAnims/Jump/BeeBot_JumpDown_2/Jump_Down_00052_Sprite.uexp" 2444
"F:/GitHub/SproutScape/SproutScape/Content/Developers/basde/Collections/SproutScapeDevFolderBas/Core/Assets/Drone2DAnims/Jump/BeeBot_JumpDown_2/Jump_Down_00011.uasset" 2445
"F:/GitHub/SproutScape/SproutScape/Content/Developers/basde/Collections/SproutScapeDevFolderBas/Core/Assets/Drone2DAnims/Jump/BeeBot_JumpDown_2/Jump_Down_00011.uexp" 2446
"F:/GitHub/SproutScape/SproutScape/Content/Developers/basde/Collections/SproutScapeDevFolderBas/Core/Assets/Drone2DAnims/Jump/BeeBot_JumpDown_2/Jump_Down_00011_Sprite.uasset" 2447
"F:/GitHub/SproutScape/SproutScape/Content/Developers/basde/Collections/SproutScapeDevFolderBas/Core/Assets/Drone2DAnims/Jump/BeeBot_JumpDown_2/Jump_Down_00011_Sprite.uexp" 2448
"F:/GitHub/SproutScape/SproutScape/Content/Developers/basde/Collections/SproutScapeDevFolderBas/Core/Assets/Drone2DAnims/Jump/BeeBot_JumpDown_2/Jump_Down_00034.uasset" 2449
"F:/GitHub/SproutScape/SproutScape/Content/Developers/basde/Collections/SproutScapeDevFolderBas/Core/Assets/Drone2DAnims/Jump/BeeBot_JumpDown_2/Jump_Down_00034.uexp" 2450
"F:/GitHub/SproutScape/SproutScape/Content/Developers/basde/Collections/SproutScapeDevFolderBas/Core/Assets/Drone2DAnims/Jump/BeeBot_JumpDown_2/Jump_Down_00034_Sprite.uasset" 2451
"F:/GitHub/SproutScape/SproutScape/Content/Developers/basde/Collections/SproutScapeDevFolderBas/Core/Assets/Drone2DAnims/Jump/BeeBot_JumpDown_2/Jump_Down_00034_Sprite.uexp" 2452
"F:/GitHub/SproutScape/SproutScape/Content/Developers/basde/Collections/SproutScapeDevFolderBas/Core/Assets/Drone2DAnims/Jump/BeeBot_JumpDown_2/Jump_Down_00023.uasset" 2453
"F:/GitHub/SproutScape/SproutScape/Content/Developers/basde/Collections/SproutScapeDevFolderBas/Core/Assets/Drone2DAnims/Jump/BeeBot_JumpDown_2/Jump_Down_00023.uexp" 2454
"F:/GitHub/SproutScape/SproutScape/Content/Developers/basde/Collections/SproutScapeDevFolderBas/Core/Assets/Drone2DAnims/Jump/BeeBot_JumpDown_2/Jump_Down_00023_Sprite.uasset" 2455
"F:/GitHub/SproutScape/SproutScape/Content/Developers/basde/Collections/SproutScapeDevFolderBas/Core/Assets/Drone2DAnims/Jump/BeeBot_JumpDown_2/Jump_Down_00023_Sprite.uexp" 2456
"F:/GitHub/SproutScape/SproutScape/Content/Developers/basde/Collections/SproutScapeDevFolderBas/Core/Assets/Drone2DAnims/Jump/BeeBot_JumpDown_2/Jump_Down_00017.uasset" 2457
"F:/GitHub/SproutScape/SproutScape/Content/Developers/basde/Collections/SproutScapeDevFolderBas/Core/Assets/Drone2DAnims/Jump/BeeBot_JumpDown_2/Jump_Down_00017.uexp" 2458
"F:/GitHub/SproutScape/SproutScape/Content/Developers/basde/Collections/SproutScapeDevFolderBas/Core/Assets/Drone2DAnims/Jump/BeeBot_JumpDown_2/Jump_Down_00017_Sprite.uasset" 2459
"F:/GitHub/SproutScape/SproutScape/Content/Developers/basde/Collections/SproutScapeDevFolderBas/Core/Assets/Drone2DAnims/Jump/BeeBot_JumpDown_2/Jump_Down_00017_Sprite.uexp" 2460
"F:/GitHub/SproutScape/SproutScape/Content/Developers/basde/Collections/SproutScapeDevFolderBas/Core/Assets/Drone2DAnims/Jump/BeeBot_JumpDown_2/Jump_Down_00038.uasset" 2461
"F:/GitHub/SproutScape/SproutScape/Content/Developers/basde/Collections/SproutScapeDevFolderBas/Core/Assets/Drone2DAnims/Jump/BeeBot_JumpDown_2/Jump_Down_00038.uexp" 2462
"F:/GitHub/SproutScape/SproutScape/Content/Developers/basde/Collections/SproutScapeDevFolderBas/Core/Assets/Drone2DAnims/Jump/BeeBot_JumpDown_2/Jump_Down_00038_Sprite.uasset" 2463
"F:/GitHub/SproutScape/SproutScape/Content/Developers/basde/Collections/SproutScapeDevFolderBas/Core/Assets/Drone2DAnims/Jump/BeeBot_JumpDown_2/Jump_Down_00038_Sprite.uexp" 2464
"F:/GitHub/SproutScape/SproutScape/Content/Developers/basde/Collections/SproutScapeDevFolderBas/Core/Assets/Drone2DAnims/Jump/BeeBot_JumpDown_2/Jump_Down_00010.uasset" 2465
"F:/GitHub/SproutScape/SproutScape/Content/Developers/basde/Collections/SproutScapeDevFolderBas/Core/Assets/Drone2DAnims/Jump/BeeBot_JumpDown_2/Jump_Down_00010.uexp" 2466
"F:/GitHub/SproutScape/SproutScape/Content/Developers/basde/Collections/SproutScapeDevFolderBas/Core/Assets/Drone2DAnims/Jump/BeeBot_JumpDown_2/Jump_Down_00010_Sprite.uasset" 2467
"F:/GitHub/SproutScape/SproutScape/Content/Developers/basde/Collections/SproutScapeDevFolderBas/Core/Assets/Drone2DAnims/Jump/BeeBot_JumpDown_2/Jump_Down_00010_Sprite.uexp" 2468
"F:/GitHub/SproutScape/SproutScape/Content/Developers/basde/Collections/SproutScapeDevFolderBas/Core/Assets/Drone2DAnims/Jump/BeeBot_JumpDown_2/Jump_Down_00033.uasset" 2469
"F:/GitHub/SproutScape/SproutScape/Content/Developers/basde/Collections/SproutScapeDevFolderBas/Core/Assets/Drone2DAnims/Jump/BeeBot_JumpDown_2/Jump_Down_00033.uexp" 2470
"F:/GitHub/SproutScape/SproutScape/Content/Developers/basde/Collections/SproutScapeDevFolderBas/Core/Assets/Drone2DAnims/Jump/BeeBot_JumpDown_2/Jump_Down_00033_Sprite.uasset" 2471
"F:/GitHub/SproutScape/SproutScape/Content/Developers/basde/Collections/SproutScapeDevFolderBas/Core/Assets/Drone2DAnims/Jump/BeeBot_JumpDown_2/Jump_Down_00033_Sprite.uexp" 2472
"F:/GitHub/SproutScape/SproutScape/Content/Developers/basde/Collections/SproutScapeDevFolderBas/Core/Assets/Drone2DAnims/Jump/BeeBot_JumpDown_2/Jump_Down_00037.uasset" 2473
"F:/GitHub/SproutScape/SproutScape/Content/Developers/basde/Collections/SproutScapeDevFolderBas/Core/Assets/Drone2DAnims/Jump/BeeBot_JumpDown_2/Jump_Down_00037.uexp" 2474
"F:/GitHub/SproutScape/SproutScape/Content/Developers/basde/Collections/SproutScapeDevFolderBas/Core/Assets/Drone2DAnims/Jump/BeeBot_JumpDown_2/Jump_Down_00037_Sprite.uasset" 2475
"F:/GitHub/SproutScape/SproutScape/Content/Developers/basde/Collections/SproutScapeDevFolderBas/Core/Assets/Drone2DAnims/Jump/BeeBot_JumpDown_2/Jump_Down_00037_Sprite.uexp" 2476
"F:/GitHub/SproutScape/SproutScape/Content/Developers/basde/Collections/SproutScapeDevFolderBas/Core/Assets/Drone2DAnims/Jump/BeeBot_JumpDown_2/Jump_Down_00029.uasset" 2477
"F:/GitHub/SproutScape/SproutScape/Content/Developers/basde/Collections/SproutScapeDevFolderBas/Core/Assets/Drone2DAnims/Jump/BeeBot_JumpDown_2/Jump_Down_00029.uexp" 2478
"F:/GitHub/SproutScape/SproutScape/Content/Developers/basde/Collections/SproutScapeDevFolderBas/Core/Assets/Drone2DAnims/Jump/BeeBot_JumpDown_2/Jump_Down_00029_Sprite.uasset" 2479
"F:/GitHub/SproutScape/SproutScape/Content/Developers/basde/Collections/SproutScapeDevFolderBas/Core/Assets/Drone2DAnims/Jump/BeeBot_JumpDown_2/Jump_Down_00029_Sprite.uexp" 2480
"F:/GitHub/SproutScape/SproutScape/Content/Developers/basde/Collections/SproutScapeDevFolderBas/Core/Assets/Drone2DAnims/Jump/BeeBot_JumpDown_2/Jump_Down_00003.uasset" 2481
"F:/GitHub/SproutScape/SproutScape/Content/Developers/basde/Collections/SproutScapeDevFolderBas/Core/Assets/Drone2DAnims/Jump/BeeBot_JumpDown_2/Jump_Down_00003.uexp" 2482
"F:/GitHub/SproutScape/SproutScape/Content/Developers/basde/Collections/SproutScapeDevFolderBas/Core/Assets/Drone2DAnims/Jump/BeeBot_JumpDown_2/Jump_Down_00003_Sprite.uasset" 2483
"F:/GitHub/SproutScape/SproutScape/Content/Developers/basde/Collections/SproutScapeDevFolderBas/Core/Assets/Drone2DAnims/Jump/BeeBot_JumpDown_2/Jump_Down_00003_Sprite.uexp" 2484
"F:/GitHub/SproutScape/SproutScape/Content/Developers/basde/Collections/SproutScapeDevFolderBas/Core/Assets/Drone2DAnims/Jump/BeeBot_JumpDown_2/Jump_Down_00043.uasset" 2485
"F:/GitHub/SproutScape/SproutScape/Content/Developers/basde/Collections/SproutScapeDevFolderBas/Core/Assets/Drone2DAnims/Jump/BeeBot_JumpDown_2/Jump_Down_00043.uexp" 2486
"F:/GitHub/SproutScape/SproutScape/Content/Developers/basde/Collections/SproutScapeDevFolderBas/Core/Assets/Drone2DAnims/Jump/BeeBot_JumpDown_2/Jump_Down_00043_Sprite.uasset" 2487
"F:/GitHub/SproutScape/SproutScape/Content/Developers/basde/Collections/SproutScapeDevFolderBas/Core/Assets/Drone2DAnims/Jump/BeeBot_JumpDown_2/Jump_Down_00043_Sprite.uexp" 2488
"F:/GitHub/SproutScape/SproutScape/Content/Developers/basde/Collections/SproutScapeDevFolderBas/Core/Assets/Drone2DAnims/Jump/BeeBot_JumpDown_2/Jump_Down_00054.uasset" 2489
"F:/GitHub/SproutScape/SproutScape/Content/Developers/basde/Collections/SproutScapeDevFolderBas/Core/Assets/Drone2DAnims/Jump/BeeBot_JumpDown_2/Jump_Down_00054.uexp" 2490
"F:/GitHub/SproutScape/SproutScape/Content/Developers/basde/Collections/SproutScapeDevFolderBas/Core/Assets/Drone2DAnims/Jump/BeeBot_JumpDown_2/Jump_Down_00054_Sprite.uasset" 2491
"F:/GitHub/SproutScape/SproutScape/Content/Developers/basde/Collections/SproutScapeDevFolderBas/Core/Assets/Drone2DAnims/Jump/BeeBot_JumpDown_2/Jump_Down_00054_Sprite.uexp" 2492
"F:/GitHub/SproutScape/SproutScape/Content/Developers/basde/Collections/SproutScapeDevFolderBas/Core/Assets/Drone2DAnims/Jump/BeeBot_JumpDown_2/Jump_Down_00045.uasset" 2493
"F:/GitHub/SproutScape/SproutScape/Content/Developers/basde/Collections/SproutScapeDevFolderBas/Core/Assets/Drone2DAnims/Jump/BeeBot_JumpDown_2/Jump_Down_00045.uexp" 2494
"F:/GitHub/SproutScape/SproutScape/Content/Developers/basde/Collections/SproutScapeDevFolderBas/Core/Assets/Drone2DAnims/Jump/BeeBot_JumpDown_2/Jump_Down_00045_Sprite.uasset" 2495
"F:/GitHub/SproutScape/SproutScape/Content/Developers/basde/Collections/SproutScapeDevFolderBas/Core/Assets/Drone2DAnims/Jump/BeeBot_JumpDown_2/Jump_Down_00045_Sprite.uexp" 2496
"F:/GitHub/SproutScape/SproutScape/Content/Developers/basde/Collections/SproutScapeDevFolderBas/Core/Assets/Drone2DAnims/Jump/BeeBot_JumpDown_2/Jump_Down_00016.uasset" 2497
"F:/GitHub/SproutScape/SproutScape/Content/Developers/basde/Collections/SproutScapeDevFolderBas/Core/Assets/Drone2DAnims/Jump/BeeBot_JumpDown_2/Jump_Down_00016.uexp" 2498
"F:/GitHub/SproutScape/SproutScape/Content/Developers/basde/Collections/SproutScapeDevFolderBas/Core/Assets/Drone2DAnims/Jump/BeeBot_JumpDown_2/Jump_Down_00016_Sprite.uasset" 2499
"F:/GitHub/SproutScape/SproutScape/Content/Developers/basde/Collections/SproutScapeDevFolderBas/Core/Assets/Drone2DAnims/Jump/BeeBot_JumpDown_2/Jump_Down_00016_Sprite.uexp" 2500
"F:/GitHub/SproutScape/SproutScape/Content/Developers/basde/Collections/SproutScapeDevFolderBas/Core/Assets/Drone2DAnims/Jump/BeeBot_JumpDown_2/Jump_Down_00056.uasset" 2501
"F:/GitHub/SproutScape/SproutScape/Content/Developers/basde/Collections/SproutScapeDevFolderBas/Core/Assets/Drone2DAnims/Jump/BeeBot_JumpDown_2/Jump_Down_00056.uexp" 2502
"F:/GitHub/SproutScape/SproutScape/Content/Developers/basde/Collections/SproutScapeDevFolderBas/Core/Assets/Drone2DAnims/Jump/BeeBot_JumpDown_2/Jump_Down_00056_Sprite.uasset" 2503
"F:/GitHub/SproutScape/SproutScape/Content/Developers/basde/Collections/SproutScapeDevFolderBas/Core/Assets/Drone2DAnims/Jump/BeeBot_JumpDown_2/Jump_Down_00056_Sprite.uexp" 2504
"F:/GitHub/SproutScape/SproutScape/Content/Developers/basde/Collections/SproutScapeDevFolderBas/Core/Assets/Drone2DAnims/Jump/BeeBot_JumpDown_2/Jump_Down_00040.uasset" 2505
"F:/GitHub/SproutScape/SproutScape/Content/Developers/basde/Collections/SproutScapeDevFolderBas/Core/Assets/Drone2DAnims/Jump/BeeBot_JumpDown_2/Jump_Down_00040.uexp" 2506
"F:/GitHub/SproutScape/SproutScape/Content/Developers/basde/Collections/SproutScapeDevFolderBas/Core/Assets/Drone2DAnims/Jump/BeeBot_JumpDown_2/Jump_Down_00040_Sprite.uasset" 2507
"F:/GitHub/SproutScape/SproutScape/Content/Developers/basde/Collections/SproutScapeDevFolderBas/Core/Assets/Drone2DAnims/Jump/BeeBot_JumpDown_2/Jump_Down_00040_Sprite.uexp" 2508
"F:/GitHub/SproutScape/SproutScape/Content/Developers/basde/Collections/SproutScapeDevFolderBas/Core/Assets/Drone2DAnims/Jump/BeeBot_JumpDown_2/Jump_Down_00047.uasset" 2509
"F:/GitHub/SproutScape/SproutScape/Content/Developers/basde/Collections/SproutScapeDevFolderBas/Core/Assets/Drone2DAnims/Jump/BeeBot_JumpDown_2/Jump_Down_00047.uexp" 2510
"F:/GitHub/SproutScape/SproutScape/Content/Developers/basde/Collections/SproutScapeDevFolderBas/Core/Assets/Drone2DAnims/Jump/BeeBot_JumpDown_2/Jump_Down_00047_Sprite.uasset" 2511
"F:/GitHub/SproutScape/SproutScape/Content/Developers/basde/Collections/SproutScapeDevFolderBas/Core/Assets/Drone2DAnims/Jump/BeeBot_JumpDown_2/Jump_Down_00047_Sprite.uexp" 2512
"F:/GitHub/SproutScape/SproutScape/Content/Developers/basde/Collections/SproutScapeDevFolderBas/Core/Assets/Drone2DAnims/Jump/BeeBot_JumpDown_2/Jump_Down_00020.uasset" 2513
"F:/GitHub/SproutScape/SproutScape/Content/Developers/basde/Collections/SproutScapeDevFolderBas/Core/Assets/Drone2DAnims/Jump/BeeBot_JumpDown_2/Jump_Down_00020.uexp" 2514
"F:/GitHub/SproutScape/SproutScape/Content/Developers/basde/Collections/SproutScapeDevFolderBas/Core/Assets/Drone2DAnims/Jump/BeeBot_JumpDown_2/Jump_Down_00020_Sprite.uasset" 2515
"F:/GitHub/SproutScape/SproutScape/Content/Developers/basde/Collections/SproutScapeDevFolderBas/Core/Assets/Drone2DAnims/Jump/BeeBot_JumpDown_2/Jump_Down_00020_Sprite.uexp" 2516
"F:/GitHub/SproutScape/SproutScape/Content/Developers/basde/Collections/SproutScapeDevFolderBas/Core/Assets/Drone2DAnims/Jump/BeeBot_JumpDown_2/Jump_Down_00031.uasset" 2517
"F:/GitHub/SproutScape/SproutScape/Content/Developers/basde/Collections/SproutScapeDevFolderBas/Core/Assets/Drone2DAnims/Jump/BeeBot_JumpDown_2/Jump_Down_00031.uexp" 2518
"F:/GitHub/SproutScape/SproutScape/Content/Developers/basde/Collections/SproutScapeDevFolderBas/Core/Assets/Drone2DAnims/Jump/BeeBot_JumpDown_2/Jump_Down_00031_Sprite.uasset" 2519
"F:/GitHub/SproutScape/SproutScape/Content/Developers/basde/Collections/SproutScapeDevFolderBas/Core/Assets/Drone2DAnims/Jump/BeeBot_JumpDown_2/Jump_Down_00031_Sprite.uexp" 2520
"F:/GitHub/SproutScape/SproutScape/Content/Developers/basde/Collections/SproutScapeDevFolderBas/Core/Assets/Drone2DAnims/Jump/BeeBot_JumpDown_2/Jump_Down_00022.uasset" 2521
"F:/GitHub/SproutScape/SproutScape/Content/Developers/basde/Collections/SproutScapeDevFolderBas/Core/Assets/Drone2DAnims/Jump/BeeBot_JumpDown_2/Jump_Down_00022.uexp" 2522
"F:/GitHub/SproutScape/SproutScape/Content/Developers/basde/Collections/SproutScapeDevFolderBas/Core/Assets/Drone2DAnims/Jump/BeeBot_JumpDown_2/Jump_Down_00022_Sprite.uasset" 2523
"F:/GitHub/SproutScape/SproutScape/Content/Developers/basde/Collections/SproutScapeDevFolderBas/Core/Assets/Drone2DAnims/Jump/BeeBot_JumpDown_2/Jump_Down_00022_Sprite.uexp" 2524
"F:/GitHub/SproutScape/SproutScape/Content/Developers/basde/Collections/SproutScapeDevFolderBas/Core/Assets/Drone2DAnims/Jump/BeeBot_JumpDown_2/Jump_Down_00018.uasset" 2525
"F:/GitHub/SproutScape/SproutScape/Content/Developers/basde/Collections/SproutScapeDevFolderBas/Core/Assets/Drone2DAnims/Jump/BeeBot_JumpDown_2/Jump_Down_00018.uexp" 2526
"F:/GitHub/SproutScape/SproutScape/Content/Developers/basde/Collections/SproutScapeDevFolderBas/Core/Assets/Drone2DAnims/Jump/BeeBot_JumpDown_2/Jump_Down_00018_Sprite.uasset" 2527
"F:/GitHub/SproutScape/SproutScape/Content/Developers/basde/Collections/SproutScapeDevFolderBas/Core/Assets/Drone2DAnims/Jump/BeeBot_JumpDown_2/Jump_Down_00018_Sprite.uexp" 2528
"F:/GitHub/SproutScape/SproutScape/Content/Developers/basde/Collections/SproutScapeDevFolderBas/Core/Assets/Drone2DAnims/Jump/BeeBot_JumpDown_2/Jump_Down_00028.uasset" 2529
"F:/GitHub/SproutScape/SproutScape/Content/Developers/basde/Collections/SproutScapeDevFolderBas/Core/Assets/Drone2DAnims/Jump/BeeBot_JumpDown_2/Jump_Down_00028.uexp" 2530
"F:/GitHub/SproutScape/SproutScape/Content/Developers/basde/Collections/SproutScapeDevFolderBas/Core/Assets/Drone2DAnims/Jump/BeeBot_JumpDown_2/Jump_Down_00028_Sprite.uasset" 2531
"F:/GitHub/SproutScape/SproutScape/Content/Developers/basde/Collections/SproutScapeDevFolderBas/Core/Assets/Drone2DAnims/Jump/BeeBot_JumpDown_2/Jump_Down_00028_Sprite.uexp" 2532
"F:/GitHub/SproutScape/SproutScape/Content/Developers/basde/Collections/SproutScapeDevFolderBas/Core/Assets/Drone2DAnims/Jump/BeeBot_JumpDown_2/Jump_Down_00048.uasset" 2533
"F:/GitHub/SproutScape/SproutScape/Content/Developers/basde/Collections/SproutScapeDevFolderBas/Core/Assets/Drone2DAnims/Jump/BeeBot_JumpDown_2/Jump_Down_00048.uexp" 2534
"F:/GitHub/SproutScape/SproutScape/Content/Developers/basde/Collections/SproutScapeDevFolderBas/Core/Assets/Drone2DAnims/Jump/BeeBot_JumpDown_2/Jump_Down_00048_Sprite.uasset" 2535
"F:/GitHub/SproutScape/SproutScape/Content/Developers/basde/Collections/SproutScapeDevFolderBas/Core/Assets/Drone2DAnims/Jump/BeeBot_JumpDown_2/Jump_Down_00048_Sprite.uexp" 2536
"F:/GitHub/SproutScape/SproutScape/Content/Developers/basde/Collections/SproutScapeDevFolderBas/Core/Assets/Drone2DAnims/Jump/BeeBot_JumpDown_2/Jump_Down_00053.uasset" 2537
"F:/GitHub/SproutScape/SproutScape/Content/Developers/basde/Collections/SproutScapeDevFolderBas/Core/Assets/Drone2DAnims/Jump/BeeBot_JumpDown_2/Jump_Down_00053.uexp" 2538
"F:/GitHub/SproutScape/SproutScape/Content/Developers/basde/Collections/SproutScapeDevFolderBas/Core/Assets/Drone2DAnims/Jump/BeeBot_JumpDown_2/Jump_Down_00053_Sprite.uasset" 2539
"F:/GitHub/SproutScape/SproutScape/Content/Developers/basde/Collections/SproutScapeDevFolderBas/Core/Assets/Drone2DAnims/Jump/BeeBot_JumpDown_2/Jump_Down_00053_Sprite.uexp" 2540
"F:/GitHub/SproutScape/SproutScape/Content/Developers/basde/Collections/SproutScapeDevFolderBas/Core/Assets/Drone2DAnims/Jump/BeeBot_JumpDown_2/Jump_Down_00019.uasset" 2541
"F:/GitHub/SproutScape/SproutScape/Content/Developers/basde/Collections/SproutScapeDevFolderBas/Core/Assets/Drone2DAnims/Jump/BeeBot_JumpDown_2/Jump_Down_00019.uexp" 2542
"F:/GitHub/SproutScape/SproutScape/Content/Developers/basde/Collections/SproutScapeDevFolderBas/Core/Assets/Drone2DAnims/Jump/BeeBot_JumpDown_2/Jump_Down_00019_Sprite.uasset" 2543
"F:/GitHub/SproutScape/SproutScape/Content/Developers/basde/Collections/SproutScapeDevFolderBas/Core/Assets/Drone2DAnims/Jump/BeeBot_JumpDown_2/Jump_Down_00019_Sprite.uexp" 2544
"F:/GitHub/SproutScape/SproutScape/Content/Developers/basde/Collections/SproutScapeDevFolderBas/Core/Assets/Drone2DAnims/Jump/BeeBot_JumpDown_2/Jump_Down_00026.uasset" 2545
"F:/GitHub/SproutScape/SproutScape/Content/Developers/basde/Collections/SproutScapeDevFolderBas/Core/Assets/Drone2DAnims/Jump/BeeBot_JumpDown_2/Jump_Down_00026.uexp" 2546
"F:/GitHub/SproutScape/SproutScape/Content/Developers/basde/Collections/SproutScapeDevFolderBas/Core/Assets/Drone2DAnims/Jump/BeeBot_JumpDown_2/Jump_Down_00026_Sprite.uasset" 2547
"F:/GitHub/SproutScape/SproutScape/Content/Developers/basde/Collections/SproutScapeDevFolderBas/Core/Assets/Drone2DAnims/Jump/BeeBot_JumpDown_2/Jump_Down_00026_Sprite.uexp" 2548
"F:/GitHub/SproutScape/SproutScape/Content/Developers/basde/Collections/SproutScapeDevFolderBas/Core/Assets/Drone2DAnims/Jump/BeeBot_JumpDown_2/Jump_Down_00058.uasset" 2549
"F:/GitHub/SproutScape/SproutScape/Content/Developers/basde/Collections/SproutScapeDevFolderBas/Core/Assets/Drone2DAnims/Jump/BeeBot_JumpDown_2/Jump_Down_00058.uexp" 2550
"F:/GitHub/SproutScape/SproutScape/Content/Developers/basde/Collections/SproutScapeDevFolderBas/Core/Assets/Drone2DAnims/Jump/BeeBot_JumpDown_2/Jump_Down_00058_Sprite.uasset" 2551
"F:/GitHub/SproutScape/SproutScape/Content/Developers/basde/Collections/SproutScapeDevFolderBas/Core/Assets/Drone2DAnims/Jump/BeeBot_JumpDown_2/Jump_Down_00058_Sprite.uexp" 2552
"F:/GitHub/SproutScape/SproutScape/Content/Developers/basde/Collections/SproutScapeDevFolderBas/Core/Assets/Drone2DAnims/Jump/BeeBot_JumpDown_2/Jump_Down_00032.uasset" 2553
"F:/GitHub/SproutScape/SproutScape/Content/Developers/basde/Collections/SproutScapeDevFolderBas/Core/Assets/Drone2DAnims/Jump/BeeBot_JumpDown_2/Jump_Down_00032.uexp" 2554
"F:/GitHub/SproutScape/SproutScape/Content/Developers/basde/Collections/SproutScapeDevFolderBas/Core/Assets/Drone2DAnims/Jump/BeeBot_JumpDown_2/Jump_Down_00032_Sprite.uasset" 2555
"F:/GitHub/SproutScape/SproutScape/Content/Developers/basde/Collections/SproutScapeDevFolderBas/Core/Assets/Drone2DAnims/Jump/BeeBot_JumpDown_2/Jump_Down_00032_Sprite.uexp" 2556
"F:/GitHub/SproutScape/SproutScape/Content/Developers/basde/Collections/SproutScapeDevFolderBas/Core/Assets/Drone2DAnims/Jump/BeeBot_JumpDown_2/Jump_Down_00013.uasset" 2557
"F:/GitHub/SproutScape/SproutScape/Content/Developers/basde/Collections/SproutScapeDevFolderBas/Core/Assets/Drone2DAnims/Jump/BeeBot_JumpDown_2/Jump_Down_00013.uexp" 2558
"F:/GitHub/SproutScape/SproutScape/Content/Developers/basde/Collections/SproutScapeDevFolderBas/Core/Assets/Drone2DAnims/Jump/BeeBot_JumpDown_2/Jump_Down_00013_Sprite.uasset" 2559
"F:/GitHub/SproutScape/SproutScape/Content/Developers/basde/Collections/SproutScapeDevFolderBas/Core/Assets/Drone2DAnims/Jump/BeeBot_JumpDown_2/Jump_Down_00013_Sprite.uexp" 2560
"F:/GitHub/SproutScape/SproutScape/Content/Developers/basde/Collections/SproutScapeDevFolderBas/Core/Assets/Drone2DAnims/Jump/BeeBot_JumpDown_2/Jump_Down_00014.uasset" 2561
"F:/GitHub/SproutScape/SproutScape/Content/Developers/basde/Collections/SproutScapeDevFolderBas/Core/Assets/Drone2DAnims/Jump/BeeBot_JumpDown_2/Jump_Down_00014.uexp" 2562
"F:/GitHub/SproutScape/SproutScape/Content/Developers/basde/Collections/SproutScapeDevFolderBas/Core/Assets/Drone2DAnims/Jump/BeeBot_JumpDown_2/Jump_Down_00014_Sprite.uasset" 2563
"F:/GitHub/SproutScape/SproutScape/Content/Developers/basde/Collections/SproutScapeDevFolderBas/Core/Assets/Drone2DAnims/Jump/BeeBot_JumpDown_2/Jump_Down_00014_Sprite.uexp" 2564
"F:/GitHub/SproutScape/SproutScape/Content/Developers/basde/Collections/SproutScapeDevFolderBas/Core/Assets/Drone2DAnims/Jump/BeeBot_JumpDown_2/Jump_Down_00041.uasset" 2565
"F:/GitHub/SproutScape/SproutScape/Content/Developers/basde/Collections/SproutScapeDevFolderBas/Core/Assets/Drone2DAnims/Jump/BeeBot_JumpDown_2/Jump_Down_00041.uexp" 2566
"F:/GitHub/SproutScape/SproutScape/Content/Developers/basde/Collections/SproutScapeDevFolderBas/Core/Assets/Drone2DAnims/Jump/BeeBot_JumpDown_2/Jump_Down_00041_Sprite.uasset" 2567
"F:/GitHub/SproutScape/SproutScape/Content/Developers/basde/Collections/SproutScapeDevFolderBas/Core/Assets/Drone2DAnims/Jump/BeeBot_JumpDown_2/Jump_Down_00041_Sprite.uexp" 2568
"F:/GitHub/SproutScape/SproutScape/Content/Developers/basde/Collections/SproutScapeDevFolderBas/Core/Assets/Drone2DAnims/Jump/BeeBot_JumpDown_2/Jump_Down_00004.uasset" 2569
"F:/GitHub/SproutScape/SproutScape/Content/Developers/basde/Collections/SproutScapeDevFolderBas/Core/Assets/Drone2DAnims/Jump/BeeBot_JumpDown_2/Jump_Down_00004.uexp" 2570
"F:/GitHub/SproutScape/SproutScape/Content/Developers/basde/Collections/SproutScapeDevFolderBas/Core/Assets/Drone2DAnims/Jump/BeeBot_JumpDown_2/Jump_Down_00004_Sprite.uasset" 2571
"F:/GitHub/SproutScape/SproutScape/Content/Developers/basde/Collections/SproutScapeDevFolderBas/Core/Assets/Drone2DAnims/Jump/BeeBot_JumpDown_2/Jump_Down_00004_Sprite.uexp" 2572
"F:/GitHub/SproutScape/SproutScape/Content/Developers/basde/Collections/SproutScapeDevFolderBas/Core/Assets/Drone2DAnims/Jump/BeeBot_JumpDown_2/Jump_Down_00049.uasset" 2573
"F:/GitHub/SproutScape/SproutScape/Content/Developers/basde/Collections/SproutScapeDevFolderBas/Core/Assets/Drone2DAnims/Jump/BeeBot_JumpDown_2/Jump_Down_00049.uexp" 2574
"F:/GitHub/SproutScape/SproutScape/Content/Developers/basde/Collections/SproutScapeDevFolderBas/Core/Assets/Drone2DAnims/Jump/BeeBot_JumpDown_2/Jump_Down_00049_Sprite.uasset" 2575
"F:/GitHub/SproutScape/SproutScape/Content/Developers/basde/Collections/SproutScapeDevFolderBas/Core/Assets/Drone2DAnims/Jump/BeeBot_JumpDown_2/Jump_Down_00049_Sprite.uexp" 2576
"F:/GitHub/SproutScape/SproutScape/Content/Developers/basde/Collections/SproutScapeDevFolderBas/Core/Assets/Drone2DAnims/Jump/BeeBot_JumpDown_2/Jump_Down_00044.uasset" 2577
"F:/GitHub/SproutScape/SproutScape/Content/Developers/basde/Collections/SproutScapeDevFolderBas/Core/Assets/Drone2DAnims/Jump/BeeBot_JumpDown_2/Jump_Down_00044.uexp" 2578
"F:/GitHub/SproutScape/SproutScape/Content/Developers/basde/Collections/SproutScapeDevFolderBas/Core/Assets/Drone2DAnims/Jump/BeeBot_JumpDown_2/Jump_Down_00044_Sprite.uasset" 2579
"F:/GitHub/SproutScape/SproutScape/Content/Developers/basde/Collections/SproutScapeDevFolderBas/Core/Assets/Drone2DAnims/Jump/BeeBot_JumpDown_2/Jump_Down_00044_Sprite.uexp" 2580
"F:/GitHub/SproutScape/SproutScape/Content/Developers/basde/Collections/SproutScapeDevFolderBas/Core/Assets/Drone2DAnims/Jump/BeeBot_JumpDown_2/Jump_Down_00015.uasset" 2581
"F:/GitHub/SproutScape/SproutScape/Content/Developers/basde/Collections/SproutScapeDevFolderBas/Core/Assets/Drone2DAnims/Jump/BeeBot_JumpDown_2/Jump_Down_00015.uexp" 2582
"F:/GitHub/SproutScape/SproutScape/Content/Developers/basde/Collections/SproutScapeDevFolderBas/Core/Assets/Drone2DAnims/Jump/BeeBot_JumpDown_2/Jump_Down_00015_Sprite.uasset" 2583
"F:/GitHub/SproutScape/SproutScape/Content/Developers/basde/Collections/SproutScapeDevFolderBas/Core/Assets/Drone2DAnims/Jump/BeeBot_JumpDown_2/Jump_Down_00015_Sprite.uexp" 2584
"F:/GitHub/SproutScape/SproutScape/Content/Developers/basde/Collections/SproutScapeDevFolderBas/Core/Assets/Drone2DAnims/Jump/BeeBot_JumpDown_2/Jump_Down_00027.uasset" 2585
"F:/GitHub/SproutScape/SproutScape/Content/Developers/basde/Collections/SproutScapeDevFolderBas/Core/Assets/Drone2DAnims/Jump/BeeBot_JumpDown_2/Jump_Down_00027.uexp" 2586
"F:/GitHub/SproutScape/SproutScape/Content/Developers/basde/Collections/SproutScapeDevFolderBas/Core/Assets/Drone2DAnims/Jump/BeeBot_JumpDown_2/Jump_Down_00027_Sprite.uasset" 2587
"F:/GitHub/SproutScape/SproutScape/Content/Developers/basde/Collections/SproutScapeDevFolderBas/Core/Assets/Drone2DAnims/Jump/BeeBot_JumpDown_2/Jump_Down_00027_Sprite.uexp" 2588
"F:/GitHub/SproutScape/SproutScape/Content/Developers/basde/Collections/SproutScapeDevFolderBas/Core/Assets/Drone2DAnims/Jump/BeeBot_JumpDown_2/FB_JumpDown.uasset" 2589
"F:/GitHub/SproutScape/SproutScape/Content/Developers/basde/Collections/SproutScapeDevFolderBas/Core/Assets/Drone2DAnims/Jump/BeeBot_JumpDown_2/FB_JumpDown.uexp" 2590
"F:/GitHub/SproutScape/SproutScape/Content/Developers/basde/Collections/SproutScapeDevFolderBas/Core/BLueprints/BP/AnimSequences/JumpDownAnim.uasset" 2591
"F:/GitHub/SproutScape/SproutScape/Content/Developers/basde/Collections/SproutScapeDevFolderBas/Core/BLueprints/BP/AnimSequences/JumpDownAnim.uexp" 2592
"F:/GitHub/SproutScape/SproutScape/Content/Developers/basde/Collections/SproutScapeDevFolderBas/Core/Assets/Drone2DAnims/pickup/BeeBot_PickUp_Hold/FB_Holding.uasset" 2593
"F:/GitHub/SproutScape/SproutScape/Content/Developers/basde/Collections/SproutScapeDevFolderBas/Core/Assets/Drone2DAnims/pickup/BeeBot_PickUp_Hold/FB_Holding.uexp" 2594
"F:/GitHub/SproutScape/SproutScape/Content/Developers/basde/Collections/SproutScapeDevFolderBas/Core/BLueprints/BP/AnimSequences/HoldAnim.uasset" 2595
"F:/GitHub/SproutScape/SproutScape/Content/Developers/basde/Collections/SproutScapeDevFolderBas/Core/BLueprints/BP/AnimSequences/HoldAnim.uexp" 2596
"F:/GitHub/SproutScape/SproutScape/Content/Developers/basde/Collections/SproutScapeDevFolderBas/Core/BLueprints/BP/ABP_2DBot.uasset" 2597
"F:/GitHub/SproutScape/SproutScape/Content/Developers/basde/Collections/SproutScapeDevFolderBas/Core/BLueprints/BP/ABP_2DBot.uexp" 2598
"F:/GitHub/SproutScape/SproutScape/Content/LevelPrototyping/Materials/M_Solid.uasset" 2599
"F:/GitHub/SproutScape/SproutScape/Content/LevelPrototyping/Materials/M_Solid.uexp" 2600
"F:/GitHub/SproutScape/SproutScape/Content/LevelPrototyping/Materials/MI_Solid_Blue.uasset" 2601
"F:/GitHub/SproutScape/SproutScape/Content/LevelPrototyping/Materials/MI_Solid_Blue.uexp" 2602
"F:/GitHub/SproutScape/SproutScape/Content/LevelPrototyping/Meshes/SM_ChamferCube.uasset" 2603
"F:/GitHub/SproutScape/SproutScape/Content/LevelPrototyping/Meshes/SM_ChamferCube.uexp" 2604
"F:/GitHub/SproutScape/SproutScape/Content/Developers/edrik/BluePrints/Interaction/WBP_InteractionPrompt.uasset" 2605
"F:/GitHub/SproutScape/SproutScape/Content/Developers/edrik/BluePrints/Interaction/WBP_InteractionPrompt.uexp" 2606
"F:/GitHub/SproutScape/SproutScape/Content/Developers/basde/Collections/SproutScapeDevFolderBas/Core/BLueprints/BP/BP_SOcketRoomba.uasset" 2607
"F:/GitHub/SproutScape/SproutScape/Content/Developers/basde/Collections/SproutScapeDevFolderBas/Core/BLueprints/BP/BP_SOcketRoomba.uexp" 2608
"F:/GitHub/SproutScape/SproutScape/Content/Developers/basde/Collections/SproutScapeDevFolderBas/Core/BLueprints/BP/BPZD_2DMove.uasset" 2609
"F:/GitHub/SproutScape/SproutScape/Content/Developers/basde/Collections/SproutScapeDevFolderBas/Core/BLueprints/BP/BPZD_2DMove.uexp" 2610
"F:/GitHub/SproutScape/SproutScape/Content/Developers/basde/Collections/SproutScapeDevFolderBas/Core/BLueprints/BP/BP_BasController.uasset" 2611
"F:/GitHub/SproutScape/SproutScape/Content/Developers/basde/Collections/SproutScapeDevFolderBas/Core/BLueprints/BP/BP_BasController.uexp" 2612
"F:/GitHub/SproutScape/SproutScape/Content/Developers/basde/Collections/SproutScapeDevFolderBas/Core/BLueprints/GameModes/GM_MovementGameMode.uasset" 2613
"F:/GitHub/SproutScape/SproutScape/Content/Developers/basde/Collections/SproutScapeDevFolderBas/Core/BLueprints/GameModes/GM_MovementGameMode.uexp" 2614
"F:/GitHub/SproutScape/SproutScape/Content/Developers/edrik/BluePrints/BP_CenterPointCamera.uasset" 2615
"F:/GitHub/SproutScape/SproutScape/Content/Developers/edrik/BluePrints/BP_CenterPointCamera.uexp" 2616
"F:/GitHub/SproutScape/SproutScape/Content/Developers/edrik/BluePrints/BP_MiddleCamera.uasset" 2617
"F:/GitHub/SproutScape/SproutScape/Content/Developers/edrik/BluePrints/BP_MiddleCamera.uexp" 2618
"F:/GitHub/SproutScape/SproutScape/Content/Developers/edrik/BluePrints/BP_CameraManager.uasset" 2619
"F:/GitHub/SproutScape/SproutScape/Content/Developers/edrik/BluePrints/BP_CameraManager.uexp" 2620
"../../../Engine/Content/BasicShapes/Cone.uasset" 2621
"../../../Engine/Content/BasicShapes/Cone.uexp" 2622
"../../../Engine/Content/EngineDebugMaterials/HeatmapGradient.ubulk" 2623
"../../../Engine/Content/EngineDebugMaterials/HeatmapGradient.uasset" 2624
"../../../Engine/Content/EngineDebugMaterials/HeatmapGradient.uexp" 2625
"../../../Engine/Content/EngineDebugMaterials/BoneWeightMaterial.uasset" 2626
"../../../Engine/Content/EngineDebugMaterials/BoneWeightMaterial.uexp" 2627
"F:/GitHub/SproutScape/SproutScape/Content/Developers/edrik/BluePrints/Interaction/BP_Interactable_MAIN.uasset" 2628
"F:/GitHub/SproutScape/SproutScape/Content/Developers/edrik/BluePrints/Interaction/BP_Interactable_MAIN.uexp" 2629
"../../../Engine/Plugins/Animation/ControlRig/Content/Controls/ControlRigGizmoMaterial.uasset" 2630
"../../../Engine/Plugins/Animation/ControlRig/Content/Controls/ControlRigGizmoMaterial.uexp" 2631
"../../../Engine/Content/Functions/Engine_MaterialFunctions01/ImageAdjustment/Luminosity_And_Color.uasset" 2632
"../../../Engine/Content/Functions/Engine_MaterialFunctions01/ImageAdjustment/Luminosity_And_Color.uexp" 2633
"F:/GitHub/SproutScape/SproutScape/Content/Developers/edrik/Materials/M_Activated.uasset" 2634
"F:/GitHub/SproutScape/SproutScape/Content/Developers/edrik/Materials/M_Activated.uexp" 2635
"../../../Engine/Content/Functions/Engine_MaterialFunctions02/ExampleContent/Textures/flipbook.ubulk" 2636
"../../../Engine/Content/Functions/Engine_MaterialFunctions02/ExampleContent/Textures/flipbook.uasset" 2637
"../../../Engine/Content/Functions/Engine_MaterialFunctions02/ExampleContent/Textures/flipbook.uexp" 2638
"../../../Engine/Plugins/Enterprise/DatasmithContent/Content/Materials/ExtractColor.uasset" 2639
"../../../Engine/Plugins/Enterprise/DatasmithContent/Content/Materials/ExtractColor.uexp" 2640
"../../../Engine/Content/Functions/Engine_MaterialFunctions01/Texturing/FlattenNormal.uasset" 2641
"../../../Engine/Content/Functions/Engine_MaterialFunctions01/Texturing/FlattenNormal.uexp" 2642
"../../../Engine/Content/Functions/Engine_MaterialFunctions02/Texturing/CustomRotator.uasset" 2643
"../../../Engine/Content/Functions/Engine_MaterialFunctions02/Texturing/CustomRotator.uexp" 2644
"../../../Engine/Plugins/Enterprise/DatasmithContent/Content/Materials/TileMirrorAxis.uasset" 2645
"../../../Engine/Plugins/Enterprise/DatasmithContent/Content/Materials/TileMirrorAxis.uexp" 2646
"../../../Engine/Plugins/Enterprise/DatasmithContent/Content/Materials/UVEdit.uasset" 2647
"../../../Engine/Plugins/Enterprise/DatasmithContent/Content/Materials/UVEdit.uexp" 2648
"../../../Engine/Plugins/Enterprise/DatasmithContent/Content/Materials/Datasmith_Material.uasset" 2649
"../../../Engine/Plugins/Enterprise/DatasmithContent/Content/Materials/Datasmith_Material.uexp" 2650
"F:/GitHub/SproutScape/SproutScape/Content/Developers/edrik/Materials/M_Inactive.uasset" 2651
"F:/GitHub/SproutScape/SproutScape/Content/Developers/edrik/Materials/M_Inactive.uexp" 2652
"F:/GitHub/SproutScape/SproutScape/Content/Developers/edrik/BluePrints/Interaction/BP_Button.uasset" 2653
"F:/GitHub/SproutScape/SproutScape/Content/Developers/edrik/BluePrints/Interaction/BP_Button.uexp" 2654
"F:/GitHub/SproutScape/SproutScape/Content/Developers/edrik/BluePrints/BPC_3D.uasset" 2655
"F:/GitHub/SproutScape/SproutScape/Content/Developers/edrik/BluePrints/BPC_3D.uexp" 2656
"F:/GitHub/SproutScape/SproutScape/Content/Developers/edrik/BluePrints/BP_3DAnd2D.uasset" 2657
"F:/GitHub/SproutScape/SproutScape/Content/Developers/edrik/BluePrints/BP_3DAnd2D.uexp" 2658
"F:/GitHub/SproutScape/SproutScape/Content/Developers/colin/Textures/T_Tuin_1001_Normal.ubulk" 2659
"F:/GitHub/SproutScape/SproutScape/Content/Developers/colin/Textures/T_Tuin_1001_Normal.uasset" 2660
"F:/GitHub/SproutScape/SproutScape/Content/Developers/colin/Textures/T_Tuin_1001_Normal.uexp" 2661
"F:/GitHub/SproutScape/SproutScape/Content/Developers/colin/Textures/T_TegelsTexture_1001_Normal.ubulk" 2662
"F:/GitHub/SproutScape/SproutScape/Content/Developers/colin/Textures/T_TegelsTexture_1001_Normal.uasset" 2663
"F:/GitHub/SproutScape/SproutScape/Content/Developers/colin/Textures/T_TegelsTexture_1001_Normal.uexp" 2664
"F:/GitHub/SproutScape/SproutScape/Content/Developers/colin/Textures/T_Scheiding_Normal.ubulk" 2665
"F:/GitHub/SproutScape/SproutScape/Content/Developers/colin/Textures/T_Scheiding_Normal.uasset" 2666
"F:/GitHub/SproutScape/SproutScape/Content/Developers/colin/Textures/T_Scheiding_Normal.uexp" 2667
"F:/GitHub/SproutScape/SproutScape/Content/Developers/colin/Textures/T_Huis_M_MurenHuis_OcclusionRoughnesMetallic.ubulk" 2668
"F:/GitHub/SproutScape/SproutScape/Content/Developers/colin/Textures/T_Huis_M_MurenHuis_OcclusionRoughnesMetallic.uasset" 2669
"F:/GitHub/SproutScape/SproutScape/Content/Developers/colin/Textures/T_Huis_M_MurenHuis_OcclusionRoughnesMetallic.uexp" 2670
"F:/GitHub/SproutScape/SproutScape/Content/Developers/colin/Textures/T_Huis_M_MurenHuis_Normal.ubulk" 2671
"F:/GitHub/SproutScape/SproutScape/Content/Developers/colin/Textures/T_Huis_M_MurenHuis_Normal.uasset" 2672
"F:/GitHub/SproutScape/SproutScape/Content/Developers/colin/Textures/T_Huis_M_MurenHuis_Normal.uexp" 2673
"F:/GitHub/SproutScape/SproutScape/Content/Developers/colin/Textures/T_Huis_M_Huisvloer_Tegels_OcclusionRoughnesMetallic.ubulk" 2674
"F:/GitHub/SproutScape/SproutScape/Content/Developers/colin/Textures/T_Huis_M_Huisvloer_Tegels_OcclusionRoughnesMetallic.uasset" 2675
"F:/GitHub/SproutScape/SproutScape/Content/Developers/colin/Textures/T_Huis_M_Huisvloer_Tegels_OcclusionRoughnesMetallic.uexp" 2676
"F:/GitHub/SproutScape/SproutScape/Content/Developers/colin/Textures/T_Huis_M_Huisvloer_Tegels_Normal.ubulk" 2677
"F:/GitHub/SproutScape/SproutScape/Content/Developers/colin/Textures/T_Huis_M_Huisvloer_Tegels_Normal.uasset" 2678
"F:/GitHub/SproutScape/SproutScape/Content/Developers/colin/Textures/T_Huis_M_Huisvloer_Tegels_Normal.uexp" 2679
"F:/GitHub/SproutScape/SproutScape/Content/Developers/colin/Textures/T_Huis_M_Huisvloer_Planken_OcclusionRoughnesMetallic.ubulk" 2680
"F:/GitHub/SproutScape/SproutScape/Content/Developers/colin/Textures/T_Huis_M_Huisvloer_Planken_OcclusionRoughnesMetallic.uasset" 2681
"F:/GitHub/SproutScape/SproutScape/Content/Developers/colin/Textures/T_Huis_M_Huisvloer_Planken_OcclusionRoughnesMetallic.uexp" 2682
"F:/GitHub/SproutScape/SproutScape/Content/Developers/colin/Textures/T_Huis_M_Huisvloer_Planken_Normal.ubulk" 2683
"F:/GitHub/SproutScape/SproutScape/Content/Developers/colin/Textures/T_Huis_M_Huisvloer_Planken_Normal.uasset" 2684
"F:/GitHub/SproutScape/SproutScape/Content/Developers/colin/Textures/T_Huis_M_Huisvloer_Planken_Normal.uexp" 2685
"F:/GitHub/SproutScape/SproutScape/Content/Developers/colin/Textures/T_Huis_M_Huisvloer_Balk_OcclusionRoughnesMetallic.ubulk" 2686
"F:/GitHub/SproutScape/SproutScape/Content/Developers/colin/Textures/T_Huis_M_Huisvloer_Balk_OcclusionRoughnesMetallic.uasset" 2687
"F:/GitHub/SproutScape/SproutScape/Content/Developers/colin/Textures/T_Huis_M_Huisvloer_Balk_OcclusionRoughnesMetallic.uexp" 2688
"F:/GitHub/SproutScape/SproutScape/Content/Developers/colin/Textures/T_Huis_M_Huisvloer_Balk_Normal.ubulk" 2689
"F:/GitHub/SproutScape/SproutScape/Content/Developers/colin/Textures/T_Huis_M_Huisvloer_Balk_Normal.uasset" 2690
"F:/GitHub/SproutScape/SproutScape/Content/Developers/colin/Textures/T_Huis_M_Huisvloer_Balk_Normal.uexp" 2691
"F:/GitHub/SproutScape/SproutScape/Content/Developers/colin/Textures/T_Huis_M_Fundering_OcclusionRoughnesMetallic.ubulk" 2692
"F:/GitHub/SproutScape/SproutScape/Content/Developers/colin/Textures/T_Huis_M_Fundering_OcclusionRoughnesMetallic.uasset" 2693
"F:/GitHub/SproutScape/SproutScape/Content/Developers/colin/Textures/T_Huis_M_Fundering_OcclusionRoughnesMetallic.uexp" 2694
"F:/GitHub/SproutScape/SproutScape/Content/Developers/colin/Textures/T_Huis_M_Fundering_Normal.ubulk" 2695
"F:/GitHub/SproutScape/SproutScape/Content/Developers/colin/Textures/T_Huis_M_Fundering_Normal.uasset" 2696
"F:/GitHub/SproutScape/SproutScape/Content/Developers/colin/Textures/T_Huis_M_Fundering_Normal.uexp" 2697
"F:/GitHub/SproutScape/SproutScape/Content/Developers/colin/Textures/T_CatDoor_1001_OcclusionRoughnesMetallic.ubulk" 2698
"F:/GitHub/SproutScape/SproutScape/Content/Developers/colin/Textures/T_CatDoor_1001_OcclusionRoughnesMetallic.uasset" 2699
"F:/GitHub/SproutScape/SproutScape/Content/Developers/colin/Textures/T_CatDoor_1001_OcclusionRoughnesMetallic.uexp" 2700
"F:/GitHub/SproutScape/SproutScape/Content/Developers/colin/Textures/T_CatDoor_1001_Normal.ubulk" 2701
"F:/GitHub/SproutScape/SproutScape/Content/Developers/colin/Textures/T_CatDoor_1001_Normal.uasset" 2702
"F:/GitHub/SproutScape/SproutScape/Content/Developers/colin/Textures/T_CatDoor_1001_Normal.uexp" 2703
"F:/GitHub/SproutScape/SproutScape/Content/Developers/colin/TextureMap/SM_Huis_M_MurenHuis_OcclusionRoughnessMetallic.ubulk" 2704
"F:/GitHub/SproutScape/SproutScape/Content/Developers/colin/TextureMap/SM_Huis_M_MurenHuis_OcclusionRoughnessMetallic.uasset" 2705
"F:/GitHub/SproutScape/SproutScape/Content/Developers/colin/TextureMap/SM_Huis_M_MurenHuis_OcclusionRoughnessMetallic.uexp" 2706
"F:/GitHub/SproutScape/SproutScape/Content/Developers/colin/TextureMap/SM_Huis_M_MurenHuis_Normal.ubulk" 2707
"F:/GitHub/SproutScape/SproutScape/Content/Developers/colin/TextureMap/SM_Huis_M_MurenHuis_Normal.uasset" 2708
"F:/GitHub/SproutScape/SproutScape/Content/Developers/colin/TextureMap/SM_Huis_M_MurenHuis_Normal.uexp" 2709
"F:/GitHub/SproutScape/SproutScape/Content/Developers/colin/TextureMap/SM_Huis_M_MurenHuis_BaseColor.ubulk" 2710
"F:/GitHub/SproutScape/SproutScape/Content/Developers/colin/TextureMap/SM_Huis_M_MurenHuis_BaseColor.uasset" 2711
"F:/GitHub/SproutScape/SproutScape/Content/Developers/colin/TextureMap/SM_Huis_M_MurenHuis_BaseColor.uexp" 2712
"F:/GitHub/SproutScape/SproutScape/Content/Developers/colin/TextureMap/SM_Huis_M_Huisvloer_Tegels_OcclusionRoughnessMetallic.ubulk" 2713
"F:/GitHub/SproutScape/SproutScape/Content/Developers/colin/TextureMap/SM_Huis_M_Huisvloer_Tegels_OcclusionRoughnessMetallic.uasset" 2714
"F:/GitHub/SproutScape/SproutScape/Content/Developers/colin/TextureMap/SM_Huis_M_Huisvloer_Tegels_OcclusionRoughnessMetallic.uexp" 2715
"F:/GitHub/SproutScape/SproutScape/Content/Developers/colin/TextureMap/SM_Huis_M_Huisvloer_Tegels_Normal.ubulk" 2716
"F:/GitHub/SproutScape/SproutScape/Content/Developers/colin/TextureMap/SM_Huis_M_Huisvloer_Tegels_Normal.uasset" 2717
"F:/GitHub/SproutScape/SproutScape/Content/Developers/colin/TextureMap/SM_Huis_M_Huisvloer_Tegels_Normal.uexp" 2718
"F:/GitHub/SproutScape/SproutScape/Content/Developers/colin/TextureMap/SM_Huis_M_Huisvloer_Tegels_BaseColor.ubulk" 2719
"F:/GitHub/SproutScape/SproutScape/Content/Developers/colin/TextureMap/SM_Huis_M_Huisvloer_Tegels_BaseColor.uasset" 2720
"F:/GitHub/SproutScape/SproutScape/Content/Developers/colin/TextureMap/SM_Huis_M_Huisvloer_Tegels_BaseColor.uexp" 2721
"F:/GitHub/SproutScape/SproutScape/Content/Developers/colin/TextureMap/SM_Huis_M_Huisvloer_Planken_OcclusionRoughnessMetallic.ubulk" 2722
"F:/GitHub/SproutScape/SproutScape/Content/Developers/colin/TextureMap/SM_Huis_M_Huisvloer_Planken_OcclusionRoughnessMetallic.uasset" 2723
"F:/GitHub/SproutScape/SproutScape/Content/Developers/colin/TextureMap/SM_Huis_M_Huisvloer_Planken_OcclusionRoughnessMetallic.uexp" 2724
"F:/GitHub/SproutScape/SproutScape/Content/Developers/colin/TextureMap/SM_Huis_M_Huisvloer_Planken_Normal.ubulk" 2725
"F:/GitHub/SproutScape/SproutScape/Content/Developers/colin/TextureMap/SM_Huis_M_Huisvloer_Planken_Normal.uasset" 2726
"F:/GitHub/SproutScape/SproutScape/Content/Developers/colin/TextureMap/SM_Huis_M_Huisvloer_Planken_Normal.uexp" 2727
"F:/GitHub/SproutScape/SproutScape/Content/Developers/colin/TextureMap/SM_Huis_M_Huisvloer_Planken_BaseColor.ubulk" 2728
"F:/GitHub/SproutScape/SproutScape/Content/Developers/colin/TextureMap/SM_Huis_M_Huisvloer_Planken_BaseColor.uasset" 2729
"F:/GitHub/SproutScape/SproutScape/Content/Developers/colin/TextureMap/SM_Huis_M_Huisvloer_Planken_BaseColor.uexp" 2730
"F:/GitHub/SproutScape/SproutScape/Content/Developers/colin/TextureMap/SM_Huis_M_Huisvloer_Balk_OcclusionRoughnessMetallic.ubulk" 2731
"F:/GitHub/SproutScape/SproutScape/Content/Developers/colin/TextureMap/SM_Huis_M_Huisvloer_Balk_OcclusionRoughnessMetallic.uasset" 2732
"F:/GitHub/SproutScape/SproutScape/Content/Developers/colin/TextureMap/SM_Huis_M_Huisvloer_Balk_OcclusionRoughnessMetallic.uexp" 2733
"F:/GitHub/SproutScape/SproutScape/Content/Developers/colin/TextureMap/SM_Huis_M_Huisvloer_Balk_Normal.ubulk" 2734
"F:/GitHub/SproutScape/SproutScape/Content/Developers/colin/TextureMap/SM_Huis_M_Huisvloer_Balk_Normal.uasset" 2735
"F:/GitHub/SproutScape/SproutScape/Content/Developers/colin/TextureMap/SM_Huis_M_Huisvloer_Balk_Normal.uexp" 2736
"F:/GitHub/SproutScape/SproutScape/Content/Developers/colin/TextureMap/SM_Huis_M_Huisvloer_Balk_BaseColor.ubulk" 2737
"F:/GitHub/SproutScape/SproutScape/Content/Developers/colin/TextureMap/SM_Huis_M_Huisvloer_Balk_BaseColor.uasset" 2738
"F:/GitHub/SproutScape/SproutScape/Content/Developers/colin/TextureMap/SM_Huis_M_Huisvloer_Balk_BaseColor.uexp" 2739
"F:/GitHub/SproutScape/SproutScape/Content/Developers/colin/TextureMap/SM_Huis_M_Fundering_OcclusionRoughnessMetallic.ubulk" 2740
"F:/GitHub/SproutScape/SproutScape/Content/Developers/colin/TextureMap/SM_Huis_M_Fundering_OcclusionRoughnessMetallic.uasset" 2741
"F:/GitHub/SproutScape/SproutScape/Content/Developers/colin/TextureMap/SM_Huis_M_Fundering_OcclusionRoughnessMetallic.uexp" 2742
"F:/GitHub/SproutScape/SproutScape/Content/Developers/colin/TextureMap/SM_Huis_M_Fundering_Normal.ubulk" 2743
"F:/GitHub/SproutScape/SproutScape/Content/Developers/colin/TextureMap/SM_Huis_M_Fundering_Normal.uasset" 2744
"F:/GitHub/SproutScape/SproutScape/Content/Developers/colin/TextureMap/SM_Huis_M_Fundering_Normal.uexp" 2745
"F:/GitHub/SproutScape/SproutScape/Content/Developers/colin/TextureMap/SM_Huis_M_Fundering_BaseColor.ubulk" 2746
"F:/GitHub/SproutScape/SproutScape/Content/Developers/colin/TextureMap/SM_Huis_M_Fundering_BaseColor.uasset" 2747
"F:/GitHub/SproutScape/SproutScape/Content/Developers/colin/TextureMap/SM_Huis_M_Fundering_BaseColor.uexp" 2748
"F:/GitHub/SproutScape/SproutScape/Content/Developers/colin/TextureMap/SM_Huis_M_Fundering_Aarde_OcclusionRoughnessMetallic.ubulk" 2749
"F:/GitHub/SproutScape/SproutScape/Content/Developers/colin/TextureMap/SM_Huis_M_Fundering_Aarde_OcclusionRoughnessMetallic.uasset" 2750
"F:/GitHub/SproutScape/SproutScape/Content/Developers/colin/TextureMap/SM_Huis_M_Fundering_Aarde_OcclusionRoughnessMetallic.uexp" 2751
"F:/GitHub/SproutScape/SproutScape/Content/Developers/colin/TextureMap/SM_Huis_M_Fundering_Aarde_Normal.ubulk" 2752
"F:/GitHub/SproutScape/SproutScape/Content/Developers/colin/TextureMap/SM_Huis_M_Fundering_Aarde_Normal.uasset" 2753
"F:/GitHub/SproutScape/SproutScape/Content/Developers/colin/TextureMap/SM_Huis_M_Fundering_Aarde_Normal.uexp" 2754
"F:/GitHub/SproutScape/SproutScape/Content/Developers/colin/TextureMap/SM_Huis_M_Fundering_Aarde_BaseColor.ubulk" 2755
"F:/GitHub/SproutScape/SproutScape/Content/Developers/colin/TextureMap/SM_Huis_M_Fundering_Aarde_BaseColor.uasset" 2756
"F:/GitHub/SproutScape/SproutScape/Content/Developers/colin/TextureMap/SM_Huis_M_Fundering_Aarde_BaseColor.uexp" 2757
"F:/GitHub/SproutScape/SproutScape/Content/Developers/colin/TextureMap/SM_Frontdoor_1001_OcclusionRoughnessMetallic.ubulk" 2758
"F:/GitHub/SproutScape/SproutScape/Content/Developers/colin/TextureMap/SM_Frontdoor_1001_OcclusionRoughnessMetallic.uasset" 2759
"F:/GitHub/SproutScape/SproutScape/Content/Developers/colin/TextureMap/SM_Frontdoor_1001_OcclusionRoughnessMetallic.uexp" 2760
"F:/GitHub/SproutScape/SproutScape/Content/Developers/colin/TextureMap/SM_Frontdoor_1001_Normal.ubulk" 2761
"F:/GitHub/SproutScape/SproutScape/Content/Developers/colin/TextureMap/SM_Frontdoor_1001_Normal.uasset" 2762
"F:/GitHub/SproutScape/SproutScape/Content/Developers/colin/TextureMap/SM_Frontdoor_1001_Normal.uexp" 2763
"F:/GitHub/SproutScape/SproutScape/Content/Developers/colin/TextureMap/SM_Frontdoor_1001_BaseColor.ubulk" 2764
"F:/GitHub/SproutScape/SproutScape/Content/Developers/colin/TextureMap/SM_Frontdoor_1001_BaseColor.uasset" 2765
"F:/GitHub/SproutScape/SproutScape/Content/Developers/colin/TextureMap/SM_Frontdoor_1001_BaseColor.uexp" 2766
"F:/GitHub/SproutScape/SproutScape/Content/Developers/colin/TextureMap/SM_CatDoor_1001_OcclusionRoughnessMetallic.ubulk" 2767
"F:/GitHub/SproutScape/SproutScape/Content/Developers/colin/TextureMap/SM_CatDoor_1001_OcclusionRoughnessMetallic.uasset" 2768
"F:/GitHub/SproutScape/SproutScape/Content/Developers/colin/TextureMap/SM_CatDoor_1001_OcclusionRoughnessMetallic.uexp" 2769
"F:/GitHub/SproutScape/SproutScape/Content/Developers/colin/TextureMap/SM_CatDoor_1001_Normal.ubulk" 2770
"F:/GitHub/SproutScape/SproutScape/Content/Developers/colin/TextureMap/SM_CatDoor_1001_Normal.uasset" 2771
"F:/GitHub/SproutScape/SproutScape/Content/Developers/colin/TextureMap/SM_CatDoor_1001_Normal.uexp" 2772
"F:/GitHub/SproutScape/SproutScape/Content/Developers/colin/TextureMap/SM_CatDoor_1001_BaseColor.ubulk" 2773
"F:/GitHub/SproutScape/SproutScape/Content/Developers/colin/TextureMap/SM_CatDoor_1001_BaseColor.uasset" 2774
"F:/GitHub/SproutScape/SproutScape/Content/Developers/colin/TextureMap/SM_CatDoor_1001_BaseColor.uexp" 2775
"F:/GitHub/SproutScape/SproutScape/Content/Developers/colin/TextureMap/SM_Backdoor_1001_OcclusionRoughnessMetallic.ubulk" 2776
"F:/GitHub/SproutScape/SproutScape/Content/Developers/colin/TextureMap/SM_Backdoor_1001_OcclusionRoughnessMetallic.uasset" 2777
"F:/GitHub/SproutScape/SproutScape/Content/Developers/colin/TextureMap/SM_Backdoor_1001_OcclusionRoughnessMetallic.uexp" 2778
"F:/GitHub/SproutScape/SproutScape/Content/Developers/colin/TextureMap/SM_Backdoor_1001_Normal.ubulk" 2779
"F:/GitHub/SproutScape/SproutScape/Content/Developers/colin/TextureMap/SM_Backdoor_1001_Normal.uasset" 2780
"F:/GitHub/SproutScape/SproutScape/Content/Developers/colin/TextureMap/SM_Backdoor_1001_Normal.uexp" 2781
"F:/GitHub/SproutScape/SproutScape/Content/Developers/colin/TextureMap/SM_Backdoor_1001_BaseColor.ubulk" 2782
"F:/GitHub/SproutScape/SproutScape/Content/Developers/colin/TextureMap/SM_Backdoor_1001_BaseColor.uasset" 2783
"F:/GitHub/SproutScape/SproutScape/Content/Developers/colin/TextureMap/SM_Backdoor_1001_BaseColor.uexp" 2784
"F:/GitHub/SproutScape/SproutScape/Content/Developers/colin/Textures/T_Huis_M_MurenHuis_BaseColor.ubulk" 2785
"F:/GitHub/SproutScape/SproutScape/Content/Developers/colin/Textures/T_Huis_M_MurenHuis_BaseColor.uasset" 2786
"F:/GitHub/SproutScape/SproutScape/Content/Developers/colin/Textures/T_Huis_M_MurenHuis_BaseColor.uexp" 2787
"F:/GitHub/SproutScape/SproutScape/Content/Developers/colin/Materials/M_MurenHuis.uasset" 2788
"F:/GitHub/SproutScape/SproutScape/Content/Developers/colin/Materials/M_MurenHuis.uexp" 2789
"F:/GitHub/SproutScape/SproutScape/Content/Developers/colin/Materials/M_VijverStenen.uasset" 2790
"F:/GitHub/SproutScape/SproutScape/Content/Developers/colin/Materials/M_VijverStenen.uexp" 2791
"F:/GitHub/SproutScape/SproutScape/Content/Developers/colin/Models/Level_2/SM_VijverStenen.ubulk" 2792
"F:/GitHub/SproutScape/SproutScape/Content/Developers/colin/Models/Level_2/SM_VijverStenen.uasset" 2793
"F:/GitHub/SproutScape/SproutScape/Content/Developers/colin/Models/Level_2/SM_VijverStenen.uexp" 2794
"F:/GitHub/SproutScape/SproutScape/Content/Developers/Osa/Textures/Level_2_props/Plank_kapot/T_Plank_Kapot_N.ubulk" 2795
"F:/GitHub/SproutScape/SproutScape/Content/Developers/Osa/Textures/Level_2_props/Plank_kapot/T_Plank_Kapot_N.uasset" 2796
"F:/GitHub/SproutScape/SproutScape/Content/Developers/Osa/Textures/Level_2_props/Plank_kapot/T_Plank_Kapot_N.uexp" 2797
"F:/GitHub/SproutScape/SproutScape/Content/Developers/Osa/Textures/Level_2_props/Plank_kapot/T_Plank_Kapot_ORM.ubulk" 2798
"F:/GitHub/SproutScape/SproutScape/Content/Developers/Osa/Textures/Level_2_props/Plank_kapot/T_Plank_Kapot_ORM.uasset" 2799
"F:/GitHub/SproutScape/SproutScape/Content/Developers/Osa/Textures/Level_2_props/Plank_kapot/T_Plank_Kapot_ORM.uexp" 2800
"F:/GitHub/SproutScape/SproutScape/Content/Developers/Osa/Textures/Level_2_props/Plank_kapot/T_Plank_Kapot_D.ubulk" 2801
"F:/GitHub/SproutScape/SproutScape/Content/Developers/Osa/Textures/Level_2_props/Plank_kapot/T_Plank_Kapot_D.uasset" 2802
"F:/GitHub/SproutScape/SproutScape/Content/Developers/Osa/Textures/Level_2_props/Plank_kapot/T_Plank_Kapot_D.uexp" 2803
"F:/GitHub/SproutScape/SproutScape/Content/Developers/Osa/Materials/Level_2_props/M_Plank_Kapot.uasset" 2804
"F:/GitHub/SproutScape/SproutScape/Content/Developers/Osa/Materials/Level_2_props/M_Plank_Kapot.uexp" 2805
"F:/GitHub/SproutScape/SproutScape/Content/Developers/Osa/Models/Level_2_props/S_Plank_Kapot_01.uasset" 2806
"F:/GitHub/SproutScape/SproutScape/Content/Developers/Osa/Models/Level_2_props/S_Plank_Kapot_01.uexp" 2807
"F:/GitHub/SproutScape/SproutScape/Content/Developers/Osa/Textures/Level_2_props/Kraandop/T_Kraandop_N.ubulk" 2808
"F:/GitHub/SproutScape/SproutScape/Content/Developers/Osa/Textures/Level_2_props/Kraandop/T_Kraandop_N.uasset" 2809
"F:/GitHub/SproutScape/SproutScape/Content/Developers/Osa/Textures/Level_2_props/Kraandop/T_Kraandop_N.uexp" 2810
"F:/GitHub/SproutScape/SproutScape/Content/Developers/Osa/Textures/Level_2_props/Kraandop/T_Kraandop_D.ubulk" 2811
"F:/GitHub/SproutScape/SproutScape/Content/Developers/Osa/Textures/Level_2_props/Kraandop/T_Kraandop_D.uasset" 2812
"F:/GitHub/SproutScape/SproutScape/Content/Developers/Osa/Textures/Level_2_props/Kraandop/T_Kraandop_D.uexp" 2813
"F:/GitHub/SproutScape/SproutScape/Content/Developers/Osa/Textures/Level_2_props/Kraandop/T_Kraandop_ORM.ubulk" 2814
"F:/GitHub/SproutScape/SproutScape/Content/Developers/Osa/Textures/Level_2_props/Kraandop/T_Kraandop_ORM.uasset" 2815
"F:/GitHub/SproutScape/SproutScape/Content/Developers/Osa/Textures/Level_2_props/Kraandop/T_Kraandop_ORM.uexp" 2816
"F:/GitHub/SproutScape/SproutScape/Content/Developers/Osa/Materials/Level_2_props/M_Kraandop.uasset" 2817
"F:/GitHub/SproutScape/SproutScape/Content/Developers/Osa/Materials/Level_2_props/M_Kraandop.uexp" 2818
"F:/GitHub/SproutScape/SproutScape/Content/Developers/Osa/Models/Level_2_props/Kraandop_model_01.ubulk" 2819
"F:/GitHub/SproutScape/SproutScape/Content/Developers/Osa/Models/Level_2_props/Kraandop_model_01.uasset" 2820
"F:/GitHub/SproutScape/SproutScape/Content/Developers/Osa/Models/Level_2_props/Kraandop_model_01.uexp" 2821
"F:/GitHub/SproutScape/SproutScape/Content/Developers/Osa/Textures/Level_2_props/Emmer/T_Emmer_ORM.ubulk" 2822
"F:/GitHub/SproutScape/SproutScape/Content/Developers/Osa/Textures/Level_2_props/Emmer/T_Emmer_ORM.uasset" 2823
"F:/GitHub/SproutScape/SproutScape/Content/Developers/Osa/Textures/Level_2_props/Emmer/T_Emmer_ORM.uexp" 2824
"F:/GitHub/SproutScape/SproutScape/Content/Developers/Osa/Textures/Level_2_props/Emmer/T_Emmer_N.ubulk" 2825
"F:/GitHub/SproutScape/SproutScape/Content/Developers/Osa/Textures/Level_2_props/Emmer/T_Emmer_N.uasset" 2826
"F:/GitHub/SproutScape/SproutScape/Content/Developers/Osa/Textures/Level_2_props/Emmer/T_Emmer_N.uexp" 2827
"F:/GitHub/SproutScape/SproutScape/Content/Developers/Osa/Textures/Level_2_props/Emmer/T_Emmer_D.ubulk" 2828
"F:/GitHub/SproutScape/SproutScape/Content/Developers/Osa/Textures/Level_2_props/Emmer/T_Emmer_D.uasset" 2829
"F:/GitHub/SproutScape/SproutScape/Content/Developers/Osa/Textures/Level_2_props/Emmer/T_Emmer_D.uexp" 2830
"F:/GitHub/SproutScape/SproutScape/Content/Developers/Osa/Materials/Level_2_props/M_Emmer.uasset" 2831
"F:/GitHub/SproutScape/SproutScape/Content/Developers/Osa/Materials/Level_2_props/M_Emmer.uexp" 2832
"F:/GitHub/SproutScape/SproutScape/Content/Developers/Osa/Models/Level_2_props/S_Emmer_01.ubulk" 2833
"F:/GitHub/SproutScape/SproutScape/Content/Developers/Osa/Models/Level_2_props/S_Emmer_01.uasset" 2834
"F:/GitHub/SproutScape/SproutScape/Content/Developers/Osa/Models/Level_2_props/S_Emmer_01.uexp" 2835
"F:/GitHub/SproutScape/SproutScape/Content/Developers/Osa/Textures/Level_2_props/WaterLely_klein/T_Waterlely_Klein_D.ubulk" 2836
"F:/GitHub/SproutScape/SproutScape/Content/Developers/Osa/Textures/Level_2_props/WaterLely_klein/T_Waterlely_Klein_D.uasset" 2837
"F:/GitHub/SproutScape/SproutScape/Content/Developers/Osa/Textures/Level_2_props/WaterLely_klein/T_Waterlely_Klein_D.uexp" 2838
"F:/GitHub/SproutScape/SproutScape/Content/Developers/Osa/Textures/Level_2_props/WaterLely_klein/T_Waterlely_Klein_N.ubulk" 2839
"F:/GitHub/SproutScape/SproutScape/Content/Developers/Osa/Textures/Level_2_props/WaterLely_klein/T_Waterlely_Klein_N.uasset" 2840
"F:/GitHub/SproutScape/SproutScape/Content/Developers/Osa/Textures/Level_2_props/WaterLely_klein/T_Waterlely_Klein_N.uexp" 2841
"F:/GitHub/SproutScape/SproutScape/Content/Developers/Osa/Textures/Level_2_props/WaterLely_klein/T_Waterlely_Klein_ORM.ubulk" 2842
"F:/GitHub/SproutScape/SproutScape/Content/Developers/Osa/Textures/Level_2_props/WaterLely_klein/T_Waterlely_Klein_ORM.uasset" 2843
"F:/GitHub/SproutScape/SproutScape/Content/Developers/Osa/Textures/Level_2_props/WaterLely_klein/T_Waterlely_Klein_ORM.uexp" 2844
"F:/GitHub/SproutScape/SproutScape/Content/Developers/Osa/Materials/Level_2_props/M_Waterlely_Klein.uasset" 2845
"F:/GitHub/SproutScape/SproutScape/Content/Developers/Osa/Materials/Level_2_props/M_Waterlely_Klein.uexp" 2846
"F:/GitHub/SproutScape/SproutScape/Content/Developers/Osa/Models/Level_2_props/S_Waterlely_Klein_01.uasset" 2847
"F:/GitHub/SproutScape/SproutScape/Content/Developers/Osa/Models/Level_2_props/S_Waterlely_Klein_01.uexp" 2848
"F:/GitHub/SproutScape/SproutScape/Content/Developers/Osa/Textures/Level_2_props/TuinSchep/T_TuinSchep_N.ubulk" 2849
"F:/GitHub/SproutScape/SproutScape/Content/Developers/Osa/Textures/Level_2_props/TuinSchep/T_TuinSchep_N.uasset" 2850
"F:/GitHub/SproutScape/SproutScape/Content/Developers/Osa/Textures/Level_2_props/TuinSchep/T_TuinSchep_N.uexp" 2851
"F:/GitHub/SproutScape/SproutScape/Content/Developers/Osa/Textures/Level_2_props/TuinSchep/T_TuinSchep_ORM.ubulk" 2852
"F:/GitHub/SproutScape/SproutScape/Content/Developers/Osa/Textures/Level_2_props/TuinSchep/T_TuinSchep_ORM.uasset" 2853
"F:/GitHub/SproutScape/SproutScape/Content/Developers/Osa/Textures/Level_2_props/TuinSchep/T_TuinSchep_ORM.uexp" 2854
"F:/GitHub/SproutScape/SproutScape/Content/Developers/Osa/Textures/Level_2_props/TuinSchep/T_TuinSchep_D.ubulk" 2855
"F:/GitHub/SproutScape/SproutScape/Content/Developers/Osa/Textures/Level_2_props/TuinSchep/T_TuinSchep_D.uasset" 2856
"F:/GitHub/SproutScape/SproutScape/Content/Developers/Osa/Textures/Level_2_props/TuinSchep/T_TuinSchep_D.uexp" 2857
"F:/GitHub/SproutScape/SproutScape/Content/Developers/Osa/Materials/Level_2_props/M_TuinSchep.uasset" 2858
"F:/GitHub/SproutScape/SproutScape/Content/Developers/Osa/Materials/Level_2_props/M_TuinSchep.uexp" 2859
"F:/GitHub/SproutScape/SproutScape/Content/Developers/Osa/Models/Level_2_props/S_TuinSchep_01.uasset" 2860
"F:/GitHub/SproutScape/SproutScape/Content/Developers/Osa/Models/Level_2_props/S_TuinSchep_01.uexp" 2861
"F:/GitHub/SproutScape/SproutScape/Content/Developers/Osa/Textures/Level_2_props/TuinStoel/T_TuinStoel_ORM.ubulk" 2862
"F:/GitHub/SproutScape/SproutScape/Content/Developers/Osa/Textures/Level_2_props/TuinStoel/T_TuinStoel_ORM.uasset" 2863
"F:/GitHub/SproutScape/SproutScape/Content/Developers/Osa/Textures/Level_2_props/TuinStoel/T_TuinStoel_ORM.uexp" 2864
"F:/GitHub/SproutScape/SproutScape/Content/Developers/Osa/Textures/Level_2_props/TuinStoel/T_TuinStoel_D.ubulk" 2865
"F:/GitHub/SproutScape/SproutScape/Content/Developers/Osa/Textures/Level_2_props/TuinStoel/T_TuinStoel_D.uasset" 2866
"F:/GitHub/SproutScape/SproutScape/Content/Developers/Osa/Textures/Level_2_props/TuinStoel/T_TuinStoel_D.uexp" 2867
"F:/GitHub/SproutScape/SproutScape/Content/Developers/Osa/Textures/Level_2_props/TuinStoel/T_TuinStoel_N.ubulk" 2868
"F:/GitHub/SproutScape/SproutScape/Content/Developers/Osa/Textures/Level_2_props/TuinStoel/T_TuinStoel_N.uasset" 2869
"F:/GitHub/SproutScape/SproutScape/Content/Developers/Osa/Textures/Level_2_props/TuinStoel/T_TuinStoel_N.uexp" 2870
"F:/GitHub/SproutScape/SproutScape/Content/Developers/Osa/Materials/Level_2_props/M_TuinStoel.uasset" 2871
"F:/GitHub/SproutScape/SproutScape/Content/Developers/Osa/Materials/Level_2_props/M_TuinStoel.uexp" 2872
"F:/GitHub/SproutScape/SproutScape/Content/Developers/Osa/Models/Level_2_props/S_TuinStoel_01.ubulk" 2873
"F:/GitHub/SproutScape/SproutScape/Content/Developers/Osa/Models/Level_2_props/S_TuinStoel_01.uasset" 2874
"F:/GitHub/SproutScape/SproutScape/Content/Developers/Osa/Models/Level_2_props/S_TuinStoel_01.uexp" 2875
"F:/GitHub/SproutScape/SproutScape/Content/Developers/Osa/Textures/Level_2_props/Plantenpot/T_Plantenpot_ORM.ubulk" 2876
"F:/GitHub/SproutScape/SproutScape/Content/Developers/Osa/Textures/Level_2_props/Plantenpot/T_Plantenpot_ORM.uasset" 2877
"F:/GitHub/SproutScape/SproutScape/Content/Developers/Osa/Textures/Level_2_props/Plantenpot/T_Plantenpot_ORM.uexp" 2878
"F:/GitHub/SproutScape/SproutScape/Content/Developers/Osa/Textures/Level_2_props/Plantenpot/T_Plantenpot_D.ubulk" 2879
"F:/GitHub/SproutScape/SproutScape/Content/Developers/Osa/Textures/Level_2_props/Plantenpot/T_Plantenpot_D.uasset" 2880
"F:/GitHub/SproutScape/SproutScape/Content/Developers/Osa/Textures/Level_2_props/Plantenpot/T_Plantenpot_D.uexp" 2881
"F:/GitHub/SproutScape/SproutScape/Content/Developers/Osa/Textures/Level_2_props/Plantenpot/T_Plantenpot_N.ubulk" 2882
"F:/GitHub/SproutScape/SproutScape/Content/Developers/Osa/Textures/Level_2_props/Plantenpot/T_Plantenpot_N.uasset" 2883
"F:/GitHub/SproutScape/SproutScape/Content/Developers/Osa/Textures/Level_2_props/Plantenpot/T_Plantenpot_N.uexp" 2884
"F:/GitHub/SproutScape/SproutScape/Content/Developers/Osa/Materials/Level_2_props/M_Plantenpot.uasset" 2885
"F:/GitHub/SproutScape/SproutScape/Content/Developers/Osa/Materials/Level_2_props/M_Plantenpot.uexp" 2886
"F:/GitHub/SproutScape/SproutScape/Content/Developers/Osa/Models/Level_2_props/S_Plantenpot_01.uasset" 2887
"F:/GitHub/SproutScape/SproutScape/Content/Developers/Osa/Models/Level_2_props/S_Plantenpot_01.uexp" 2888
"F:/GitHub/SproutScape/SproutScape/Content/Developers/Osa/Textures/Level_2_props/Plank_heel/T_Plank_Heel_N.ubulk" 2889
"F:/GitHub/SproutScape/SproutScape/Content/Developers/Osa/Textures/Level_2_props/Plank_heel/T_Plank_Heel_N.uasset" 2890
"F:/GitHub/SproutScape/SproutScape/Content/Developers/Osa/Textures/Level_2_props/Plank_heel/T_Plank_Heel_N.uexp" 2891
"F:/GitHub/SproutScape/SproutScape/Content/Developers/Osa/Textures/Level_2_props/Plank_heel/T_Plank_Heel_ORM.ubulk" 2892
"F:/GitHub/SproutScape/SproutScape/Content/Developers/Osa/Textures/Level_2_props/Plank_heel/T_Plank_Heel_ORM.uasset" 2893
"F:/GitHub/SproutScape/SproutScape/Content/Developers/Osa/Textures/Level_2_props/Plank_heel/T_Plank_Heel_ORM.uexp" 2894
"F:/GitHub/SproutScape/SproutScape/Content/Developers/Osa/Textures/Level_2_props/Plank_heel/T_Plank_Heel_D.ubulk" 2895
"F:/GitHub/SproutScape/SproutScape/Content/Developers/Osa/Textures/Level_2_props/Plank_heel/T_Plank_Heel_D.uasset" 2896
"F:/GitHub/SproutScape/SproutScape/Content/Developers/Osa/Textures/Level_2_props/Plank_heel/T_Plank_Heel_D.uexp" 2897
"F:/GitHub/SproutScape/SproutScape/Content/Developers/Osa/Materials/Level_2_props/M_Plank_Heel.uasset" 2898
"F:/GitHub/SproutScape/SproutScape/Content/Developers/Osa/Materials/Level_2_props/M_Plank_Heel.uexp" 2899
"F:/GitHub/SproutScape/SproutScape/Content/Developers/Osa/Models/Level_2_props/S_Plank_Heel_01.uasset" 2900
"F:/GitHub/SproutScape/SproutScape/Content/Developers/Osa/Models/Level_2_props/S_Plank_Heel_01.uexp" 2901
"F:/GitHub/SproutScape/SproutScape/Content/Developers/Osa/Textures/Level_2_props/WaterLely_groot/T_Waterlely_Groot_ORM.ubulk" 2902
"F:/GitHub/SproutScape/SproutScape/Content/Developers/Osa/Textures/Level_2_props/WaterLely_groot/T_Waterlely_Groot_ORM.uasset" 2903
"F:/GitHub/SproutScape/SproutScape/Content/Developers/Osa/Textures/Level_2_props/WaterLely_groot/T_Waterlely_Groot_ORM.uexp" 2904
"F:/GitHub/SproutScape/SproutScape/Content/Developers/Osa/Textures/Level_2_props/WaterLely_groot/T_Waterlely_Groot_D.ubulk" 2905
"F:/GitHub/SproutScape/SproutScape/Content/Developers/Osa/Textures/Level_2_props/WaterLely_groot/T_Waterlely_Groot_D.uasset" 2906
"F:/GitHub/SproutScape/SproutScape/Content/Developers/Osa/Textures/Level_2_props/WaterLely_groot/T_Waterlely_Groot_D.uexp" 2907
"F:/GitHub/SproutScape/SproutScape/Content/Developers/Osa/Textures/Level_2_props/WaterLely_groot/T_Waterlely_Groot_N.ubulk" 2908
"F:/GitHub/SproutScape/SproutScape/Content/Developers/Osa/Textures/Level_2_props/WaterLely_groot/T_Waterlely_Groot_N.uasset" 2909
"F:/GitHub/SproutScape/SproutScape/Content/Developers/Osa/Textures/Level_2_props/WaterLely_groot/T_Waterlely_Groot_N.uexp" 2910
"F:/GitHub/SproutScape/SproutScape/Content/Developers/Osa/Materials/Level_2_props/M_Waterlely_Groot.uasset" 2911
"F:/GitHub/SproutScape/SproutScape/Content/Developers/Osa/Materials/Level_2_props/M_Waterlely_Groot.uexp" 2912
"F:/GitHub/SproutScape/SproutScape/Content/Developers/Osa/Models/Level_2_props/S_Waterlely_Groot_01.uasset" 2913
"F:/GitHub/SproutScape/SproutScape/Content/Developers/Osa/Models/Level_2_props/S_Waterlely_Groot_01.uexp" 2914
"F:/GitHub/SproutScape/SproutScape/Content/Developers/colin/Textures/T_Backdoor_1001_OcclusionRoughnesMetallic.ubulk" 2915
"F:/GitHub/SproutScape/SproutScape/Content/Developers/colin/Textures/T_Backdoor_1001_OcclusionRoughnesMetallic.uasset" 2916
"F:/GitHub/SproutScape/SproutScape/Content/Developers/colin/Textures/T_Backdoor_1001_OcclusionRoughnesMetallic.uexp" 2917
"F:/GitHub/SproutScape/SproutScape/Content/Developers/colin/Textures/T_Backdoor_1001_BaseColor.ubulk" 2918
"F:/GitHub/SproutScape/SproutScape/Content/Developers/colin/Textures/T_Backdoor_1001_BaseColor.uasset" 2919
"F:/GitHub/SproutScape/SproutScape/Content/Developers/colin/Textures/T_Backdoor_1001_BaseColor.uexp" 2920
"F:/GitHub/SproutScape/SproutScape/Content/Developers/colin/Textures/T_Backdoor_1001_Normal.ubulk" 2921
"F:/GitHub/SproutScape/SproutScape/Content/Developers/colin/Textures/T_Backdoor_1001_Normal.uasset" 2922
"F:/GitHub/SproutScape/SproutScape/Content/Developers/colin/Textures/T_Backdoor_1001_Normal.uexp" 2923
"F:/GitHub/SproutScape/SproutScape/Content/Developers/colin/Materials/M_Backdoor.uasset" 2924
"F:/GitHub/SproutScape/SproutScape/Content/Developers/colin/Materials/M_Backdoor.uexp" 2925
"F:/GitHub/SproutScape/SproutScape/Content/Developers/colin/Models/Level_1/SM_Backdoor.ubulk" 2926
"F:/GitHub/SproutScape/SproutScape/Content/Developers/colin/Models/Level_1/SM_Backdoor.uasset" 2927
"F:/GitHub/SproutScape/SproutScape/Content/Developers/colin/Models/Level_1/SM_Backdoor.uexp" 2928
"F:/GitHub/SproutScape/SproutScape/Content/Developers/colin/Textures/T_TegelsTexture_1001_OcclusionRoughnessMetallic.ubulk" 2929
"F:/GitHub/SproutScape/SproutScape/Content/Developers/colin/Textures/T_TegelsTexture_1001_OcclusionRoughnessMetallic.uasset" 2930
"F:/GitHub/SproutScape/SproutScape/Content/Developers/colin/Textures/T_TegelsTexture_1001_OcclusionRoughnessMetallic.uexp" 2931
"F:/GitHub/SproutScape/SproutScape/Content/Developers/colin/Textures/T_TegelsTexture_1001_BaseColor.ubulk" 2932
"F:/GitHub/SproutScape/SproutScape/Content/Developers/colin/Textures/T_TegelsTexture_1001_BaseColor.uasset" 2933
"F:/GitHub/SproutScape/SproutScape/Content/Developers/colin/Textures/T_TegelsTexture_1001_BaseColor.uexp" 2934
"F:/GitHub/SproutScape/SproutScape/Content/Developers/colin/Materials/M_Tegels.uasset" 2935
"F:/GitHub/SproutScape/SproutScape/Content/Developers/colin/Materials/M_Tegels.uexp" 2936
"F:/GitHub/SproutScape/SproutScape/Content/Developers/colin/Models/Level_2/SM_Tegels.ubulk" 2937
"F:/GitHub/SproutScape/SproutScape/Content/Developers/colin/Models/Level_2/SM_Tegels.uasset" 2938
"F:/GitHub/SproutScape/SproutScape/Content/Developers/colin/Models/Level_2/SM_Tegels.uexp" 2939
"F:/GitHub/SproutScape/SproutScape/Content/Developers/Osa/Textures/Level_2_props/Grasmaaier/T_Grasmaaier_ORM.ubulk" 2940
"F:/GitHub/SproutScape/SproutScape/Content/Developers/Osa/Textures/Level_2_props/Grasmaaier/T_Grasmaaier_ORM.uasset" 2941
"F:/GitHub/SproutScape/SproutScape/Content/Developers/Osa/Textures/Level_2_props/Grasmaaier/T_Grasmaaier_ORM.uexp" 2942
"F:/GitHub/SproutScape/SproutScape/Content/Developers/Osa/Textures/Level_2_props/Grasmaaier/T_Grasmaaier_D.ubulk" 2943
"F:/GitHub/SproutScape/SproutScape/Content/Developers/Osa/Textures/Level_2_props/Grasmaaier/T_Grasmaaier_D.uasset" 2944
"F:/GitHub/SproutScape/SproutScape/Content/Developers/Osa/Textures/Level_2_props/Grasmaaier/T_Grasmaaier_D.uexp" 2945
"F:/GitHub/SproutScape/SproutScape/Content/Developers/Osa/Textures/Level_2_props/Grasmaaier/T_Grasmaaier_N.ubulk" 2946
"F:/GitHub/SproutScape/SproutScape/Content/Developers/Osa/Textures/Level_2_props/Grasmaaier/T_Grasmaaier_N.uasset" 2947
"F:/GitHub/SproutScape/SproutScape/Content/Developers/Osa/Textures/Level_2_props/Grasmaaier/T_Grasmaaier_N.uexp" 2948
"F:/GitHub/SproutScape/SproutScape/Content/Developers/Osa/Materials/Level_2_props/M_Grasmaaier.uasset" 2949
"F:/GitHub/SproutScape/SproutScape/Content/Developers/Osa/Materials/Level_2_props/M_Grasmaaier.uexp" 2950
"F:/GitHub/SproutScape/SproutScape/Content/Developers/Osa/Models/Level_2_props/S_Grasmaaier_02.ubulk" 2951
"F:/GitHub/SproutScape/SproutScape/Content/Developers/Osa/Models/Level_2_props/S_Grasmaaier_02.uasset" 2952
"F:/GitHub/SproutScape/SproutScape/Content/Developers/Osa/Models/Level_2_props/S_Grasmaaier_02.uexp" 2953
"F:/GitHub/SproutScape/SproutScape/Content/Developers/Osa/Textures/Level_2_props/Gieter/T_Gieter_ORM.ubulk" 2954
"F:/GitHub/SproutScape/SproutScape/Content/Developers/Osa/Textures/Level_2_props/Gieter/T_Gieter_ORM.uasset" 2955
"F:/GitHub/SproutScape/SproutScape/Content/Developers/Osa/Textures/Level_2_props/Gieter/T_Gieter_ORM.uexp" 2956
"F:/GitHub/SproutScape/SproutScape/Content/Developers/Osa/Textures/Level_2_props/Gieter/T_Gieter_N.ubulk" 2957
"F:/GitHub/SproutScape/SproutScape/Content/Developers/Osa/Textures/Level_2_props/Gieter/T_Gieter_N.uasset" 2958
"F:/GitHub/SproutScape/SproutScape/Content/Developers/Osa/Textures/Level_2_props/Gieter/T_Gieter_N.uexp" 2959
"F:/GitHub/SproutScape/SproutScape/Content/Developers/Osa/Textures/Level_2_props/Gieter/T_Gieter_D.ubulk" 2960
"F:/GitHub/SproutScape/SproutScape/Content/Developers/Osa/Textures/Level_2_props/Gieter/T_Gieter_D.uasset" 2961
"F:/GitHub/SproutScape/SproutScape/Content/Developers/Osa/Textures/Level_2_props/Gieter/T_Gieter_D.uexp" 2962
"F:/GitHub/SproutScape/SproutScape/Content/Developers/Osa/Materials/Level_2_props/M_Gieter.uasset" 2963
"F:/GitHub/SproutScape/SproutScape/Content/Developers/Osa/Materials/Level_2_props/M_Gieter.uexp" 2964
"F:/GitHub/SproutScape/SproutScape/Content/Developers/Osa/Models/Level_2_props/S_Gieter_01.ubulk" 2965
"F:/GitHub/SproutScape/SproutScape/Content/Developers/Osa/Models/Level_2_props/S_Gieter_01.uasset" 2966
"F:/GitHub/SproutScape/SproutScape/Content/Developers/Osa/Models/Level_2_props/S_Gieter_01.uexp" 2967
"F:/GitHub/SproutScape/SproutScape/Content/Developers/Osa/Textures/Level_2_props/Hark/T_Hark_ORM.ubulk" 2968
"F:/GitHub/SproutScape/SproutScape/Content/Developers/Osa/Textures/Level_2_props/Hark/T_Hark_ORM.uasset" 2969
"F:/GitHub/SproutScape/SproutScape/Content/Developers/Osa/Textures/Level_2_props/Hark/T_Hark_ORM.uexp" 2970
"F:/GitHub/SproutScape/SproutScape/Content/Developers/Osa/Textures/Level_2_props/Hark/T_Hark_N.ubulk" 2971
"F:/GitHub/SproutScape/SproutScape/Content/Developers/Osa/Textures/Level_2_props/Hark/T_Hark_N.uasset" 2972
"F:/GitHub/SproutScape/SproutScape/Content/Developers/Osa/Textures/Level_2_props/Hark/T_Hark_N.uexp" 2973
"F:/GitHub/SproutScape/SproutScape/Content/Developers/Osa/Textures/Level_2_props/Hark/T_Hark_D.ubulk" 2974
"F:/GitHub/SproutScape/SproutScape/Content/Developers/Osa/Textures/Level_2_props/Hark/T_Hark_D.uasset" 2975
"F:/GitHub/SproutScape/SproutScape/Content/Developers/Osa/Textures/Level_2_props/Hark/T_Hark_D.uexp" 2976
"F:/GitHub/SproutScape/SproutScape/Content/Developers/Osa/Materials/Level_2_props/M_Hark.uasset" 2977
"F:/GitHub/SproutScape/SproutScape/Content/Developers/Osa/Materials/Level_2_props/M_Hark.uexp" 2978
"F:/GitHub/SproutScape/SproutScape/Content/Developers/Osa/Models/Level_2_props/S_Hark_01.ubulk" 2979
"F:/GitHub/SproutScape/SproutScape/Content/Developers/Osa/Models/Level_2_props/S_Hark_01.uasset" 2980
"F:/GitHub/SproutScape/SproutScape/Content/Developers/Osa/Models/Level_2_props/S_Hark_01.uexp" 2981
"F:/GitHub/SproutScape/SproutScape/Content/Developers/colin/Textures/T_Scheiding_BaseColor.ubulk" 2982
"F:/GitHub/SproutScape/SproutScape/Content/Developers/colin/Textures/T_Scheiding_BaseColor.uasset" 2983
"F:/GitHub/SproutScape/SproutScape/Content/Developers/colin/Textures/T_Scheiding_BaseColor.uexp" 2984
"F:/GitHub/SproutScape/SproutScape/Content/Developers/colin/Textures/T_Scheiding_OcclusionRoughnessMetallic.ubulk" 2985
"F:/GitHub/SproutScape/SproutScape/Content/Developers/colin/Textures/T_Scheiding_OcclusionRoughnessMetallic.uasset" 2986
"F:/GitHub/SproutScape/SproutScape/Content/Developers/colin/Textures/T_Scheiding_OcclusionRoughnessMetallic.uexp" 2987
"F:/GitHub/SproutScape/SproutScape/Content/Developers/colin/Materials/M_Scheiding.uasset" 2988
"F:/GitHub/SproutScape/SproutScape/Content/Developers/colin/Materials/M_Scheiding.uexp" 2989
"F:/GitHub/SproutScape/SproutScape/Content/Developers/colin/Models/Level_2/SM_Scheiding.ubulk" 2990
"F:/GitHub/SproutScape/SproutScape/Content/Developers/colin/Models/Level_2/SM_Scheiding.uasset" 2991
"F:/GitHub/SproutScape/SproutScape/Content/Developers/colin/Models/Level_2/SM_Scheiding.uexp" 2992
"F:/GitHub/SproutScape/SproutScape/Content/Developers/colin/Textures/T_Tuin_1001_OcclusionRoughnesMetallic.ubulk" 2993
"F:/GitHub/SproutScape/SproutScape/Content/Developers/colin/Textures/T_Tuin_1001_OcclusionRoughnesMetallic.uasset" 2994
"F:/GitHub/SproutScape/SproutScape/Content/Developers/colin/Textures/T_Tuin_1001_OcclusionRoughnesMetallic.uexp" 2995
"F:/GitHub/SproutScape/SproutScape/Content/Developers/colin/Textures/T_Tuin_1001_BaseColor.ubulk" 2996
"F:/GitHub/SproutScape/SproutScape/Content/Developers/colin/Textures/T_Tuin_1001_BaseColor.uasset" 2997
"F:/GitHub/SproutScape/SproutScape/Content/Developers/colin/Textures/T_Tuin_1001_BaseColor.uexp" 2998
"F:/GitHub/SproutScape/SproutScape/Content/Developers/colin/Materials/M_Tuin.uasset" 2999
"F:/GitHub/SproutScape/SproutScape/Content/Developers/colin/Materials/M_Tuin.uexp" 3000
"F:/GitHub/SproutScape/SproutScape/Content/Developers/colin/Models/Level_2/SM_Tuin.ubulk" 3001
"F:/GitHub/SproutScape/SproutScape/Content/Developers/colin/Models/Level_2/SM_Tuin.uasset" 3002
"F:/GitHub/SproutScape/SproutScape/Content/Developers/colin/Models/Level_2/SM_Tuin.uexp" 3003
"F:/GitHub/SproutScape/SproutScape/Content/Developers/Osa/Textures/Level_2_props/Schep/T_Schep_D.ubulk" 3004
"F:/GitHub/SproutScape/SproutScape/Content/Developers/Osa/Textures/Level_2_props/Schep/T_Schep_D.uasset" 3005
"F:/GitHub/SproutScape/SproutScape/Content/Developers/Osa/Textures/Level_2_props/Schep/T_Schep_D.uexp" 3006
"F:/GitHub/SproutScape/SproutScape/Content/Developers/Osa/Textures/Level_2_props/Schep/T_Schep_N.ubulk" 3007
"F:/GitHub/SproutScape/SproutScape/Content/Developers/Osa/Textures/Level_2_props/Schep/T_Schep_N.uasset" 3008
"F:/GitHub/SproutScape/SproutScape/Content/Developers/Osa/Textures/Level_2_props/Schep/T_Schep_N.uexp" 3009
"F:/GitHub/SproutScape/SproutScape/Content/Developers/Osa/Textures/Level_2_props/Schep/T_Schep_ORM.ubulk" 3010
"F:/GitHub/SproutScape/SproutScape/Content/Developers/Osa/Textures/Level_2_props/Schep/T_Schep_ORM.uasset" 3011
"F:/GitHub/SproutScape/SproutScape/Content/Developers/Osa/Textures/Level_2_props/Schep/T_Schep_ORM.uexp" 3012
"F:/GitHub/SproutScape/SproutScape/Content/Developers/Osa/Materials/Level_2_props/M_Schep.uasset" 3013
"F:/GitHub/SproutScape/SproutScape/Content/Developers/Osa/Materials/Level_2_props/M_Schep.uexp" 3014
"F:/GitHub/SproutScape/SproutScape/Content/Developers/Osa/Models/Level_2_props/S_Schep_01.uasset" 3015
"F:/GitHub/SproutScape/SproutScape/Content/Developers/Osa/Models/Level_2_props/S_Schep_01.uexp" 3016
"F:/GitHub/SproutScape/SproutScape/Content/Developers/colin/Blueprints/BP_Level2.uasset" 3017
"F:/GitHub/SproutScape/SproutScape/Content/Developers/colin/Blueprints/BP_Level2.uexp" 3018
"F:/GitHub/SproutScape/SproutScape/Content/Developers/colin/Blockout_2/lambert1.uasset" 3019
"F:/GitHub/SproutScape/SproutScape/Content/Developers/colin/Blockout_2/lambert1.uexp" 3020
"F:/GitHub/SproutScape/SproutScape/Content/Developers/colin/Blockout_2/Gieter.uasset" 3021
"F:/GitHub/SproutScape/SproutScape/Content/Developers/colin/Blockout_2/Gieter.uexp" 3022
"F:/GitHub/SproutScape/SproutScape/Content/Developers/colin/Blockout_2/Schepje.uasset" 3023
"F:/GitHub/SproutScape/SproutScape/Content/Developers/colin/Blockout_2/Schepje.uexp" 3024
"F:/GitHub/SproutScape/SproutScape/Content/Developers/colin/Blockout_2/Maaier.uasset" 3025
"F:/GitHub/SproutScape/SproutScape/Content/Developers/colin/Blockout_2/Maaier.uexp" 3026
"F:/GitHub/SproutScape/SproutScape/Content/Developers/colin/Blockout_2/TegelsKas.uasset" 3027
"F:/GitHub/SproutScape/SproutScape/Content/Developers/colin/Blockout_2/TegelsKas.uexp" 3028
"F:/GitHub/SproutScape/SproutScape/Content/Developers/colin/Blockout_2/Pot4.uasset" 3029
"F:/GitHub/SproutScape/SproutScape/Content/Developers/colin/Blockout_2/Pot4.uexp" 3030
"F:/GitHub/SproutScape/SproutScape/Content/Developers/colin/Blockout_2/Mat.uasset" 3031
"F:/GitHub/SproutScape/SproutScape/Content/Developers/colin/Blockout_2/Mat.uexp" 3032
"F:/GitHub/SproutScape/SproutScape/Content/Developers/colin/Blockout_2/TegelsHuis.uasset" 3033
"F:/GitHub/SproutScape/SproutScape/Content/Developers/colin/Blockout_2/TegelsHuis.uexp" 3034
"F:/GitHub/SproutScape/SproutScape/Content/Developers/colin/Blockout_2/Pot3.uasset" 3035
"F:/GitHub/SproutScape/SproutScape/Content/Developers/colin/Blockout_2/Pot3.uexp" 3036
"F:/GitHub/SproutScape/SproutScape/Content/Developers/colin/Blockout_2/LelyParkour.ubulk" 3037
"F:/GitHub/SproutScape/SproutScape/Content/Developers/colin/Blockout_2/LelyParkour.uasset" 3038
"F:/GitHub/SproutScape/SproutScape/Content/Developers/colin/Blockout_2/LelyParkour.uexp" 3039
"F:/GitHub/SproutScape/SproutScape/Content/Developers/colin/Blockout_2/Huis.uasset" 3040
"F:/GitHub/SproutScape/SproutScape/Content/Developers/colin/Blockout_2/Huis.uexp" 3041
"F:/GitHub/SproutScape/SproutScape/Content/Developers/colin/Blockout_2/Riet.uasset" 3042
"F:/GitHub/SproutScape/SproutScape/Content/Developers/colin/Blockout_2/Riet.uexp" 3043
"F:/GitHub/SproutScape/SproutScape/Content/Developers/colin/Blockout_2/Level.uasset" 3044
"F:/GitHub/SproutScape/SproutScape/Content/Developers/colin/Blockout_2/Level.uexp" 3045
"F:/GitHub/SproutScape/SproutScape/Content/Developers/colin/Blockout_2/Valve.uasset" 3046
"F:/GitHub/SproutScape/SproutScape/Content/Developers/colin/Blockout_2/Valve.uexp" 3047
"F:/GitHub/SproutScape/SproutScape/Content/Developers/colin/Blockout_2/Stoel.uasset" 3048
"F:/GitHub/SproutScape/SproutScape/Content/Developers/colin/Blockout_2/Stoel.uexp" 3049
"F:/GitHub/SproutScape/SproutScape/Content/Developers/colin/Blockout_2/Dirt.uasset" 3050
"F:/GitHub/SproutScape/SproutScape/Content/Developers/colin/Blockout_2/Dirt.uexp" 3051
"F:/GitHub/SproutScape/SproutScape/Content/Developers/colin/Blockout_2/Pot2.uasset" 3052
"F:/GitHub/SproutScape/SproutScape/Content/Developers/colin/Blockout_2/Pot2.uexp" 3053
"F:/GitHub/SproutScape/SproutScape/Content/Developers/colin/Blockout_2/Pot1.uasset" 3054
"F:/GitHub/SproutScape/SproutScape/Content/Developers/colin/Blockout_2/Pot1.uexp" 3055
"F:/GitHub/SproutScape/SproutScape/Content/Developers/colin/Blockout_2/Kas.uasset" 3056
"F:/GitHub/SproutScape/SproutScape/Content/Developers/colin/Blockout_2/Kas.uexp" 3057
"F:/GitHub/SproutScape/SproutScape/Content/Developers/colin/Blockout_2/Blockout_2.uasset" 3058
"F:/GitHub/SproutScape/SproutScape/Content/Developers/colin/Blockout_2/Blockout_2.uexp" 3059
"F:/GitHub/SproutScape/SproutScape/Content/Developers/milan/MainMenu/BP/BP_MenuGamemode.uasset" 3060
"F:/GitHub/SproutScape/SproutScape/Content/Developers/milan/MainMenu/BP/BP_MenuGamemode.uexp" 3061
"F:/GitHub/SproutScape/SproutScape/Content/Developers/NickvanLuyk/Collections/Core/icon2.uasset" 3062
"F:/GitHub/SproutScape/SproutScape/Content/Developers/NickvanLuyk/Collections/Core/icon2.uexp" 3063
"F:/GitHub/SproutScape/SproutScape/Content/Developers/milan/MainMenu/assets/splash_art_sproutscape.uasset" 3064
"F:/GitHub/SproutScape/SproutScape/Content/Developers/milan/MainMenu/assets/splash_art_sproutscape.uexp" 3065
"F:/GitHub/SproutScape/SproutScape/Content/Developers/milan/MainMenu/assets/Schets_LVL_Selection.uasset" 3066
"F:/GitHub/SproutScape/SproutScape/Content/Developers/milan/MainMenu/assets/Schets_LVL_Selection.uexp" 3067
"F:/GitHub/SproutScape/SproutScape/Content/Developers/milan/Collections/Materials/M_ProjectionDrone_Rings.uasset" 3068
"F:/GitHub/SproutScape/SproutScape/Content/Developers/milan/Collections/Materials/M_ProjectionDrone_Rings.uexp" 3069
"F:/GitHub/SproutScape/SproutScape/Content/Developers/milan/Collections/Mesh/ProjectionDrone/Robot_-_ProjectDrone_-_beamTorus.uasset" 3070
"F:/GitHub/SproutScape/SproutScape/Content/Developers/milan/Collections/Mesh/ProjectionDrone/Robot_-_ProjectDrone_-_beamTorus.uexp" 3071
"F:/GitHub/SproutScape/SproutScape/Content/Developers/milan/Collections/Niagra/NG_ProjectionDrone.uasset" 3072
"F:/GitHub/SproutScape/SproutScape/Content/Developers/milan/Collections/Niagra/NG_ProjectionDrone.uexp" 3073
"F:/GitHub/SproutScape/SproutScape/Content/Developers/milan/Collections/Shaders/SH_Outline.uasset" 3074
"F:/GitHub/SproutScape/SproutScape/Content/Developers/milan/Collections/Shaders/SH_Outline.uexp" 3075
"F:/GitHub/SproutScape/SproutScape/Content/Developers/milan/Collections/Textures/ProjectDrone/T_Robot_-_ProjectDrone_M_Drone_Normal.ubulk" 3076
"F:/GitHub/SproutScape/SproutScape/Content/Developers/milan/Collections/Textures/ProjectDrone/T_Robot_-_ProjectDrone_M_Drone_Normal.uasset" 3077
"F:/GitHub/SproutScape/SproutScape/Content/Developers/milan/Collections/Textures/ProjectDrone/T_Robot_-_ProjectDrone_M_Drone_Normal.uexp" 3078
"F:/GitHub/SproutScape/SproutScape/Content/Developers/milan/Collections/Textures/ProjectDrone/T_Robot_-_ProjectDrone_M_Drone_OcclusionRoughnessMetallic.ubulk" 3079
"F:/GitHub/SproutScape/SproutScape/Content/Developers/milan/Collections/Textures/ProjectDrone/T_Robot_-_ProjectDrone_M_Drone_OcclusionRoughnessMetallic.uasset" 3080
"F:/GitHub/SproutScape/SproutScape/Content/Developers/milan/Collections/Textures/ProjectDrone/T_Robot_-_ProjectDrone_M_Drone_OcclusionRoughnessMetallic.uexp" 3081
"F:/GitHub/SproutScape/SproutScape/Content/Developers/milan/Collections/Textures/ProjectDrone/T_Robot_-_ProjectDrone_M_Drone_BaseColor.ubulk" 3082
"F:/GitHub/SproutScape/SproutScape/Content/Developers/milan/Collections/Textures/ProjectDrone/T_Robot_-_ProjectDrone_M_Drone_BaseColor.uasset" 3083
"F:/GitHub/SproutScape/SproutScape/Content/Developers/milan/Collections/Textures/ProjectDrone/T_Robot_-_ProjectDrone_M_Drone_BaseColor.uexp" 3084
"F:/GitHub/SproutScape/SproutScape/Content/Developers/milan/Collections/Materials/M_ProjectionDrone.uasset" 3085
"F:/GitHub/SproutScape/SproutScape/Content/Developers/milan/Collections/Materials/M_ProjectionDrone.uexp" 3086
"F:/GitHub/SproutScape/SproutScape/Content/Developers/milan/Collections/Mesh/ProjectionDrone/Sphere_007.uasset" 3087
"F:/GitHub/SproutScape/SproutScape/Content/Developers/milan/Collections/Mesh/ProjectionDrone/Sphere_007.uexp" 3088
"F:/GitHub/SproutScape/SproutScape/Content/Developers/milan/Collections/Mesh/ProjectionDrone/Sphere_008.uasset" 3089
"F:/GitHub/SproutScape/SproutScape/Content/Developers/milan/Collections/Mesh/ProjectionDrone/Sphere_008.uexp" 3090
"F:/GitHub/SproutScape/SproutScape/Content/Developers/milan/Collections/Mesh/ProjectionDrone/Sphere_006.uasset" 3091
"F:/GitHub/SproutScape/SproutScape/Content/Developers/milan/Collections/Mesh/ProjectionDrone/Sphere_006.uexp" 3092
"F:/GitHub/SproutScape/SproutScape/Content/Developers/milan/Collections/Mesh/ProjectionDrone/Cylinder.uasset" 3093
"F:/GitHub/SproutScape/SproutScape/Content/Developers/milan/Collections/Mesh/ProjectionDrone/Cylinder.uexp" 3094
"F:/GitHub/SproutScape/SproutScape/Content/Developers/milan/Collections/BP/BP_ProjectionDrone.uasset" 3095
"F:/GitHub/SproutScape/SproutScape/Content/Developers/milan/Collections/BP/BP_ProjectionDrone.uexp" 3096
"F:/GitHub/SproutScape/SproutScape/Content/Developers/milad/UI/Tutorial/W_Unpressed.uasset" 3097
"F:/GitHub/SproutScape/SproutScape/Content/Developers/milad/UI/Tutorial/W_Unpressed.uexp" 3098
"F:/GitHub/SproutScape/SproutScape/Content/Developers/milad/UI/Tutorial/W_Pressed.uasset" 3099
"F:/GitHub/SproutScape/SproutScape/Content/Developers/milad/UI/Tutorial/W_Pressed.uexp" 3100
"F:/GitHub/SproutScape/SproutScape/Content/Developers/milad/UI/Tutorial/S_Unpressed.uasset" 3101
"F:/GitHub/SproutScape/SproutScape/Content/Developers/milad/UI/Tutorial/S_Unpressed.uexp" 3102
"F:/GitHub/SproutScape/SproutScape/Content/Developers/milad/UI/Tutorial/S_Pressed.uasset" 3103
"F:/GitHub/SproutScape/SproutScape/Content/Developers/milad/UI/Tutorial/S_Pressed.uexp" 3104
"F:/GitHub/SproutScape/SproutScape/Content/Developers/milad/UI/Tutorial/Spacebar_Unpressed.uasset" 3105
"F:/GitHub/SproutScape/SproutScape/Content/Developers/milad/UI/Tutorial/Spacebar_Unpressed.uexp" 3106
"F:/GitHub/SproutScape/SproutScape/Content/Developers/milad/UI/Tutorial/Spacebar_Pressed.uasset" 3107
"F:/GitHub/SproutScape/SproutScape/Content/Developers/milad/UI/Tutorial/Spacebar_Pressed.uexp" 3108
"F:/GitHub/SproutScape/SproutScape/Content/Developers/milad/UI/Tutorial/F_Unpressed.uasset" 3109
"F:/GitHub/SproutScape/SproutScape/Content/Developers/milad/UI/Tutorial/F_Unpressed.uexp" 3110
"F:/GitHub/SproutScape/SproutScape/Content/Developers/milad/UI/Tutorial/F_Pressed.uasset" 3111
"F:/GitHub/SproutScape/SproutScape/Content/Developers/milad/UI/Tutorial/F_Pressed.uexp" 3112
"F:/GitHub/SproutScape/SproutScape/Content/Developers/milad/UI/Tutorial/E_Unpressed.uasset" 3113
"F:/GitHub/SproutScape/SproutScape/Content/Developers/milad/UI/Tutorial/E_Unpressed.uexp" 3114
"F:/GitHub/SproutScape/SproutScape/Content/Developers/milad/UI/Tutorial/E_Pressed.uasset" 3115
"F:/GitHub/SproutScape/SproutScape/Content/Developers/milad/UI/Tutorial/E_Pressed.uexp" 3116
"F:/GitHub/SproutScape/SproutScape/Content/Developers/milad/UI/Tutorial/D_Unpressed.uasset" 3117
"F:/GitHub/SproutScape/SproutScape/Content/Developers/milad/UI/Tutorial/D_Unpressed.uexp" 3118
"F:/GitHub/SproutScape/SproutScape/Content/Developers/milad/UI/Tutorial/D_Pressed.uasset" 3119
"F:/GitHub/SproutScape/SproutScape/Content/Developers/milad/UI/Tutorial/D_Pressed.uexp" 3120
"F:/GitHub/SproutScape/SproutScape/Content/Developers/milad/UI/Tutorial/A_Unpressed.uasset" 3121
"F:/GitHub/SproutScape/SproutScape/Content/Developers/milad/UI/Tutorial/A_Unpressed.uexp" 3122
"F:/GitHub/SproutScape/SproutScape/Content/Developers/milad/UI/Tutorial/A_Pressed.uasset" 3123
"F:/GitHub/SproutScape/SproutScape/Content/Developers/milad/UI/Tutorial/A_Pressed.uexp" 3124
"F:/GitHub/SproutScape/SproutScape/Content/Developers/milad/UI/Menu/Player_2_Button.uasset" 3125
"F:/GitHub/SproutScape/SproutScape/Content/Developers/milad/UI/Menu/Player_2_Button.uexp" 3126
"F:/GitHub/SproutScape/SproutScape/Content/Developers/milad/UI/Menu/Player_1_Button.uasset" 3127
"F:/GitHub/SproutScape/SproutScape/Content/Developers/milad/UI/Menu/Player_1_Button.uexp" 3128
"../../../Engine/Content/BasicShapes/Sphere.uasset" 3129
"../../../Engine/Content/BasicShapes/Sphere.uexp" 3130
"F:/GitHub/SproutScape/SproutScape/Content/Developers/edrik/BluePrints/Interaction/BP_Thimble.uasset" 3131
"F:/GitHub/SproutScape/SproutScape/Content/Developers/edrik/BluePrints/Interaction/BP_Thimble.uexp" 3132
"F:/GitHub/SproutScape/SproutScape/Content/Developers/edrik/BluePrints/Interaction/BP_interactableObj.uasset" 3133
"F:/GitHub/SproutScape/SproutScape/Content/Developers/edrik/BluePrints/Interaction/BP_interactableObj.uexp" 3134
"../../../Engine/Content/BasicShapes/Plane.uasset" 3135
"../../../Engine/Content/BasicShapes/Plane.uexp" 3136
"F:/GitHub/SproutScape/SproutScape/Content/Developers/colin/2D/Level_1/Level_01_kitchen_ware.uasset" 3137
"F:/GitHub/SproutScape/SproutScape/Content/Developers/colin/2D/Level_1/Level_01_kitchen_ware.uexp" 3138
"F:/GitHub/SproutScape/SproutScape/Content/Developers/colin/2D/Level_1/Level_01_kitchen_ware_Mat.uasset" 3139
"F:/GitHub/SproutScape/SproutScape/Content/Developers/colin/2D/Level_1/Level_01_kitchen_ware_Mat.uexp" 3140
"F:/GitHub/SproutScape/SproutScape/Content/Developers/colin/2D/Level_1/Level_01_back.uasset" 3141
"F:/GitHub/SproutScape/SproutScape/Content/Developers/colin/2D/Level_1/Level_01_back.uexp" 3142
"F:/GitHub/SproutScape/SproutScape/Content/Developers/colin/2D/Level_1/Level_01_back_Mat.uasset" 3143
"F:/GitHub/SproutScape/SproutScape/Content/Developers/colin/2D/Level_1/Level_01_back_Mat.uexp" 3144
"F:/GitHub/SproutScape/SproutScape/Content/Developers/colin/Textures/T_Huis_M_Fundering_BaseColor.ubulk" 3145
"F:/GitHub/SproutScape/SproutScape/Content/Developers/colin/Textures/T_Huis_M_Fundering_BaseColor.uasset" 3146
"F:/GitHub/SproutScape/SproutScape/Content/Developers/colin/Textures/T_Huis_M_Fundering_BaseColor.uexp" 3147
"F:/GitHub/SproutScape/SproutScape/Content/Developers/colin/Materials/M_Fundering.uasset" 3148
"F:/GitHub/SproutScape/SproutScape/Content/Developers/colin/Materials/M_Fundering.uexp" 3149
"F:/GitHub/SproutScape/SproutScape/Content/Developers/colin/Models/Level_1/SM_Fundering.uasset" 3150
"F:/GitHub/SproutScape/SproutScape/Content/Developers/colin/Models/Level_1/SM_Fundering.uexp" 3151
"F:/GitHub/SproutScape/SproutScape/Content/Developers/colin/2D/Level_1/Level_01_krukje.uasset" 3152
"F:/GitHub/SproutScape/SproutScape/Content/Developers/colin/2D/Level_1/Level_01_krukje.uexp" 3153
"F:/GitHub/SproutScape/SproutScape/Content/Developers/colin/2D/Level_1/Level_01_krukje_Mat.uasset" 3154
"F:/GitHub/SproutScape/SproutScape/Content/Developers/colin/2D/Level_1/Level_01_krukje_Mat.uexp" 3155
"F:/GitHub/SproutScape/SproutScape/Content/Developers/colin/2D/Level_1/Level_01_table.uasset" 3156
"F:/GitHub/SproutScape/SproutScape/Content/Developers/colin/2D/Level_1/Level_01_table.uexp" 3157
"F:/GitHub/SproutScape/SproutScape/Content/Developers/colin/2D/Level_1/Level_01_table_Mat.uasset" 3158
"F:/GitHub/SproutScape/SproutScape/Content/Developers/colin/2D/Level_1/Level_01_table_Mat.uexp" 3159
"F:/GitHub/SproutScape/SproutScape/Content/Developers/colin/2D/Level_1/Level_01_plant1.uasset" 3160
"F:/GitHub/SproutScape/SproutScape/Content/Developers/colin/2D/Level_1/Level_01_plant1.uexp" 3161
"F:/GitHub/SproutScape/SproutScape/Content/Developers/colin/2D/Level_1/Level_01_plant1_Mat.uasset" 3162
"F:/GitHub/SproutScape/SproutScape/Content/Developers/colin/2D/Level_1/Level_01_plant1_Mat.uexp" 3163
"F:/GitHub/SproutScape/SproutScape/Content/Developers/colin/Textures/T_Huis_M_Fundering_Aarde_Normal.ubulk" 3164
"F:/GitHub/SproutScape/SproutScape/Content/Developers/colin/Textures/T_Huis_M_Fundering_Aarde_Normal.uasset" 3165
"F:/GitHub/SproutScape/SproutScape/Content/Developers/colin/Textures/T_Huis_M_Fundering_Aarde_Normal.uexp" 3166
"F:/GitHub/SproutScape/SproutScape/Content/Developers/colin/Textures/T_Huis_M_Fundering_Aarde_BaseColor.ubulk" 3167
"F:/GitHub/SproutScape/SproutScape/Content/Developers/colin/Textures/T_Huis_M_Fundering_Aarde_BaseColor.uasset" 3168
"F:/GitHub/SproutScape/SproutScape/Content/Developers/colin/Textures/T_Huis_M_Fundering_Aarde_BaseColor.uexp" 3169
"F:/GitHub/SproutScape/SproutScape/Content/Developers/colin/Textures/T_Huis_M_Fundering_Aarde_OcclusionRoughnesMetallic.ubulk" 3170
"F:/GitHub/SproutScape/SproutScape/Content/Developers/colin/Textures/T_Huis_M_Fundering_Aarde_OcclusionRoughnesMetallic.uasset" 3171
"F:/GitHub/SproutScape/SproutScape/Content/Developers/colin/Textures/T_Huis_M_Fundering_Aarde_OcclusionRoughnesMetallic.uexp" 3172
"F:/GitHub/SproutScape/SproutScape/Content/Developers/colin/Materials/M_Fundering_Aarde.uasset" 3173
"F:/GitHub/SproutScape/SproutScape/Content/Developers/colin/Materials/M_Fundering_Aarde.uexp" 3174
"F:/GitHub/SproutScape/SproutScape/Content/Developers/colin/Models/Level_1/SM_Fundering_Aarde.uasset" 3175
"F:/GitHub/SproutScape/SproutScape/Content/Developers/colin/Models/Level_1/SM_Fundering_Aarde.uexp" 3176
"F:/GitHub/SproutScape/SproutScape/Content/Developers/colin/Textures/T_Frontdoor_1001_Normal.ubulk" 3177
"F:/GitHub/SproutScape/SproutScape/Content/Developers/colin/Textures/T_Frontdoor_1001_Normal.uasset" 3178
"F:/GitHub/SproutScape/SproutScape/Content/Developers/colin/Textures/T_Frontdoor_1001_Normal.uexp" 3179
"F:/GitHub/SproutScape/SproutScape/Content/Developers/colin/Textures/T_Frontdoor_1001_OcclusionRoughnesMetallic.ubulk" 3180
"F:/GitHub/SproutScape/SproutScape/Content/Developers/colin/Textures/T_Frontdoor_1001_OcclusionRoughnesMetallic.uasset" 3181
"F:/GitHub/SproutScape/SproutScape/Content/Developers/colin/Textures/T_Frontdoor_1001_OcclusionRoughnesMetallic.uexp" 3182
"F:/GitHub/SproutScape/SproutScape/Content/Developers/colin/Textures/T_Frontdoor_1001_BaseColor.ubulk" 3183
"F:/GitHub/SproutScape/SproutScape/Content/Developers/colin/Textures/T_Frontdoor_1001_BaseColor.uasset" 3184
"F:/GitHub/SproutScape/SproutScape/Content/Developers/colin/Textures/T_Frontdoor_1001_BaseColor.uexp" 3185
"F:/GitHub/SproutScape/SproutScape/Content/Developers/colin/Materials/M_Frontdoor.uasset" 3186
"F:/GitHub/SproutScape/SproutScape/Content/Developers/colin/Materials/M_Frontdoor.uexp" 3187
"F:/GitHub/SproutScape/SproutScape/Content/Developers/colin/Models/Level_1/SM_Frontdoor.ubulk" 3188
"F:/GitHub/SproutScape/SproutScape/Content/Developers/colin/Models/Level_1/SM_Frontdoor.uasset" 3189
"F:/GitHub/SproutScape/SproutScape/Content/Developers/colin/Models/Level_1/SM_Frontdoor.uexp" 3190
"F:/GitHub/SproutScape/SproutScape/Content/Developers/colin/2D/Level_1/Level_01_ball.uasset" 3191
"F:/GitHub/SproutScape/SproutScape/Content/Developers/colin/2D/Level_1/Level_01_ball.uexp" 3192
"F:/GitHub/SproutScape/SproutScape/Content/Developers/colin/2D/Level_1/Level_01_ball_Mat.uasset" 3193
"F:/GitHub/SproutScape/SproutScape/Content/Developers/colin/2D/Level_1/Level_01_ball_Mat.uexp" 3194
"F:/GitHub/SproutScape/SproutScape/Content/Developers/colin/2D/Level_1/Level_01_stopcontact.uasset" 3195
"F:/GitHub/SproutScape/SproutScape/Content/Developers/colin/2D/Level_1/Level_01_stopcontact.uexp" 3196
"F:/GitHub/SproutScape/SproutScape/Content/Developers/colin/2D/Level_1/Level_01_stopcontact_Mat.uasset" 3197
"F:/GitHub/SproutScape/SproutScape/Content/Developers/colin/2D/Level_1/Level_01_stopcontact_Mat.uexp" 3198
"F:/GitHub/SproutScape/SproutScape/Content/Developers/colin/Models/Level_1/SM_Muren.uasset" 3199
"F:/GitHub/SproutScape/SproutScape/Content/Developers/colin/Models/Level_1/SM_Muren.uexp" 3200
"F:/GitHub/SproutScape/SproutScape/Content/Developers/colin/Textures/T_Huis_M_Huisvloer_Planken_BaseColor.ubulk" 3201
"F:/GitHub/SproutScape/SproutScape/Content/Developers/colin/Textures/T_Huis_M_Huisvloer_Planken_BaseColor.uasset" 3202
"F:/GitHub/SproutScape/SproutScape/Content/Developers/colin/Textures/T_Huis_M_Huisvloer_Planken_BaseColor.uexp" 3203
"F:/GitHub/SproutScape/SproutScape/Content/Developers/colin/Materials/M_Huisvloer_Planken.uasset" 3204
"F:/GitHub/SproutScape/SproutScape/Content/Developers/colin/Materials/M_Huisvloer_Planken.uexp" 3205
"F:/GitHub/SproutScape/SproutScape/Content/Developers/colin/Models/Level_1/SM_Huisvloer_Planken.uasset" 3206
"F:/GitHub/SproutScape/SproutScape/Content/Developers/colin/Models/Level_1/SM_Huisvloer_Planken.uexp" 3207
"F:/GitHub/SproutScape/SproutScape/Content/Developers/colin/2D/Level_1/Level_01_hang_plants.uasset" 3208
"F:/GitHub/SproutScape/SproutScape/Content/Developers/colin/2D/Level_1/Level_01_hang_plants.uexp" 3209
"F:/GitHub/SproutScape/SproutScape/Content/Developers/colin/2D/Level_1/Level_01_hang_plants_Mat.uasset" 3210
"F:/GitHub/SproutScape/SproutScape/Content/Developers/colin/2D/Level_1/Level_01_hang_plants_Mat.uexp" 3211
"F:/GitHub/SproutScape/SproutScape/Content/Developers/colin/2D/Level_1/Level_01_plants_kitchen.uasset" 3212
"F:/GitHub/SproutScape/SproutScape/Content/Developers/colin/2D/Level_1/Level_01_plants_kitchen.uexp" 3213
"F:/GitHub/SproutScape/SproutScape/Content/Developers/colin/2D/Level_1/Level_01_plants_kitchen_Mat.uasset" 3214
"F:/GitHub/SproutScape/SproutScape/Content/Developers/colin/2D/Level_1/Level_01_plants_kitchen_Mat.uexp" 3215
"F:/GitHub/SproutScape/SproutScape/Content/Developers/colin/Textures/T_Huis_M_Huisvloer_Balk_BaseColor.ubulk" 3216
"F:/GitHub/SproutScape/SproutScape/Content/Developers/colin/Textures/T_Huis_M_Huisvloer_Balk_BaseColor.uasset" 3217
"F:/GitHub/SproutScape/SproutScape/Content/Developers/colin/Textures/T_Huis_M_Huisvloer_Balk_BaseColor.uexp" 3218
"F:/GitHub/SproutScape/SproutScape/Content/Developers/colin/Materials/M_Huisvloer_Balk.uasset" 3219
"F:/GitHub/SproutScape/SproutScape/Content/Developers/colin/Materials/M_Huisvloer_Balk.uexp" 3220
"F:/GitHub/SproutScape/SproutScape/Content/Developers/colin/Models/Level_1/SM_Huisvloer_Balk.uasset" 3221
"F:/GitHub/SproutScape/SproutScape/Content/Developers/colin/Models/Level_1/SM_Huisvloer_Balk.uexp" 3222
"F:/GitHub/SproutScape/SproutScape/Content/Developers/colin/2D/Level_1/Level_01_kitchen.uasset" 3223
"F:/GitHub/SproutScape/SproutScape/Content/Developers/colin/2D/Level_1/Level_01_kitchen.uexp" 3224
"F:/GitHub/SproutScape/SproutScape/Content/Developers/colin/2D/Level_1/Level_01_kitchen_Mat.uasset" 3225
"F:/GitHub/SproutScape/SproutScape/Content/Developers/colin/2D/Level_1/Level_01_kitchen_Mat.uexp" 3226
"F:/GitHub/SproutScape/SproutScape/Content/Developers/colin/2D/Level_1/Level_01_trash_can.uasset" 3227
"F:/GitHub/SproutScape/SproutScape/Content/Developers/colin/2D/Level_1/Level_01_trash_can.uexp" 3228
"F:/GitHub/SproutScape/SproutScape/Content/Developers/colin/2D/Level_1/Level_01_trash_can_Mat.uasset" 3229
"F:/GitHub/SproutScape/SproutScape/Content/Developers/colin/2D/Level_1/Level_01_trash_can_Mat.uexp" 3230
"F:/GitHub/SproutScape/SproutScape/Content/Developers/Osa/Textures/Level_1_props/LeterBlok_U_texture/T_LetterBlok_U_D.ubulk" 3231
"F:/GitHub/SproutScape/SproutScape/Content/Developers/Osa/Textures/Level_1_props/LeterBlok_U_texture/T_LetterBlok_U_D.uasset" 3232
"F:/GitHub/SproutScape/SproutScape/Content/Developers/Osa/Textures/Level_1_props/LeterBlok_U_texture/T_LetterBlok_U_D.uexp" 3233
"F:/GitHub/SproutScape/SproutScape/Content/Developers/Osa/Textures/Level_1_props/LeterBlok_U_texture/T_LetterBlok_U_N.ubulk" 3234
"F:/GitHub/SproutScape/SproutScape/Content/Developers/Osa/Textures/Level_1_props/LeterBlok_U_texture/T_LetterBlok_U_N.uasset" 3235
"F:/GitHub/SproutScape/SproutScape/Content/Developers/Osa/Textures/Level_1_props/LeterBlok_U_texture/T_LetterBlok_U_N.uexp" 3236
"F:/GitHub/SproutScape/SproutScape/Content/Developers/Osa/Textures/Level_1_props/LeterBlok_U_texture/T_LetterBlok_U_ORM.ubulk" 3237
"F:/GitHub/SproutScape/SproutScape/Content/Developers/Osa/Textures/Level_1_props/LeterBlok_U_texture/T_LetterBlok_U_ORM.uasset" 3238
"F:/GitHub/SproutScape/SproutScape/Content/Developers/Osa/Textures/Level_1_props/LeterBlok_U_texture/T_LetterBlok_U_ORM.uexp" 3239
"F:/GitHub/SproutScape/SproutScape/Content/Developers/Osa/Materials/Level_1_props/M_LetterBlok_U.uasset" 3240
"F:/GitHub/SproutScape/SproutScape/Content/Developers/Osa/Materials/Level_1_props/M_LetterBlok_U.uexp" 3241
"F:/GitHub/SproutScape/SproutScape/Content/Developers/colin/2D/Level_1/Level_01_plant2.uasset" 3242
"F:/GitHub/SproutScape/SproutScape/Content/Developers/colin/2D/Level_1/Level_01_plant2.uexp" 3243
"F:/GitHub/SproutScape/SproutScape/Content/Developers/colin/2D/Level_1/Level_01_plant2_Mat.uasset" 3244
"F:/GitHub/SproutScape/SproutScape/Content/Developers/colin/2D/Level_1/Level_01_plant2_Mat.uexp" 3245
"F:/GitHub/SproutScape/SproutScape/Content/Developers/colin/Textures/T_CatDoor_1001_BaseColor.ubulk" 3246
"F:/GitHub/SproutScape/SproutScape/Content/Developers/colin/Textures/T_CatDoor_1001_BaseColor.uasset" 3247
"F:/GitHub/SproutScape/SproutScape/Content/Developers/colin/Textures/T_CatDoor_1001_BaseColor.uexp" 3248
"F:/GitHub/SproutScape/SproutScape/Content/Developers/colin/Materials/M_Catdoor.uasset" 3249
"F:/GitHub/SproutScape/SproutScape/Content/Developers/colin/Materials/M_Catdoor.uexp" 3250
"F:/GitHub/SproutScape/SproutScape/Content/Developers/colin/Models/Level_1/SM_CatDoor.uasset" 3251
"F:/GitHub/SproutScape/SproutScape/Content/Developers/colin/Models/Level_1/SM_CatDoor.uexp" 3252
"F:/GitHub/SproutScape/SproutScape/Content/Developers/colin/2D/Level_1/Level_01_mid.uasset" 3253
"F:/GitHub/SproutScape/SproutScape/Content/Developers/colin/2D/Level_1/Level_01_mid.uexp" 3254
"F:/GitHub/SproutScape/SproutScape/Content/Developers/colin/2D/Level_1/Level_01_mid_Mat.uasset" 3255
"F:/GitHub/SproutScape/SproutScape/Content/Developers/colin/2D/Level_1/Level_01_mid_Mat.uexp" 3256
"F:/GitHub/SproutScape/SproutScape/Content/Developers/colin/2D/Level_1/Level_01_stekker.uasset" 3257
"F:/GitHub/SproutScape/SproutScape/Content/Developers/colin/2D/Level_1/Level_01_stekker.uexp" 3258
"F:/GitHub/SproutScape/SproutScape/Content/Developers/colin/2D/Level_1/Level_01_stekker_Mat.uasset" 3259
"F:/GitHub/SproutScape/SproutScape/Content/Developers/colin/2D/Level_1/Level_01_stekker_Mat.uexp" 3260
"F:/GitHub/SproutScape/SproutScape/Content/Developers/colin/Textures/T_Huis_M_Huisvloer_Tegels_BaseColor.ubulk" 3261
"F:/GitHub/SproutScape/SproutScape/Content/Developers/colin/Textures/T_Huis_M_Huisvloer_Tegels_BaseColor.uasset" 3262
"F:/GitHub/SproutScape/SproutScape/Content/Developers/colin/Textures/T_Huis_M_Huisvloer_Tegels_BaseColor.uexp" 3263
"F:/GitHub/SproutScape/SproutScape/Content/Developers/colin/Materials/M_Huisvloer_Tegels.uasset" 3264
"F:/GitHub/SproutScape/SproutScape/Content/Developers/colin/Materials/M_Huisvloer_Tegels.uexp" 3265
"F:/GitHub/SproutScape/SproutScape/Content/Developers/colin/Models/Level_1/SM_Huisvloer_Tegels.uasset" 3266
"F:/GitHub/SproutScape/SproutScape/Content/Developers/colin/Models/Level_1/SM_Huisvloer_Tegels.uexp" 3267
"F:/GitHub/SproutScape/SproutScape/Content/Developers/colin/2D/Level_1/Level_01_cactus_1.uasset" 3268
"F:/GitHub/SproutScape/SproutScape/Content/Developers/colin/2D/Level_1/Level_01_cactus_1.uexp" 3269
"F:/GitHub/SproutScape/SproutScape/Content/Developers/colin/2D/Level_1/Level_01_cactus_1_Mat.uasset" 3270
"F:/GitHub/SproutScape/SproutScape/Content/Developers/colin/2D/Level_1/Level_01_cactus_1_Mat.uexp" 3271
"F:/GitHub/SproutScape/SproutScape/Content/Developers/colin/2D/Level_1/Level_01_kastje.uasset" 3272
"F:/GitHub/SproutScape/SproutScape/Content/Developers/colin/2D/Level_1/Level_01_kastje.uexp" 3273
"F:/GitHub/SproutScape/SproutScape/Content/Developers/colin/2D/Level_1/Level_01_kastje_Mat.uasset" 3274
"F:/GitHub/SproutScape/SproutScape/Content/Developers/colin/2D/Level_1/Level_01_kastje_Mat.uexp" 3275
"F:/GitHub/SproutScape/SproutScape/Content/Developers/colin/2D/Level_1/Level_01_cactus2.uasset" 3276
"F:/GitHub/SproutScape/SproutScape/Content/Developers/colin/2D/Level_1/Level_01_cactus2.uexp" 3277
"F:/GitHub/SproutScape/SproutScape/Content/Developers/colin/2D/Level_1/Level_01_cactus2_Mat.uasset" 3278
"F:/GitHub/SproutScape/SproutScape/Content/Developers/colin/2D/Level_1/Level_01_cactus2_Mat.uexp" 3279
"F:/GitHub/SproutScape/SproutScape/Content/Developers/colin/2D/Level_1/Level_01_LAMP.uasset" 3280
"F:/GitHub/SproutScape/SproutScape/Content/Developers/colin/2D/Level_1/Level_01_LAMP.uexp" 3281
"F:/GitHub/SproutScape/SproutScape/Content/Developers/colin/2D/Level_1/Level_01_LAMP_Mat.uasset" 3282
"F:/GitHub/SproutScape/SproutScape/Content/Developers/colin/2D/Level_1/Level_01_LAMP_Mat.uexp" 3283
"F:/GitHub/SproutScape/SproutScape/Content/Developers/colin/Blueprints/BP_Level1.uasset" 3284
"F:/GitHub/SproutScape/SproutScape/Content/Developers/colin/Blueprints/BP_Level1.uexp" 3285
"F:/GitHub/SproutScape/SproutScape/Content/Developers/NickvanLuyk/Collections/Core/Blueprints/NewBlueprint.uasset" 3286
"F:/GitHub/SproutScape/SproutScape/Content/Developers/NickvanLuyk/Collections/Core/Blueprints/NewBlueprint.uexp" 3287
"F:/GitHub/SproutScape/SproutScape/Content/LevelPrototyping/Input/Actions/IA_MoveSplitScreen.uasset" 3288
"F:/GitHub/SproutScape/SproutScape/Content/LevelPrototyping/Input/Actions/IA_MoveSplitScreen.uexp" 3289
"../../../Engine/Plugins/2D/Paper2D/Content/MaskedUnlitSpriteMaterial.uasset" 3290
"../../../Engine/Plugins/2D/Paper2D/Content/MaskedUnlitSpriteMaterial.uexp" 3291
"F:/GitHub/SproutScape/SproutScape/Content/Developers/NickvanLuyk/Collections/Core/Animations/2D/BeeBot_Idle/Idle.uasset" 3292
"F:/GitHub/SproutScape/SproutScape/Content/Developers/NickvanLuyk/Collections/Core/Animations/2D/BeeBot_Idle/Idle.uexp" 3293
"F:/GitHub/SproutScape/SproutScape/Content/Developers/NickvanLuyk/Collections/Core/Blueprints/Interaction/BPI_Interaction.uasset" 3294
"F:/GitHub/SproutScape/SproutScape/Content/Developers/NickvanLuyk/Collections/Core/Blueprints/Interaction/BPI_Interaction.uexp" 3295
"F:/GitHub/SproutScape/SproutScape/Content/Developers/basde/Collections/SproutScapeDevFolderBas/Core/Assets/Drone2DAnims/Jump/BeeBot_JumpUp_3/FB_JumpUpCorrect.uasset" 3296
"F:/GitHub/SproutScape/SproutScape/Content/Developers/basde/Collections/SproutScapeDevFolderBas/Core/Assets/Drone2DAnims/Jump/BeeBot_JumpUp_3/FB_JumpUpCorrect.uexp" 3297
"F:/GitHub/SproutScape/SproutScape/Content/Developers/NickvanLuyk/Collections/Core/Blueprints/AS_2DBot.uasset" 3298
"F:/GitHub/SproutScape/SproutScape/Content/Developers/NickvanLuyk/Collections/Core/Blueprints/AS_2DBot.uexp" 3299
"F:/GitHub/SproutScape/SproutScape/Content/Developers/NickvanLuyk/Collections/Core/Blueprints/AnimSequences/Jump.uasset" 3300
"F:/GitHub/SproutScape/SproutScape/Content/Developers/NickvanLuyk/Collections/Core/Blueprints/AnimSequences/Jump.uexp" 3301
"F:/GitHub/SproutScape/SproutScape/Content/Developers/NickvanLuyk/Collections/Core/Blueprints/AnimSequences/Pickup.uasset" 3302
"F:/GitHub/SproutScape/SproutScape/Content/Developers/NickvanLuyk/Collections/Core/Blueprints/AnimSequences/Pickup.uexp" 3303
"F:/GitHub/SproutScape/SproutScape/Content/Developers/NickvanLuyk/Collections/Core/Animations/2D/BeeBot_Walk/Walk_00029.uasset" 3304
"F:/GitHub/SproutScape/SproutScape/Content/Developers/NickvanLuyk/Collections/Core/Animations/2D/BeeBot_Walk/Walk_00029.uexp" 3305
"F:/GitHub/SproutScape/SproutScape/Content/Developers/NickvanLuyk/Collections/Core/Animations/2D/BeeBot_Walk/Walk_00029_Sprite.uasset" 3306
"F:/GitHub/SproutScape/SproutScape/Content/Developers/NickvanLuyk/Collections/Core/Animations/2D/BeeBot_Walk/Walk_00029_Sprite.uexp" 3307
"F:/GitHub/SproutScape/SproutScape/Content/Developers/NickvanLuyk/Collections/Core/Animations/2D/BeeBot_Walk/Walk_00022.uasset" 3308
"F:/GitHub/SproutScape/SproutScape/Content/Developers/NickvanLuyk/Collections/Core/Animations/2D/BeeBot_Walk/Walk_00022.uexp" 3309
"F:/GitHub/SproutScape/SproutScape/Content/Developers/NickvanLuyk/Collections/Core/Animations/2D/BeeBot_Walk/Walk_00022_Sprite.uasset" 3310
"F:/GitHub/SproutScape/SproutScape/Content/Developers/NickvanLuyk/Collections/Core/Animations/2D/BeeBot_Walk/Walk_00022_Sprite.uexp" 3311
"F:/GitHub/SproutScape/SproutScape/Content/Developers/NickvanLuyk/Collections/Core/Animations/2D/BeeBot_Walk/Walk_00023.uasset" 3312
"F:/GitHub/SproutScape/SproutScape/Content/Developers/NickvanLuyk/Collections/Core/Animations/2D/BeeBot_Walk/Walk_00023.uexp" 3313
"F:/GitHub/SproutScape/SproutScape/Content/Developers/NickvanLuyk/Collections/Core/Animations/2D/BeeBot_Walk/Walk_00023_Sprite.uasset" 3314
"F:/GitHub/SproutScape/SproutScape/Content/Developers/NickvanLuyk/Collections/Core/Animations/2D/BeeBot_Walk/Walk_00023_Sprite.uexp" 3315
"F:/GitHub/SproutScape/SproutScape/Content/Developers/NickvanLuyk/Collections/Core/Animations/2D/BeeBot_Walk/Walk_00015.uasset" 3316
"F:/GitHub/SproutScape/SproutScape/Content/Developers/NickvanLuyk/Collections/Core/Animations/2D/BeeBot_Walk/Walk_00015.uexp" 3317
"F:/GitHub/SproutScape/SproutScape/Content/Developers/NickvanLuyk/Collections/Core/Animations/2D/BeeBot_Walk/Walk_00015_Sprite.uasset" 3318
"F:/GitHub/SproutScape/SproutScape/Content/Developers/NickvanLuyk/Collections/Core/Animations/2D/BeeBot_Walk/Walk_00015_Sprite.uexp" 3319
"F:/GitHub/SproutScape/SproutScape/Content/Developers/NickvanLuyk/Collections/Core/Animations/2D/BeeBot_Walk/Walk_00008.uasset" 3320
"F:/GitHub/SproutScape/SproutScape/Content/Developers/NickvanLuyk/Collections/Core/Animations/2D/BeeBot_Walk/Walk_00008.uexp" 3321
"F:/GitHub/SproutScape/SproutScape/Content/Developers/NickvanLuyk/Collections/Core/Animations/2D/BeeBot_Walk/Walk_00008_Sprite.uasset" 3322
"F:/GitHub/SproutScape/SproutScape/Content/Developers/NickvanLuyk/Collections/Core/Animations/2D/BeeBot_Walk/Walk_00008_Sprite.uexp" 3323
"F:/GitHub/SproutScape/SproutScape/Content/Developers/NickvanLuyk/Collections/Core/Animations/2D/BeeBot_Walk/Walk_00014.uasset" 3324
"F:/GitHub/SproutScape/SproutScape/Content/Developers/NickvanLuyk/Collections/Core/Animations/2D/BeeBot_Walk/Walk_00014.uexp" 3325
"F:/GitHub/SproutScape/SproutScape/Content/Developers/NickvanLuyk/Collections/Core/Animations/2D/BeeBot_Walk/Walk_00014_Sprite.uasset" 3326
"F:/GitHub/SproutScape/SproutScape/Content/Developers/NickvanLuyk/Collections/Core/Animations/2D/BeeBot_Walk/Walk_00014_Sprite.uexp" 3327
"F:/GitHub/SproutScape/SproutScape/Content/Developers/NickvanLuyk/Collections/Core/Animations/2D/BeeBot_Walk/Walk_00025.uasset" 3328
"F:/GitHub/SproutScape/SproutScape/Content/Developers/NickvanLuyk/Collections/Core/Animations/2D/BeeBot_Walk/Walk_00025.uexp" 3329
"F:/GitHub/SproutScape/SproutScape/Content/Developers/NickvanLuyk/Collections/Core/Animations/2D/BeeBot_Walk/Walk_00025_Sprite.uasset" 3330
"F:/GitHub/SproutScape/SproutScape/Content/Developers/NickvanLuyk/Collections/Core/Animations/2D/BeeBot_Walk/Walk_00025_Sprite.uexp" 3331
"F:/GitHub/SproutScape/SproutScape/Content/Developers/NickvanLuyk/Collections/Core/Animations/2D/BeeBot_Walk/Walk_00001.uasset" 3332
"F:/GitHub/SproutScape/SproutScape/Content/Developers/NickvanLuyk/Collections/Core/Animations/2D/BeeBot_Walk/Walk_00001.uexp" 3333
"F:/GitHub/SproutScape/SproutScape/Content/Developers/NickvanLuyk/Collections/Core/Animations/2D/BeeBot_Walk/Walk_00001_Sprite.uasset" 3334
"F:/GitHub/SproutScape/SproutScape/Content/Developers/NickvanLuyk/Collections/Core/Animations/2D/BeeBot_Walk/Walk_00001_Sprite.uexp" 3335
"F:/GitHub/SproutScape/SproutScape/Content/Developers/NickvanLuyk/Collections/Core/Animations/2D/BeeBot_Walk/Walk_00017.uasset" 3336
"F:/GitHub/SproutScape/SproutScape/Content/Developers/NickvanLuyk/Collections/Core/Animations/2D/BeeBot_Walk/Walk_00017.uexp" 3337
"F:/GitHub/SproutScape/SproutScape/Content/Developers/NickvanLuyk/Collections/Core/Animations/2D/BeeBot_Walk/Walk_00017_Sprite.uasset" 3338
"F:/GitHub/SproutScape/SproutScape/Content/Developers/NickvanLuyk/Collections/Core/Animations/2D/BeeBot_Walk/Walk_00017_Sprite.uexp" 3339
"F:/GitHub/SproutScape/SproutScape/Content/Developers/NickvanLuyk/Collections/Core/Animations/2D/BeeBot_Walk/Walk_00007.uasset" 3340
"F:/GitHub/SproutScape/SproutScape/Content/Developers/NickvanLuyk/Collections/Core/Animations/2D/BeeBot_Walk/Walk_00007.uexp" 3341
"F:/GitHub/SproutScape/SproutScape/Content/Developers/NickvanLuyk/Collections/Core/Animations/2D/BeeBot_Walk/Walk_00007_Sprite.uasset" 3342
"F:/GitHub/SproutScape/SproutScape/Content/Developers/NickvanLuyk/Collections/Core/Animations/2D/BeeBot_Walk/Walk_00007_Sprite.uexp" 3343
"F:/GitHub/SproutScape/SproutScape/Content/Developers/NickvanLuyk/Collections/Core/Animations/2D/BeeBot_Walk/Walk_00013.uasset" 3344
"F:/GitHub/SproutScape/SproutScape/Content/Developers/NickvanLuyk/Collections/Core/Animations/2D/BeeBot_Walk/Walk_00013.uexp" 3345
"F:/GitHub/SproutScape/SproutScape/Content/Developers/NickvanLuyk/Collections/Core/Animations/2D/BeeBot_Walk/Walk_00013_Sprite.uasset" 3346
"F:/GitHub/SproutScape/SproutScape/Content/Developers/NickvanLuyk/Collections/Core/Animations/2D/BeeBot_Walk/Walk_00013_Sprite.uexp" 3347
"F:/GitHub/SproutScape/SproutScape/Content/Developers/NickvanLuyk/Collections/Core/Animations/2D/BeeBot_Walk/Walk_00020.uasset" 3348
"F:/GitHub/SproutScape/SproutScape/Content/Developers/NickvanLuyk/Collections/Core/Animations/2D/BeeBot_Walk/Walk_00020.uexp" 3349
"F:/GitHub/SproutScape/SproutScape/Content/Developers/NickvanLuyk/Collections/Core/Animations/2D/BeeBot_Walk/Walk_00020_Sprite.uasset" 3350
"F:/GitHub/SproutScape/SproutScape/Content/Developers/NickvanLuyk/Collections/Core/Animations/2D/BeeBot_Walk/Walk_00020_Sprite.uexp" 3351
"F:/GitHub/SproutScape/SproutScape/Content/Developers/NickvanLuyk/Collections/Core/Animations/2D/BeeBot_Walk/Walk_00024.uasset" 3352
"F:/GitHub/SproutScape/SproutScape/Content/Developers/NickvanLuyk/Collections/Core/Animations/2D/BeeBot_Walk/Walk_00024.uexp" 3353
"F:/GitHub/SproutScape/SproutScape/Content/Developers/NickvanLuyk/Collections/Core/Animations/2D/BeeBot_Walk/Walk_00024_Sprite.uasset" 3354
"F:/GitHub/SproutScape/SproutScape/Content/Developers/NickvanLuyk/Collections/Core/Animations/2D/BeeBot_Walk/Walk_00024_Sprite.uexp" 3355
"F:/GitHub/SproutScape/SproutScape/Content/Developers/NickvanLuyk/Collections/Core/Animations/2D/BeeBot_Walk/Walk_00004.uasset" 3356
"F:/GitHub/SproutScape/SproutScape/Content/Developers/NickvanLuyk/Collections/Core/Animations/2D/BeeBot_Walk/Walk_00004.uexp" 3357
"F:/GitHub/SproutScape/SproutScape/Content/Developers/NickvanLuyk/Collections/Core/Animations/2D/BeeBot_Walk/Walk_00004_Sprite.uasset" 3358
"F:/GitHub/SproutScape/SproutScape/Content/Developers/NickvanLuyk/Collections/Core/Animations/2D/BeeBot_Walk/Walk_00004_Sprite.uexp" 3359
"F:/GitHub/SproutScape/SproutScape/Content/Developers/NickvanLuyk/Collections/Core/Animations/2D/BeeBot_Walk/Walk_00006.uasset" 3360
"F:/GitHub/SproutScape/SproutScape/Content/Developers/NickvanLuyk/Collections/Core/Animations/2D/BeeBot_Walk/Walk_00006.uexp" 3361
"F:/GitHub/SproutScape/SproutScape/Content/Developers/NickvanLuyk/Collections/Core/Animations/2D/BeeBot_Walk/Walk_00006_Sprite.uasset" 3362
"F:/GitHub/SproutScape/SproutScape/Content/Developers/NickvanLuyk/Collections/Core/Animations/2D/BeeBot_Walk/Walk_00006_Sprite.uexp" 3363
"F:/GitHub/SproutScape/SproutScape/Content/Developers/NickvanLuyk/Collections/Core/Animations/2D/BeeBot_Walk/Walk_00021.uasset" 3364
"F:/GitHub/SproutScape/SproutScape/Content/Developers/NickvanLuyk/Collections/Core/Animations/2D/BeeBot_Walk/Walk_00021.uexp" 3365
"F:/GitHub/SproutScape/SproutScape/Content/Developers/NickvanLuyk/Collections/Core/Animations/2D/BeeBot_Walk/Walk_00021_Sprite.uasset" 3366
"F:/GitHub/SproutScape/SproutScape/Content/Developers/NickvanLuyk/Collections/Core/Animations/2D/BeeBot_Walk/Walk_00021_Sprite.uexp" 3367
"F:/GitHub/SproutScape/SproutScape/Content/Developers/NickvanLuyk/Collections/Core/Animations/2D/BeeBot_Walk/Walk_00010.uasset" 3368
"F:/GitHub/SproutScape/SproutScape/Content/Developers/NickvanLuyk/Collections/Core/Animations/2D/BeeBot_Walk/Walk_00010.uexp" 3369
"F:/GitHub/SproutScape/SproutScape/Content/Developers/NickvanLuyk/Collections/Core/Animations/2D/BeeBot_Walk/Walk_00010_Sprite.uasset" 3370
"F:/GitHub/SproutScape/SproutScape/Content/Developers/NickvanLuyk/Collections/Core/Animations/2D/BeeBot_Walk/Walk_00010_Sprite.uexp" 3371
"F:/GitHub/SproutScape/SproutScape/Content/Developers/NickvanLuyk/Collections/Core/Animations/2D/BeeBot_Walk/Walk_00028.uasset" 3372
"F:/GitHub/SproutScape/SproutScape/Content/Developers/NickvanLuyk/Collections/Core/Animations/2D/BeeBot_Walk/Walk_00028.uexp" 3373
"F:/GitHub/SproutScape/SproutScape/Content/Developers/NickvanLuyk/Collections/Core/Animations/2D/BeeBot_Walk/Walk_00028_Sprite.uasset" 3374
"F:/GitHub/SproutScape/SproutScape/Content/Developers/NickvanLuyk/Collections/Core/Animations/2D/BeeBot_Walk/Walk_00028_Sprite.uexp" 3375
"F:/GitHub/SproutScape/SproutScape/Content/Developers/NickvanLuyk/Collections/Core/Animations/2D/BeeBot_Walk/Walk_00026.uasset" 3376
"F:/GitHub/SproutScape/SproutScape/Content/Developers/NickvanLuyk/Collections/Core/Animations/2D/BeeBot_Walk/Walk_00026.uexp" 3377
"F:/GitHub/SproutScape/SproutScape/Content/Developers/NickvanLuyk/Collections/Core/Animations/2D/BeeBot_Walk/Walk_00026_Sprite.uasset" 3378
"F:/GitHub/SproutScape/SproutScape/Content/Developers/NickvanLuyk/Collections/Core/Animations/2D/BeeBot_Walk/Walk_00026_Sprite.uexp" 3379
"F:/GitHub/SproutScape/SproutScape/Content/Developers/NickvanLuyk/Collections/Core/Animations/2D/BeeBot_Walk/Walk_00003.uasset" 3380
"F:/GitHub/SproutScape/SproutScape/Content/Developers/NickvanLuyk/Collections/Core/Animations/2D/BeeBot_Walk/Walk_00003.uexp" 3381
"F:/GitHub/SproutScape/SproutScape/Content/Developers/NickvanLuyk/Collections/Core/Animations/2D/BeeBot_Walk/Walk_00003_Sprite.uasset" 3382
"F:/GitHub/SproutScape/SproutScape/Content/Developers/NickvanLuyk/Collections/Core/Animations/2D/BeeBot_Walk/Walk_00003_Sprite.uexp" 3383
"F:/GitHub/SproutScape/SproutScape/Content/Developers/NickvanLuyk/Collections/Core/Animations/2D/BeeBot_Walk/Walk_00005.uasset" 3384
"F:/GitHub/SproutScape/SproutScape/Content/Developers/NickvanLuyk/Collections/Core/Animations/2D/BeeBot_Walk/Walk_00005.uexp" 3385
"F:/GitHub/SproutScape/SproutScape/Content/Developers/NickvanLuyk/Collections/Core/Animations/2D/BeeBot_Walk/Walk_00005_Sprite.uasset" 3386
"F:/GitHub/SproutScape/SproutScape/Content/Developers/NickvanLuyk/Collections/Core/Animations/2D/BeeBot_Walk/Walk_00005_Sprite.uexp" 3387
"F:/GitHub/SproutScape/SproutScape/Content/Developers/NickvanLuyk/Collections/Core/Animations/2D/BeeBot_Walk/Walk_00016.uasset" 3388
"F:/GitHub/SproutScape/SproutScape/Content/Developers/NickvanLuyk/Collections/Core/Animations/2D/BeeBot_Walk/Walk_00016.uexp" 3389
"F:/GitHub/SproutScape/SproutScape/Content/Developers/NickvanLuyk/Collections/Core/Animations/2D/BeeBot_Walk/Walk_00016_Sprite.uasset" 3390
"F:/GitHub/SproutScape/SproutScape/Content/Developers/NickvanLuyk/Collections/Core/Animations/2D/BeeBot_Walk/Walk_00016_Sprite.uexp" 3391
"F:/GitHub/SproutScape/SproutScape/Content/Developers/NickvanLuyk/Collections/Core/Animations/2D/BeeBot_Walk/Walk_00009.uasset" 3392
"F:/GitHub/SproutScape/SproutScape/Content/Developers/NickvanLuyk/Collections/Core/Animations/2D/BeeBot_Walk/Walk_00009.uexp" 3393
"F:/GitHub/SproutScape/SproutScape/Content/Developers/NickvanLuyk/Collections/Core/Animations/2D/BeeBot_Walk/Walk_00009_Sprite.uasset" 3394
"F:/GitHub/SproutScape/SproutScape/Content/Developers/NickvanLuyk/Collections/Core/Animations/2D/BeeBot_Walk/Walk_00009_Sprite.uexp" 3395
"F:/GitHub/SproutScape/SproutScape/Content/Developers/NickvanLuyk/Collections/Core/Animations/2D/BeeBot_Walk/Walk_00011.uasset" 3396
"F:/GitHub/SproutScape/SproutScape/Content/Developers/NickvanLuyk/Collections/Core/Animations/2D/BeeBot_Walk/Walk_00011.uexp" 3397
"F:/GitHub/SproutScape/SproutScape/Content/Developers/NickvanLuyk/Collections/Core/Animations/2D/BeeBot_Walk/Walk_00011_Sprite.uasset" 3398
"F:/GitHub/SproutScape/SproutScape/Content/Developers/NickvanLuyk/Collections/Core/Animations/2D/BeeBot_Walk/Walk_00011_Sprite.uexp" 3399
"F:/GitHub/SproutScape/SproutScape/Content/Developers/NickvanLuyk/Collections/Core/Animations/2D/BeeBot_Walk/Walk_00018.uasset" 3400
"F:/GitHub/SproutScape/SproutScape/Content/Developers/NickvanLuyk/Collections/Core/Animations/2D/BeeBot_Walk/Walk_00018.uexp" 3401
"F:/GitHub/SproutScape/SproutScape/Content/Developers/NickvanLuyk/Collections/Core/Animations/2D/BeeBot_Walk/Walk_00018_Sprite.uasset" 3402
"F:/GitHub/SproutScape/SproutScape/Content/Developers/NickvanLuyk/Collections/Core/Animations/2D/BeeBot_Walk/Walk_00018_Sprite.uexp" 3403
"F:/GitHub/SproutScape/SproutScape/Content/Developers/NickvanLuyk/Collections/Core/Animations/2D/BeeBot_Walk/Walk_00012.uasset" 3404
"F:/GitHub/SproutScape/SproutScape/Content/Developers/NickvanLuyk/Collections/Core/Animations/2D/BeeBot_Walk/Walk_00012.uexp" 3405
"F:/GitHub/SproutScape/SproutScape/Content/Developers/NickvanLuyk/Collections/Core/Animations/2D/BeeBot_Walk/Walk_00012_Sprite.uasset" 3406
"F:/GitHub/SproutScape/SproutScape/Content/Developers/NickvanLuyk/Collections/Core/Animations/2D/BeeBot_Walk/Walk_00012_Sprite.uexp" 3407
"F:/GitHub/SproutScape/SproutScape/Content/Developers/NickvanLuyk/Collections/Core/Animations/2D/BeeBot_Walk/Walk_00000.uasset" 3408
"F:/GitHub/SproutScape/SproutScape/Content/Developers/NickvanLuyk/Collections/Core/Animations/2D/BeeBot_Walk/Walk_00000.uexp" 3409
"F:/GitHub/SproutScape/SproutScape/Content/Developers/NickvanLuyk/Collections/Core/Animations/2D/BeeBot_Walk/Walk_00000_Sprite.uasset" 3410
"F:/GitHub/SproutScape/SproutScape/Content/Developers/NickvanLuyk/Collections/Core/Animations/2D/BeeBot_Walk/Walk_00000_Sprite.uexp" 3411
"F:/GitHub/SproutScape/SproutScape/Content/Developers/NickvanLuyk/Collections/Core/Animations/2D/BeeBot_Walk/Walk_00027.uasset" 3412
"F:/GitHub/SproutScape/SproutScape/Content/Developers/NickvanLuyk/Collections/Core/Animations/2D/BeeBot_Walk/Walk_00027.uexp" 3413
"F:/GitHub/SproutScape/SproutScape/Content/Developers/NickvanLuyk/Collections/Core/Animations/2D/BeeBot_Walk/Walk_00027_Sprite.uasset" 3414
"F:/GitHub/SproutScape/SproutScape/Content/Developers/NickvanLuyk/Collections/Core/Animations/2D/BeeBot_Walk/Walk_00027_Sprite.uexp" 3415
"F:/GitHub/SproutScape/SproutScape/Content/Developers/NickvanLuyk/Collections/Core/Animations/2D/BeeBot_Walk/Walk_00019.uasset" 3416
"F:/GitHub/SproutScape/SproutScape/Content/Developers/NickvanLuyk/Collections/Core/Animations/2D/BeeBot_Walk/Walk_00019.uexp" 3417
"F:/GitHub/SproutScape/SproutScape/Content/Developers/NickvanLuyk/Collections/Core/Animations/2D/BeeBot_Walk/Walk_00019_Sprite.uasset" 3418
"F:/GitHub/SproutScape/SproutScape/Content/Developers/NickvanLuyk/Collections/Core/Animations/2D/BeeBot_Walk/Walk_00019_Sprite.uexp" 3419
"F:/GitHub/SproutScape/SproutScape/Content/Developers/NickvanLuyk/Collections/Core/Animations/2D/BeeBot_Walk/Walk_00002.uasset" 3420
"F:/GitHub/SproutScape/SproutScape/Content/Developers/NickvanLuyk/Collections/Core/Animations/2D/BeeBot_Walk/Walk_00002.uexp" 3421
"F:/GitHub/SproutScape/SproutScape/Content/Developers/NickvanLuyk/Collections/Core/Animations/2D/BeeBot_Walk/Walk_00002_Sprite.uasset" 3422
"F:/GitHub/SproutScape/SproutScape/Content/Developers/NickvanLuyk/Collections/Core/Animations/2D/BeeBot_Walk/Walk_00002_Sprite.uexp" 3423
"F:/GitHub/SproutScape/SproutScape/Content/Developers/NickvanLuyk/Collections/Core/Animations/2D/BeeBot_Walk/Walk.uasset" 3424
"F:/GitHub/SproutScape/SproutScape/Content/Developers/NickvanLuyk/Collections/Core/Animations/2D/BeeBot_Walk/Walk.uexp" 3425
"F:/GitHub/SproutScape/SproutScape/Content/Developers/NickvanLuyk/Collections/Core/Blueprints/AnimSequences/Walk.uasset" 3426
"F:/GitHub/SproutScape/SproutScape/Content/Developers/NickvanLuyk/Collections/Core/Blueprints/AnimSequences/Walk.uexp" 3427
"F:/GitHub/SproutScape/SproutScape/Content/Developers/NickvanLuyk/Collections/Core/Animations/2D/BeeBot_Fall/JumpDown_00011.uasset" 3428
"F:/GitHub/SproutScape/SproutScape/Content/Developers/NickvanLuyk/Collections/Core/Animations/2D/BeeBot_Fall/JumpDown_00011.uexp" 3429
"F:/GitHub/SproutScape/SproutScape/Content/Developers/NickvanLuyk/Collections/Core/Animations/2D/BeeBot_Fall/JumpDown_00011_Sprite.uasset" 3430
"F:/GitHub/SproutScape/SproutScape/Content/Developers/NickvanLuyk/Collections/Core/Animations/2D/BeeBot_Fall/JumpDown_00011_Sprite.uexp" 3431
"F:/GitHub/SproutScape/SproutScape/Content/Developers/NickvanLuyk/Collections/Core/Animations/2D/BeeBot_Fall/JumpDown_00014.uasset" 3432
"F:/GitHub/SproutScape/SproutScape/Content/Developers/NickvanLuyk/Collections/Core/Animations/2D/BeeBot_Fall/JumpDown_00014.uexp" 3433
"F:/GitHub/SproutScape/SproutScape/Content/Developers/NickvanLuyk/Collections/Core/Animations/2D/BeeBot_Fall/JumpDown_00014_Sprite.uasset" 3434
"F:/GitHub/SproutScape/SproutScape/Content/Developers/NickvanLuyk/Collections/Core/Animations/2D/BeeBot_Fall/JumpDown_00014_Sprite.uexp" 3435
"F:/GitHub/SproutScape/SproutScape/Content/Developers/NickvanLuyk/Collections/Core/Animations/2D/BeeBot_Fall/JumpDown_00004.uasset" 3436
"F:/GitHub/SproutScape/SproutScape/Content/Developers/NickvanLuyk/Collections/Core/Animations/2D/BeeBot_Fall/JumpDown_00004.uexp" 3437
"F:/GitHub/SproutScape/SproutScape/Content/Developers/NickvanLuyk/Collections/Core/Animations/2D/BeeBot_Fall/JumpDown_00004_Sprite.uasset" 3438
"F:/GitHub/SproutScape/SproutScape/Content/Developers/NickvanLuyk/Collections/Core/Animations/2D/BeeBot_Fall/JumpDown_00004_Sprite.uexp" 3439
"F:/GitHub/SproutScape/SproutScape/Content/Developers/NickvanLuyk/Collections/Core/Animations/2D/BeeBot_Fall/JumpDown_00026.uasset" 3440
"F:/GitHub/SproutScape/SproutScape/Content/Developers/NickvanLuyk/Collections/Core/Animations/2D/BeeBot_Fall/JumpDown_00026.uexp" 3441
"F:/GitHub/SproutScape/SproutScape/Content/Developers/NickvanLuyk/Collections/Core/Animations/2D/BeeBot_Fall/JumpDown_00026_Sprite.uasset" 3442
"F:/GitHub/SproutScape/SproutScape/Content/Developers/NickvanLuyk/Collections/Core/Animations/2D/BeeBot_Fall/JumpDown_00026_Sprite.uexp" 3443
"F:/GitHub/SproutScape/SproutScape/Content/Developers/NickvanLuyk/Collections/Core/Animations/2D/BeeBot_Fall/JumpDown_00018.uasset" 3444
"F:/GitHub/SproutScape/SproutScape/Content/Developers/NickvanLuyk/Collections/Core/Animations/2D/BeeBot_Fall/JumpDown_00018.uexp" 3445
"F:/GitHub/SproutScape/SproutScape/Content/Developers/NickvanLuyk/Collections/Core/Animations/2D/BeeBot_Fall/JumpDown_00018_Sprite.uasset" 3446
"F:/GitHub/SproutScape/SproutScape/Content/Developers/NickvanLuyk/Collections/Core/Animations/2D/BeeBot_Fall/JumpDown_00018_Sprite.uexp" 3447
"F:/GitHub/SproutScape/SproutScape/Content/Developers/NickvanLuyk/Collections/Core/Animations/2D/BeeBot_Fall/JumpDown_00005.uasset" 3448
"F:/GitHub/SproutScape/SproutScape/Content/Developers/NickvanLuyk/Collections/Core/Animations/2D/BeeBot_Fall/JumpDown_00005.uexp" 3449
"F:/GitHub/SproutScape/SproutScape/Content/Developers/NickvanLuyk/Collections/Core/Animations/2D/BeeBot_Fall/JumpDown_00005_Sprite.uasset" 3450
"F:/GitHub/SproutScape/SproutScape/Content/Developers/NickvanLuyk/Collections/Core/Animations/2D/BeeBot_Fall/JumpDown_00005_Sprite.uexp" 3451
"F:/GitHub/SproutScape/SproutScape/Content/Developers/NickvanLuyk/Collections/Core/Animations/2D/BeeBot_Fall/JumpDown_00006.uasset" 3452
"F:/GitHub/SproutScape/SproutScape/Content/Developers/NickvanLuyk/Collections/Core/Animations/2D/BeeBot_Fall/JumpDown_00006.uexp" 3453
"F:/GitHub/SproutScape/SproutScape/Content/Developers/NickvanLuyk/Collections/Core/Animations/2D/BeeBot_Fall/JumpDown_00006_Sprite.uasset" 3454
"F:/GitHub/SproutScape/SproutScape/Content/Developers/NickvanLuyk/Collections/Core/Animations/2D/BeeBot_Fall/JumpDown_00006_Sprite.uexp" 3455
"F:/GitHub/SproutScape/SproutScape/Content/Developers/NickvanLuyk/Collections/Core/Animations/2D/BeeBot_Fall/JumpDown_00008.uasset" 3456
"F:/GitHub/SproutScape/SproutScape/Content/Developers/NickvanLuyk/Collections/Core/Animations/2D/BeeBot_Fall/JumpDown_00008.uexp" 3457
"F:/GitHub/SproutScape/SproutScape/Content/Developers/NickvanLuyk/Collections/Core/Animations/2D/BeeBot_Fall/JumpDown_00008_Sprite.uasset" 3458
"F:/GitHub/SproutScape/SproutScape/Content/Developers/NickvanLuyk/Collections/Core/Animations/2D/BeeBot_Fall/JumpDown_00008_Sprite.uexp" 3459
"F:/GitHub/SproutScape/SproutScape/Content/Developers/NickvanLuyk/Collections/Core/Animations/2D/BeeBot_Fall/JumpDown_00020.uasset" 3460
"F:/GitHub/SproutScape/SproutScape/Content/Developers/NickvanLuyk/Collections/Core/Animations/2D/BeeBot_Fall/JumpDown_00020.uexp" 3461
"F:/GitHub/SproutScape/SproutScape/Content/Developers/NickvanLuyk/Collections/Core/Animations/2D/BeeBot_Fall/JumpDown_00020_Sprite.uasset" 3462
"F:/GitHub/SproutScape/SproutScape/Content/Developers/NickvanLuyk/Collections/Core/Animations/2D/BeeBot_Fall/JumpDown_00020_Sprite.uexp" 3463
"F:/GitHub/SproutScape/SproutScape/Content/Developers/NickvanLuyk/Collections/Core/Animations/2D/BeeBot_Fall/JumpDown_00012.uasset" 3464
"F:/GitHub/SproutScape/SproutScape/Content/Developers/NickvanLuyk/Collections/Core/Animations/2D/BeeBot_Fall/JumpDown_00012.uexp" 3465
"F:/GitHub/SproutScape/SproutScape/Content/Developers/NickvanLuyk/Collections/Core/Animations/2D/BeeBot_Fall/JumpDown_00012_Sprite.uasset" 3466
"F:/GitHub/SproutScape/SproutScape/Content/Developers/NickvanLuyk/Collections/Core/Animations/2D/BeeBot_Fall/JumpDown_00012_Sprite.uexp" 3467
"F:/GitHub/SproutScape/SproutScape/Content/Developers/NickvanLuyk/Collections/Core/Animations/2D/BeeBot_Fall/JumpDown_00025.uasset" 3468
"F:/GitHub/SproutScape/SproutScape/Content/Developers/NickvanLuyk/Collections/Core/Animations/2D/BeeBot_Fall/JumpDown_00025.uexp" 3469
"F:/GitHub/SproutScape/SproutScape/Content/Developers/NickvanLuyk/Collections/Core/Animations/2D/BeeBot_Fall/JumpDown_00025_Sprite.uasset" 3470
"F:/GitHub/SproutScape/SproutScape/Content/Developers/NickvanLuyk/Collections/Core/Animations/2D/BeeBot_Fall/JumpDown_00025_Sprite.uexp" 3471
"F:/GitHub/SproutScape/SproutScape/Content/Developers/NickvanLuyk/Collections/Core/Animations/2D/BeeBot_Fall/JumpDown_00009.uasset" 3472
"F:/GitHub/SproutScape/SproutScape/Content/Developers/NickvanLuyk/Collections/Core/Animations/2D/BeeBot_Fall/JumpDown_00009.uexp" 3473
"F:/GitHub/SproutScape/SproutScape/Content/Developers/NickvanLuyk/Collections/Core/Animations/2D/BeeBot_Fall/JumpDown_00009_Sprite.uasset" 3474
"F:/GitHub/SproutScape/SproutScape/Content/Developers/NickvanLuyk/Collections/Core/Animations/2D/BeeBot_Fall/JumpDown_00009_Sprite.uexp" 3475
"F:/GitHub/SproutScape/SproutScape/Content/Developers/NickvanLuyk/Collections/Core/Animations/2D/BeeBot_Fall/JumpDown_00010.uasset" 3476
"F:/GitHub/SproutScape/SproutScape/Content/Developers/NickvanLuyk/Collections/Core/Animations/2D/BeeBot_Fall/JumpDown_00010.uexp" 3477
"F:/GitHub/SproutScape/SproutScape/Content/Developers/NickvanLuyk/Collections/Core/Animations/2D/BeeBot_Fall/JumpDown_00010_Sprite.uasset" 3478
"F:/GitHub/SproutScape/SproutScape/Content/Developers/NickvanLuyk/Collections/Core/Animations/2D/BeeBot_Fall/JumpDown_00010_Sprite.uexp" 3479
"F:/GitHub/SproutScape/SproutScape/Content/Developers/NickvanLuyk/Collections/Core/Animations/2D/BeeBot_Fall/JumpDown_00029.uasset" 3480
"F:/GitHub/SproutScape/SproutScape/Content/Developers/NickvanLuyk/Collections/Core/Animations/2D/BeeBot_Fall/JumpDown_00029.uexp" 3481
"F:/GitHub/SproutScape/SproutScape/Content/Developers/NickvanLuyk/Collections/Core/Animations/2D/BeeBot_Fall/JumpDown_00029_Sprite.uasset" 3482
"F:/GitHub/SproutScape/SproutScape/Content/Developers/NickvanLuyk/Collections/Core/Animations/2D/BeeBot_Fall/JumpDown_00029_Sprite.uexp" 3483
"F:/GitHub/SproutScape/SproutScape/Content/Developers/NickvanLuyk/Collections/Core/Animations/2D/BeeBot_Fall/JumpDown_00016.uasset" 3484
"F:/GitHub/SproutScape/SproutScape/Content/Developers/NickvanLuyk/Collections/Core/Animations/2D/BeeBot_Fall/JumpDown_00016.uexp" 3485
"F:/GitHub/SproutScape/SproutScape/Content/Developers/NickvanLuyk/Collections/Core/Animations/2D/BeeBot_Fall/JumpDown_00016_Sprite.uasset" 3486
"F:/GitHub/SproutScape/SproutScape/Content/Developers/NickvanLuyk/Collections/Core/Animations/2D/BeeBot_Fall/JumpDown_00016_Sprite.uexp" 3487
"F:/GitHub/SproutScape/SproutScape/Content/Developers/NickvanLuyk/Collections/Core/Animations/2D/BeeBot_Fall/JumpDown_00013.uasset" 3488
"F:/GitHub/SproutScape/SproutScape/Content/Developers/NickvanLuyk/Collections/Core/Animations/2D/BeeBot_Fall/JumpDown_00013.uexp" 3489
"F:/GitHub/SproutScape/SproutScape/Content/Developers/NickvanLuyk/Collections/Core/Animations/2D/BeeBot_Fall/JumpDown_00013_Sprite.uasset" 3490
"F:/GitHub/SproutScape/SproutScape/Content/Developers/NickvanLuyk/Collections/Core/Animations/2D/BeeBot_Fall/JumpDown_00013_Sprite.uexp" 3491
"F:/GitHub/SproutScape/SproutScape/Content/Developers/NickvanLuyk/Collections/Core/Animations/2D/BeeBot_Fall/JumpDown_00017.uasset" 3492
"F:/GitHub/SproutScape/SproutScape/Content/Developers/NickvanLuyk/Collections/Core/Animations/2D/BeeBot_Fall/JumpDown_00017.uexp" 3493
"F:/GitHub/SproutScape/SproutScape/Content/Developers/NickvanLuyk/Collections/Core/Animations/2D/BeeBot_Fall/JumpDown_00017_Sprite.uasset" 3494
"F:/GitHub/SproutScape/SproutScape/Content/Developers/NickvanLuyk/Collections/Core/Animations/2D/BeeBot_Fall/JumpDown_00017_Sprite.uexp" 3495
"F:/GitHub/SproutScape/SproutScape/Content/Developers/NickvanLuyk/Collections/Core/Animations/2D/BeeBot_Fall/JumpDown_00024.uasset" 3496
"F:/GitHub/SproutScape/SproutScape/Content/Developers/NickvanLuyk/Collections/Core/Animations/2D/BeeBot_Fall/JumpDown_00024.uexp" 3497
"F:/GitHub/SproutScape/SproutScape/Content/Developers/NickvanLuyk/Collections/Core/Animations/2D/BeeBot_Fall/JumpDown_00024_Sprite.uasset" 3498
"F:/GitHub/SproutScape/SproutScape/Content/Developers/NickvanLuyk/Collections/Core/Animations/2D/BeeBot_Fall/JumpDown_00024_Sprite.uexp" 3499
"F:/GitHub/SproutScape/SproutScape/Content/Developers/NickvanLuyk/Collections/Core/Animations/2D/BeeBot_Fall/JumpDown_00027.uasset" 3500
"F:/GitHub/SproutScape/SproutScape/Content/Developers/NickvanLuyk/Collections/Core/Animations/2D/BeeBot_Fall/JumpDown_00027.uexp" 3501
"F:/GitHub/SproutScape/SproutScape/Content/Developers/NickvanLuyk/Collections/Core/Animations/2D/BeeBot_Fall/JumpDown_00027_Sprite.uasset" 3502
"F:/GitHub/SproutScape/SproutScape/Content/Developers/NickvanLuyk/Collections/Core/Animations/2D/BeeBot_Fall/JumpDown_00027_Sprite.uexp" 3503
"F:/GitHub/SproutScape/SproutScape/Content/Developers/NickvanLuyk/Collections/Core/Animations/2D/BeeBot_Fall/JumpDown_00019.uasset" 3504
"F:/GitHub/SproutScape/SproutScape/Content/Developers/NickvanLuyk/Collections/Core/Animations/2D/BeeBot_Fall/JumpDown_00019.uexp" 3505
"F:/GitHub/SproutScape/SproutScape/Content/Developers/NickvanLuyk/Collections/Core/Animations/2D/BeeBot_Fall/JumpDown_00019_Sprite.uasset" 3506
"F:/GitHub/SproutScape/SproutScape/Content/Developers/NickvanLuyk/Collections/Core/Animations/2D/BeeBot_Fall/JumpDown_00019_Sprite.uexp" 3507
"F:/GitHub/SproutScape/SproutScape/Content/Developers/NickvanLuyk/Collections/Core/Animations/2D/BeeBot_Fall/JumpDown_00002.uasset" 3508
"F:/GitHub/SproutScape/SproutScape/Content/Developers/NickvanLuyk/Collections/Core/Animations/2D/BeeBot_Fall/JumpDown_00002.uexp" 3509
"F:/GitHub/SproutScape/SproutScape/Content/Developers/NickvanLuyk/Collections/Core/Animations/2D/BeeBot_Fall/JumpDown_00002_Sprite.uasset" 3510
"F:/GitHub/SproutScape/SproutScape/Content/Developers/NickvanLuyk/Collections/Core/Animations/2D/BeeBot_Fall/JumpDown_00002_Sprite.uexp" 3511
"F:/GitHub/SproutScape/SproutScape/Content/Developers/NickvanLuyk/Collections/Core/Animations/2D/BeeBot_Fall/JumpDown_00015.uasset" 3512
"F:/GitHub/SproutScape/SproutScape/Content/Developers/NickvanLuyk/Collections/Core/Animations/2D/BeeBot_Fall/JumpDown_00015.uexp" 3513
"F:/GitHub/SproutScape/SproutScape/Content/Developers/NickvanLuyk/Collections/Core/Animations/2D/BeeBot_Fall/JumpDown_00015_Sprite.uasset" 3514
"F:/GitHub/SproutScape/SproutScape/Content/Developers/NickvanLuyk/Collections/Core/Animations/2D/BeeBot_Fall/JumpDown_00015_Sprite.uexp" 3515
"F:/GitHub/SproutScape/SproutScape/Content/Developers/NickvanLuyk/Collections/Core/Animations/2D/BeeBot_Fall/JumpDown_00007.uasset" 3516
"F:/GitHub/SproutScape/SproutScape/Content/Developers/NickvanLuyk/Collections/Core/Animations/2D/BeeBot_Fall/JumpDown_00007.uexp" 3517
"F:/GitHub/SproutScape/SproutScape/Content/Developers/NickvanLuyk/Collections/Core/Animations/2D/BeeBot_Fall/JumpDown_00007_Sprite.uasset" 3518
"F:/GitHub/SproutScape/SproutScape/Content/Developers/NickvanLuyk/Collections/Core/Animations/2D/BeeBot_Fall/JumpDown_00007_Sprite.uexp" 3519
"F:/GitHub/SproutScape/SproutScape/Content/Developers/NickvanLuyk/Collections/Core/Animations/2D/BeeBot_Fall/JumpDown_00022.uasset" 3520
"F:/GitHub/SproutScape/SproutScape/Content/Developers/NickvanLuyk/Collections/Core/Animations/2D/BeeBot_Fall/JumpDown_00022.uexp" 3521
"F:/GitHub/SproutScape/SproutScape/Content/Developers/NickvanLuyk/Collections/Core/Animations/2D/BeeBot_Fall/JumpDown_00022_Sprite.uasset" 3522
"F:/GitHub/SproutScape/SproutScape/Content/Developers/NickvanLuyk/Collections/Core/Animations/2D/BeeBot_Fall/JumpDown_00022_Sprite.uexp" 3523
"F:/GitHub/SproutScape/SproutScape/Content/Developers/NickvanLuyk/Collections/Core/Animations/2D/BeeBot_Fall/JumpDown_00021.uasset" 3524
"F:/GitHub/SproutScape/SproutScape/Content/Developers/NickvanLuyk/Collections/Core/Animations/2D/BeeBot_Fall/JumpDown_00021.uexp" 3525
"F:/GitHub/SproutScape/SproutScape/Content/Developers/NickvanLuyk/Collections/Core/Animations/2D/BeeBot_Fall/JumpDown_00021_Sprite.uasset" 3526
"F:/GitHub/SproutScape/SproutScape/Content/Developers/NickvanLuyk/Collections/Core/Animations/2D/BeeBot_Fall/JumpDown_00021_Sprite.uexp" 3527
"F:/GitHub/SproutScape/SproutScape/Content/Developers/NickvanLuyk/Collections/Core/Animations/2D/BeeBot_Fall/JumpDown_00023.uasset" 3528
"F:/GitHub/SproutScape/SproutScape/Content/Developers/NickvanLuyk/Collections/Core/Animations/2D/BeeBot_Fall/JumpDown_00023.uexp" 3529
"F:/GitHub/SproutScape/SproutScape/Content/Developers/NickvanLuyk/Collections/Core/Animations/2D/BeeBot_Fall/JumpDown_00023_Sprite.uasset" 3530
"F:/GitHub/SproutScape/SproutScape/Content/Developers/NickvanLuyk/Collections/Core/Animations/2D/BeeBot_Fall/JumpDown_00023_Sprite.uexp" 3531
"F:/GitHub/SproutScape/SproutScape/Content/Developers/NickvanLuyk/Collections/Core/Animations/2D/BeeBot_Fall/JumpDown_00030.uasset" 3532
"F:/GitHub/SproutScape/SproutScape/Content/Developers/NickvanLuyk/Collections/Core/Animations/2D/BeeBot_Fall/JumpDown_00030.uexp" 3533
"F:/GitHub/SproutScape/SproutScape/Content/Developers/NickvanLuyk/Collections/Core/Animations/2D/BeeBot_Fall/JumpDown_00030_Sprite.uasset" 3534
"F:/GitHub/SproutScape/SproutScape/Content/Developers/NickvanLuyk/Collections/Core/Animations/2D/BeeBot_Fall/JumpDown_00030_Sprite.uexp" 3535
"F:/GitHub/SproutScape/SproutScape/Content/Developers/NickvanLuyk/Collections/Core/Animations/2D/BeeBot_Fall/JumpDown_00028.uasset" 3536
"F:/GitHub/SproutScape/SproutScape/Content/Developers/NickvanLuyk/Collections/Core/Animations/2D/BeeBot_Fall/JumpDown_00028.uexp" 3537
"F:/GitHub/SproutScape/SproutScape/Content/Developers/NickvanLuyk/Collections/Core/Animations/2D/BeeBot_Fall/JumpDown_00028_Sprite.uasset" 3538
"F:/GitHub/SproutScape/SproutScape/Content/Developers/NickvanLuyk/Collections/Core/Animations/2D/BeeBot_Fall/JumpDown_00028_Sprite.uexp" 3539
"F:/GitHub/SproutScape/SproutScape/Content/Developers/NickvanLuyk/Collections/Core/Animations/2D/BeeBot_Fall/JumpDown_00001.uasset" 3540
"F:/GitHub/SproutScape/SproutScape/Content/Developers/NickvanLuyk/Collections/Core/Animations/2D/BeeBot_Fall/JumpDown_00001.uexp" 3541
"F:/GitHub/SproutScape/SproutScape/Content/Developers/NickvanLuyk/Collections/Core/Animations/2D/BeeBot_Fall/JumpDown_00001_Sprite.uasset" 3542
"F:/GitHub/SproutScape/SproutScape/Content/Developers/NickvanLuyk/Collections/Core/Animations/2D/BeeBot_Fall/JumpDown_00001_Sprite.uexp" 3543
"F:/GitHub/SproutScape/SproutScape/Content/Developers/NickvanLuyk/Collections/Core/Animations/2D/BeeBot_Fall/JumpDown_00000.uasset" 3544
"F:/GitHub/SproutScape/SproutScape/Content/Developers/NickvanLuyk/Collections/Core/Animations/2D/BeeBot_Fall/JumpDown_00000.uexp" 3545
"F:/GitHub/SproutScape/SproutScape/Content/Developers/NickvanLuyk/Collections/Core/Animations/2D/BeeBot_Fall/JumpDown_00000_Sprite.uasset" 3546
"F:/GitHub/SproutScape/SproutScape/Content/Developers/NickvanLuyk/Collections/Core/Animations/2D/BeeBot_Fall/JumpDown_00000_Sprite.uexp" 3547
"F:/GitHub/SproutScape/SproutScape/Content/Developers/NickvanLuyk/Collections/Core/Animations/2D/BeeBot_Fall/JumpDown_00003.uasset" 3548
"F:/GitHub/SproutScape/SproutScape/Content/Developers/NickvanLuyk/Collections/Core/Animations/2D/BeeBot_Fall/JumpDown_00003.uexp" 3549
"F:/GitHub/SproutScape/SproutScape/Content/Developers/NickvanLuyk/Collections/Core/Animations/2D/BeeBot_Fall/JumpDown_00003_Sprite.uasset" 3550
"F:/GitHub/SproutScape/SproutScape/Content/Developers/NickvanLuyk/Collections/Core/Animations/2D/BeeBot_Fall/JumpDown_00003_Sprite.uexp" 3551
"F:/GitHub/SproutScape/SproutScape/Content/Developers/NickvanLuyk/Collections/Core/Animations/2D/BeeBot_Fall/Fall.uasset" 3552
"F:/GitHub/SproutScape/SproutScape/Content/Developers/NickvanLuyk/Collections/Core/Animations/2D/BeeBot_Fall/Fall.uexp" 3553
"F:/GitHub/SproutScape/SproutScape/Content/Developers/NickvanLuyk/Collections/Core/Blueprints/AnimSequences/Falling.uasset" 3554
"F:/GitHub/SproutScape/SproutScape/Content/Developers/NickvanLuyk/Collections/Core/Blueprints/AnimSequences/Falling.uexp" 3555
"F:/GitHub/SproutScape/SproutScape/Content/Developers/NickvanLuyk/Collections/Core/Blueprints/AnimSequences/Idle.uasset" 3556
"F:/GitHub/SproutScape/SproutScape/Content/Developers/NickvanLuyk/Collections/Core/Blueprints/AnimSequences/Idle.uexp" 3557
"F:/GitHub/SproutScape/SproutScape/Content/Developers/NickvanLuyk/Collections/Core/Blueprints/ABP_2DBeeBot.uasset" 3558
"F:/GitHub/SproutScape/SproutScape/Content/Developers/NickvanLuyk/Collections/Core/Blueprints/ABP_2DBeeBot.uexp" 3559
"F:/GitHub/SproutScape/SproutScape/Content/Developers/NickvanLuyk/Collections/Core/Blueprints/Interaction/BP_Interactable_MAIN.uasset" 3560
"F:/GitHub/SproutScape/SproutScape/Content/Developers/NickvanLuyk/Collections/Core/Blueprints/Interaction/BP_Interactable_MAIN.uexp" 3561
"F:/GitHub/SproutScape/SproutScape/Content/Developers/NickvanLuyk/Collections/Core/Blueprints/BP_Trash.uasset" 3562
"F:/GitHub/SproutScape/SproutScape/Content/Developers/NickvanLuyk/Collections/Core/Blueprints/BP_Trash.uexp" 3563
"F:/GitHub/SproutScape/SproutScape/Content/Developers/NickvanLuyk/Collections/Core/Blueprints/Puzzle/BP_RoombaBot.uasset" 3564
"F:/GitHub/SproutScape/SproutScape/Content/Developers/NickvanLuyk/Collections/Core/Blueprints/Puzzle/BP_RoombaBot.uexp" 3565
"F:/GitHub/SproutScape/SproutScape/Content/Developers/NickvanLuyk/Collections/Core/Blueprints/Puzzle/BP_SOcketRoomba.uasset" 3566
"F:/GitHub/SproutScape/SproutScape/Content/Developers/NickvanLuyk/Collections/Core/Blueprints/Puzzle/BP_SOcketRoomba.uexp" 3567
"F:/GitHub/SproutScape/SproutScape/Content/LevelPrototyping/Input/IMC_ActionSplitScreen.uasset" 3568
"F:/GitHub/SproutScape/SproutScape/Content/LevelPrototyping/Input/IMC_ActionSplitScreen.uexp" 3569
"F:/GitHub/SproutScape/SproutScape/Content/Developers/NickvanLuyk/Collections/Core/Blueprints/BPZD_2DMove.uasset" 3570
"F:/GitHub/SproutScape/SproutScape/Content/Developers/NickvanLuyk/Collections/Core/Blueprints/BPZD_2DMove.uexp" 3571
"F:/GitHub/SproutScape/SproutScape/Content/Developers/NickvanLuyk/Collections/Core/Blueprints/Interaction/BP_interactableObj.uasset" 3572
"F:/GitHub/SproutScape/SproutScape/Content/Developers/NickvanLuyk/Collections/Core/Blueprints/Interaction/BP_interactableObj.uexp" 3573
"../../../Engine/Plugins/Animation/ACLPlugin/Content/ACLAnimBoneCompressionSettings.uasset" 3574
"../../../Engine/Plugins/Animation/ACLPlugin/Content/ACLAnimBoneCompressionSettings.uexp" 3575
"../../../Engine/Content/Animation/DefaultVariableFrameStrippingSettings.uasset" 3576
"../../../Engine/Content/Animation/DefaultVariableFrameStrippingSettings.uexp" 3577
"F:/GitHub/SproutScape/SproutScape/Content/Developers/milan/Collections/Mesh/Character_ButterBot/Butterstick_Skeleton.uasset" 3578
"F:/GitHub/SproutScape/SproutScape/Content/Developers/milan/Collections/Mesh/Character_ButterBot/Butterstick_Skeleton.uexp" 3579
"../../../Engine/Plugins/Animation/ACLPlugin/Content/ACLAnimCurveCompressionSettings.uasset" 3580
"../../../Engine/Plugins/Animation/ACLPlugin/Content/ACLAnimCurveCompressionSettings.uexp" 3581
"F:/GitHub/SproutScape/SproutScape/Content/Developers/milan/Collections/Animations/Robot_-_Butterstick_-_Jump.uasset" 3582
"F:/GitHub/SproutScape/SproutScape/Content/Developers/milan/Collections/Animations/Robot_-_Butterstick_-_Jump.uexp" 3583
"F:/GitHub/SproutScape/SproutScape/Content/Developers/milan/Collections/Animations/Robot_-_Butterstick_-_walk.uasset" 3584
"F:/GitHub/SproutScape/SproutScape/Content/Developers/milan/Collections/Animations/Robot_-_Butterstick_-_walk.uexp" 3585
"F:/GitHub/SproutScape/SproutScape/Content/Developers/milan/Collections/Animations/Robot_-_Butterstick_-_Idle.uasset" 3586
"F:/GitHub/SproutScape/SproutScape/Content/Developers/milan/Collections/Animations/Robot_-_Butterstick_-_Idle.uexp" 3587
"F:/GitHub/SproutScape/SproutScape/Content/Developers/NickvanLuyk/Collections/Core/Blueprints/ABS_Walk.uasset" 3588
"F:/GitHub/SproutScape/SproutScape/Content/Developers/NickvanLuyk/Collections/Core/Blueprints/ABS_Walk.uexp" 3589
"F:/GitHub/SproutScape/SproutScape/Content/Developers/milan/Collections/Animations/Robot_-_Butterstick_-_Fall.uasset" 3590
"F:/GitHub/SproutScape/SproutScape/Content/Developers/milan/Collections/Animations/Robot_-_Butterstick_-_Fall.uexp" 3591
"F:/GitHub/SproutScape/SproutScape/Content/Developers/NickvanLuyk/Collections/Core/Blueprints/ABP_LocoMotion.uasset" 3592
"F:/GitHub/SproutScape/SproutScape/Content/Developers/NickvanLuyk/Collections/Core/Blueprints/ABP_LocoMotion.uexp" 3593
"F:/GitHub/SproutScape/SproutScape/Content/Developers/milan/Collections/Materials/M_Glass.uasset" 3594
"F:/GitHub/SproutScape/SproutScape/Content/Developers/milan/Collections/Materials/M_Glass.uexp" 3595
"F:/GitHub/SproutScape/SproutScape/Content/Developers/milan/Collections/Textures/ButterBot/T_Robot_-_Butterstick_M_BotBody_BaseColor.ubulk" 3596
"F:/GitHub/SproutScape/SproutScape/Content/Developers/milan/Collections/Textures/ButterBot/T_Robot_-_Butterstick_M_BotBody_BaseColor.uasset" 3597
"F:/GitHub/SproutScape/SproutScape/Content/Developers/milan/Collections/Textures/ButterBot/T_Robot_-_Butterstick_M_BotBody_BaseColor.uexp" 3598
"F:/GitHub/SproutScape/SproutScape/Content/Developers/milan/Collections/Textures/ButterBot/T_Robot_-_Butterstick_M_BotBody_Normal.ubulk" 3599
"F:/GitHub/SproutScape/SproutScape/Content/Developers/milan/Collections/Textures/ButterBot/T_Robot_-_Butterstick_M_BotBody_Normal.uasset" 3600
"F:/GitHub/SproutScape/SproutScape/Content/Developers/milan/Collections/Textures/ButterBot/T_Robot_-_Butterstick_M_BotBody_Normal.uexp" 3601
"F:/GitHub/SproutScape/SproutScape/Content/Developers/milan/Collections/Materials/M_BotBody.uasset" 3602
"F:/GitHub/SproutScape/SproutScape/Content/Developers/milan/Collections/Materials/M_BotBody.uexp" 3603
"F:/GitHub/SproutScape/SproutScape/Content/Developers/NickvanLuyk/Collections/Core/Butterstick.uasset" 3604
"F:/GitHub/SproutScape/SproutScape/Content/Developers/NickvanLuyk/Collections/Core/Butterstick.uexp" 3605
"F:/GitHub/SproutScape/SproutScape/Content/Developers/NickvanLuyk/Collections/Core/Materials/MPC_Occlusion.uasset" 3606
"F:/GitHub/SproutScape/SproutScape/Content/Developers/NickvanLuyk/Collections/Core/Materials/MPC_Occlusion.uexp" 3607
"F:/GitHub/SproutScape/SproutScape/Content/Developers/NickvanLuyk/Collections/Core/Blueprints/BPC_3D.uasset" 3608
"F:/GitHub/SproutScape/SproutScape/Content/Developers/NickvanLuyk/Collections/Core/Blueprints/BPC_3D.uexp" 3609
"F:/GitHub/SproutScape/SproutScape/Content/Developers/NickvanLuyk/Collections/Core/Blueprints/GameMode/GM_MovementGameMode.uasset" 3610
"F:/GitHub/SproutScape/SproutScape/Content/Developers/NickvanLuyk/Collections/Core/Blueprints/GameMode/GM_MovementGameMode.uexp" 3611
"F:/GitHub/SproutScape/SproutScape/Content/Developers/NickvanLuyk/Collections/Core/Blueprints/BP_Camera.uasset" 3612
"F:/GitHub/SproutScape/SproutScape/Content/Developers/NickvanLuyk/Collections/Core/Blueprints/BP_Camera.uexp" 3613
"F:/GitHub/SproutScape/SproutScape/Content/Developers/NickvanLuyk/Collections/Core/Blueprints/BPZD_2D.uasset" 3614
"F:/GitHub/SproutScape/SproutScape/Content/Developers/NickvanLuyk/Collections/Core/Blueprints/BPZD_2D.uexp" 3615
"F:/GitHub/SproutScape/SproutScape/Content/Developers/NickvanLuyk/Collections/Core/Blueprints/ABS_JumpToFall.uasset" 3616
"F:/GitHub/SproutScape/SproutScape/Content/Developers/NickvanLuyk/Collections/Core/Blueprints/ABS_JumpToFall.uexp" 3617
"F:/GitHub/SproutScape/SproutScape/Content/Developers/milan/Collections/Textures/ButterBot/T_Robot_-_Butterstick_M_BotBody_OcclusionRoughnessMetallic.ubulk" 3618
"F:/GitHub/SproutScape/SproutScape/Content/Developers/milan/Collections/Textures/ButterBot/T_Robot_-_Butterstick_M_BotBody_OcclusionRoughnessMetallic.uasset" 3619
"F:/GitHub/SproutScape/SproutScape/Content/Developers/milan/Collections/Textures/ButterBot/T_Robot_-_Butterstick_M_BotBody_OcclusionRoughnessMetallic.uexp" 3620
"F:/GitHub/SproutScape/SproutScape/Content/Developers/milan/Collections/Textures/ButterBot/T_Robot_-_Butterstick_metal_OcclusionRoughnessMetallic.ubulk" 3621
"F:/GitHub/SproutScape/SproutScape/Content/Developers/milan/Collections/Textures/ButterBot/T_Robot_-_Butterstick_metal_OcclusionRoughnessMetallic.uasset" 3622
"F:/GitHub/SproutScape/SproutScape/Content/Developers/milan/Collections/Textures/ButterBot/T_Robot_-_Butterstick_metal_OcclusionRoughnessMetallic.uexp" 3623
"F:/GitHub/SproutScape/SproutScape/Content/Developers/milan/Collections/Textures/ButterBot/T_Robot_-_Butterstick_metal_Normal.ubulk" 3624
"F:/GitHub/SproutScape/SproutScape/Content/Developers/milan/Collections/Textures/ButterBot/T_Robot_-_Butterstick_metal_Normal.uasset" 3625
"F:/GitHub/SproutScape/SproutScape/Content/Developers/milan/Collections/Textures/ButterBot/T_Robot_-_Butterstick_metal_Normal.uexp" 3626
"F:/GitHub/SproutScape/SproutScape/Content/Developers/milan/Collections/Textures/ButterBot/T_Robot_-_Butterstick_metal_BaseColor.ubulk" 3627
"F:/GitHub/SproutScape/SproutScape/Content/Developers/milan/Collections/Textures/ButterBot/T_Robot_-_Butterstick_metal_BaseColor.uasset" 3628
"F:/GitHub/SproutScape/SproutScape/Content/Developers/milan/Collections/Textures/ButterBot/T_Robot_-_Butterstick_metal_BaseColor.uexp" 3629
"F:/GitHub/SproutScape/SproutScape/Content/Developers/NickvanLuyk/Collections/Core/Animations/2D/BeeBot_JumpUp/Jump_Up_00032.uasset" 3630
"F:/GitHub/SproutScape/SproutScape/Content/Developers/NickvanLuyk/Collections/Core/Animations/2D/BeeBot_JumpUp/Jump_Up_00032.uexp" 3631
"F:/GitHub/SproutScape/SproutScape/Content/Developers/NickvanLuyk/Collections/Core/Animations/2D/BeeBot_JumpUp/Jump_Up_00031.uasset" 3632
"F:/GitHub/SproutScape/SproutScape/Content/Developers/NickvanLuyk/Collections/Core/Animations/2D/BeeBot_JumpUp/Jump_Up_00031.uexp" 3633
"F:/GitHub/SproutScape/SproutScape/Content/Developers/NickvanLuyk/Collections/Core/Animations/2D/BeeBot_JumpUp/Jump_Up_00030.uasset" 3634
"F:/GitHub/SproutScape/SproutScape/Content/Developers/NickvanLuyk/Collections/Core/Animations/2D/BeeBot_JumpUp/Jump_Up_00030.uexp" 3635
"F:/GitHub/SproutScape/SproutScape/Content/Developers/NickvanLuyk/Collections/Core/Animations/2D/BeeBot_JumpUp/Jump_Up_00029.uasset" 3636
"F:/GitHub/SproutScape/SproutScape/Content/Developers/NickvanLuyk/Collections/Core/Animations/2D/BeeBot_JumpUp/Jump_Up_00029.uexp" 3637
"F:/GitHub/SproutScape/SproutScape/Content/Developers/NickvanLuyk/Collections/Core/Animations/2D/BeeBot_JumpUp/Jump_Up_00028.uasset" 3638
"F:/GitHub/SproutScape/SproutScape/Content/Developers/NickvanLuyk/Collections/Core/Animations/2D/BeeBot_JumpUp/Jump_Up_00028.uexp" 3639
"F:/GitHub/SproutScape/SproutScape/Content/Developers/NickvanLuyk/Collections/Core/Animations/2D/BeeBot_JumpUp/Jump_Up_00027.uasset" 3640
"F:/GitHub/SproutScape/SproutScape/Content/Developers/NickvanLuyk/Collections/Core/Animations/2D/BeeBot_JumpUp/Jump_Up_00027.uexp" 3641
"F:/GitHub/SproutScape/SproutScape/Content/Developers/NickvanLuyk/Collections/Core/Animations/2D/BeeBot_JumpUp/Jump_Up_00026.uasset" 3642
"F:/GitHub/SproutScape/SproutScape/Content/Developers/NickvanLuyk/Collections/Core/Animations/2D/BeeBot_JumpUp/Jump_Up_00026.uexp" 3643
"F:/GitHub/SproutScape/SproutScape/Content/Developers/NickvanLuyk/Collections/Core/Animations/2D/BeeBot_JumpUp/Jump_Up_00025.uasset" 3644
"F:/GitHub/SproutScape/SproutScape/Content/Developers/NickvanLuyk/Collections/Core/Animations/2D/BeeBot_JumpUp/Jump_Up_00025.uexp" 3645
"F:/GitHub/SproutScape/SproutScape/Content/Developers/NickvanLuyk/Collections/Core/Animations/2D/BeeBot_JumpUp/Jump_Up_00024.uasset" 3646
"F:/GitHub/SproutScape/SproutScape/Content/Developers/NickvanLuyk/Collections/Core/Animations/2D/BeeBot_JumpUp/Jump_Up_00024.uexp" 3647
"F:/GitHub/SproutScape/SproutScape/Content/Developers/NickvanLuyk/Collections/Core/Animations/2D/BeeBot_JumpUp/Jump_Up_00023.uasset" 3648
"F:/GitHub/SproutScape/SproutScape/Content/Developers/NickvanLuyk/Collections/Core/Animations/2D/BeeBot_JumpUp/Jump_Up_00023.uexp" 3649
"F:/GitHub/SproutScape/SproutScape/Content/Developers/NickvanLuyk/Collections/Core/Animations/2D/BeeBot_JumpUp/Jump_Up_00022.uasset" 3650
"F:/GitHub/SproutScape/SproutScape/Content/Developers/NickvanLuyk/Collections/Core/Animations/2D/BeeBot_JumpUp/Jump_Up_00022.uexp" 3651
"F:/GitHub/SproutScape/SproutScape/Content/Developers/NickvanLuyk/Collections/Core/Animations/2D/BeeBot_JumpUp/Jump_Up_00021.uasset" 3652
"F:/GitHub/SproutScape/SproutScape/Content/Developers/NickvanLuyk/Collections/Core/Animations/2D/BeeBot_JumpUp/Jump_Up_00021.uexp" 3653
"F:/GitHub/SproutScape/SproutScape/Content/Developers/NickvanLuyk/Collections/Core/Animations/2D/BeeBot_JumpUp/Jump_Up_00020.uasset" 3654
"F:/GitHub/SproutScape/SproutScape/Content/Developers/NickvanLuyk/Collections/Core/Animations/2D/BeeBot_JumpUp/Jump_Up_00020.uexp" 3655
"F:/GitHub/SproutScape/SproutScape/Content/Developers/NickvanLuyk/Collections/Core/Animations/2D/BeeBot_JumpUp/Jump_Up_00019.uasset" 3656
"F:/GitHub/SproutScape/SproutScape/Content/Developers/NickvanLuyk/Collections/Core/Animations/2D/BeeBot_JumpUp/Jump_Up_00019.uexp" 3657
"F:/GitHub/SproutScape/SproutScape/Content/Developers/NickvanLuyk/Collections/Core/Animations/2D/BeeBot_JumpUp/Jump_Up_00018.uasset" 3658
"F:/GitHub/SproutScape/SproutScape/Content/Developers/NickvanLuyk/Collections/Core/Animations/2D/BeeBot_JumpUp/Jump_Up_00018.uexp" 3659
"F:/GitHub/SproutScape/SproutScape/Content/Developers/NickvanLuyk/Collections/Core/Animations/2D/BeeBot_JumpUp/Jump_Up_00017.uasset" 3660
"F:/GitHub/SproutScape/SproutScape/Content/Developers/NickvanLuyk/Collections/Core/Animations/2D/BeeBot_JumpUp/Jump_Up_00017.uexp" 3661
"F:/GitHub/SproutScape/SproutScape/Content/Developers/NickvanLuyk/Collections/Core/Animations/2D/BeeBot_JumpUp/Jump_Up_00016.uasset" 3662
"F:/GitHub/SproutScape/SproutScape/Content/Developers/NickvanLuyk/Collections/Core/Animations/2D/BeeBot_JumpUp/Jump_Up_00016.uexp" 3663
"F:/GitHub/SproutScape/SproutScape/Content/Developers/NickvanLuyk/Collections/Core/Animations/2D/BeeBot_JumpUp/Jump_Up_00015.uasset" 3664
"F:/GitHub/SproutScape/SproutScape/Content/Developers/NickvanLuyk/Collections/Core/Animations/2D/BeeBot_JumpUp/Jump_Up_00015.uexp" 3665
"F:/GitHub/SproutScape/SproutScape/Content/Developers/NickvanLuyk/Collections/Core/Animations/2D/BeeBot_JumpUp/Jump_Up_00014.uasset" 3666
"F:/GitHub/SproutScape/SproutScape/Content/Developers/NickvanLuyk/Collections/Core/Animations/2D/BeeBot_JumpUp/Jump_Up_00014.uexp" 3667
"F:/GitHub/SproutScape/SproutScape/Content/Developers/NickvanLuyk/Collections/Core/Animations/2D/BeeBot_JumpUp/Jump_Up_00013.uasset" 3668
"F:/GitHub/SproutScape/SproutScape/Content/Developers/NickvanLuyk/Collections/Core/Animations/2D/BeeBot_JumpUp/Jump_Up_00013.uexp" 3669
"F:/GitHub/SproutScape/SproutScape/Content/Developers/NickvanLuyk/Collections/Core/Animations/2D/BeeBot_JumpUp/Jump_Up_00012.uasset" 3670
"F:/GitHub/SproutScape/SproutScape/Content/Developers/NickvanLuyk/Collections/Core/Animations/2D/BeeBot_JumpUp/Jump_Up_00012.uexp" 3671
"F:/GitHub/SproutScape/SproutScape/Content/Developers/NickvanLuyk/Collections/Core/Animations/2D/BeeBot_JumpUp/Jump_Up_00011.uasset" 3672
"F:/GitHub/SproutScape/SproutScape/Content/Developers/NickvanLuyk/Collections/Core/Animations/2D/BeeBot_JumpUp/Jump_Up_00011.uexp" 3673
"F:/GitHub/SproutScape/SproutScape/Content/Developers/NickvanLuyk/Collections/Core/Animations/2D/BeeBot_JumpUp/Jump_Up_00010.uasset" 3674
"F:/GitHub/SproutScape/SproutScape/Content/Developers/NickvanLuyk/Collections/Core/Animations/2D/BeeBot_JumpUp/Jump_Up_00010.uexp" 3675
"F:/GitHub/SproutScape/SproutScape/Content/Developers/NickvanLuyk/Collections/Core/Animations/2D/BeeBot_JumpUp/Jump_Up_00009.uasset" 3676
"F:/GitHub/SproutScape/SproutScape/Content/Developers/NickvanLuyk/Collections/Core/Animations/2D/BeeBot_JumpUp/Jump_Up_00009.uexp" 3677
"F:/GitHub/SproutScape/SproutScape/Content/Developers/NickvanLuyk/Collections/Core/Animations/2D/BeeBot_JumpUp/Jump_Up_00008.uasset" 3678
"F:/GitHub/SproutScape/SproutScape/Content/Developers/NickvanLuyk/Collections/Core/Animations/2D/BeeBot_JumpUp/Jump_Up_00008.uexp" 3679
"F:/GitHub/SproutScape/SproutScape/Content/Developers/NickvanLuyk/Collections/Core/Animations/2D/BeeBot_JumpUp/Jump_Up_00007.uasset" 3680
"F:/GitHub/SproutScape/SproutScape/Content/Developers/NickvanLuyk/Collections/Core/Animations/2D/BeeBot_JumpUp/Jump_Up_00007.uexp" 3681
"F:/GitHub/SproutScape/SproutScape/Content/Developers/NickvanLuyk/Collections/Core/Animations/2D/BeeBot_JumpUp/Jump_Up_00006.uasset" 3682
"F:/GitHub/SproutScape/SproutScape/Content/Developers/NickvanLuyk/Collections/Core/Animations/2D/BeeBot_JumpUp/Jump_Up_00006.uexp" 3683
"F:/GitHub/SproutScape/SproutScape/Content/Developers/NickvanLuyk/Collections/Core/Animations/2D/BeeBot_JumpUp/Jump_Up_00005.uasset" 3684
"F:/GitHub/SproutScape/SproutScape/Content/Developers/NickvanLuyk/Collections/Core/Animations/2D/BeeBot_JumpUp/Jump_Up_00005.uexp" 3685
"F:/GitHub/SproutScape/SproutScape/Content/Developers/NickvanLuyk/Collections/Core/Animations/2D/BeeBot_JumpUp/Jump_Up_00004.uasset" 3686
"F:/GitHub/SproutScape/SproutScape/Content/Developers/NickvanLuyk/Collections/Core/Animations/2D/BeeBot_JumpUp/Jump_Up_00004.uexp" 3687
"F:/GitHub/SproutScape/SproutScape/Content/Developers/NickvanLuyk/Collections/Core/Animations/2D/BeeBot_JumpUp/Jump_Up_00003.uasset" 3688
"F:/GitHub/SproutScape/SproutScape/Content/Developers/NickvanLuyk/Collections/Core/Animations/2D/BeeBot_JumpUp/Jump_Up_00003.uexp" 3689
"F:/GitHub/SproutScape/SproutScape/Content/Developers/NickvanLuyk/Collections/Core/Animations/2D/BeeBot_JumpUp/Jump_Up_00002.uasset" 3690
"F:/GitHub/SproutScape/SproutScape/Content/Developers/NickvanLuyk/Collections/Core/Animations/2D/BeeBot_JumpUp/Jump_Up_00002.uexp" 3691
"F:/GitHub/SproutScape/SproutScape/Content/Developers/NickvanLuyk/Collections/Core/Animations/2D/BeeBot_JumpUp/Jump_Up_00001.uasset" 3692
"F:/GitHub/SproutScape/SproutScape/Content/Developers/NickvanLuyk/Collections/Core/Animations/2D/BeeBot_JumpUp/Jump_Up_00001.uexp" 3693
"F:/GitHub/SproutScape/SproutScape/Content/Developers/NickvanLuyk/Collections/Core/Animations/2D/BeeBot_JumpUp/Jump_Up_00000.uasset" 3694
"F:/GitHub/SproutScape/SproutScape/Content/Developers/NickvanLuyk/Collections/Core/Animations/2D/BeeBot_JumpUp/Jump_Up_00000.uexp" 3695
"F:/GitHub/SproutScape/SproutScape/Content/Developers/NickvanLuyk/Collections/Core/Animations/2D/BeeBot_Idle/Idle_00060.uasset" 3696
"F:/GitHub/SproutScape/SproutScape/Content/Developers/NickvanLuyk/Collections/Core/Animations/2D/BeeBot_Idle/Idle_00060.uexp" 3697
"F:/GitHub/SproutScape/SproutScape/Content/Developers/NickvanLuyk/Collections/Core/Animations/2D/BeeBot_Idle/Idle_00059.uasset" 3698
"F:/GitHub/SproutScape/SproutScape/Content/Developers/NickvanLuyk/Collections/Core/Animations/2D/BeeBot_Idle/Idle_00059.uexp" 3699
"F:/GitHub/SproutScape/SproutScape/Content/Developers/NickvanLuyk/Collections/Core/Animations/2D/BeeBot_Idle/Idle_00058.uasset" 3700
"F:/GitHub/SproutScape/SproutScape/Content/Developers/NickvanLuyk/Collections/Core/Animations/2D/BeeBot_Idle/Idle_00058.uexp" 3701
"F:/GitHub/SproutScape/SproutScape/Content/Developers/NickvanLuyk/Collections/Core/Animations/2D/BeeBot_Idle/Idle_00057.uasset" 3702
"F:/GitHub/SproutScape/SproutScape/Content/Developers/NickvanLuyk/Collections/Core/Animations/2D/BeeBot_Idle/Idle_00057.uexp" 3703
"F:/GitHub/SproutScape/SproutScape/Content/Developers/NickvanLuyk/Collections/Core/Animations/2D/BeeBot_Idle/Idle_00056.uasset" 3704
"F:/GitHub/SproutScape/SproutScape/Content/Developers/NickvanLuyk/Collections/Core/Animations/2D/BeeBot_Idle/Idle_00056.uexp" 3705
"F:/GitHub/SproutScape/SproutScape/Content/Developers/NickvanLuyk/Collections/Core/Animations/2D/BeeBot_Idle/Idle_00055.uasset" 3706
"F:/GitHub/SproutScape/SproutScape/Content/Developers/NickvanLuyk/Collections/Core/Animations/2D/BeeBot_Idle/Idle_00055.uexp" 3707
"F:/GitHub/SproutScape/SproutScape/Content/Developers/NickvanLuyk/Collections/Core/Animations/2D/BeeBot_Idle/Idle_00054.uasset" 3708
"F:/GitHub/SproutScape/SproutScape/Content/Developers/NickvanLuyk/Collections/Core/Animations/2D/BeeBot_Idle/Idle_00054.uexp" 3709
"F:/GitHub/SproutScape/SproutScape/Content/Developers/NickvanLuyk/Collections/Core/Animations/2D/BeeBot_Idle/Idle_00053.uasset" 3710
"F:/GitHub/SproutScape/SproutScape/Content/Developers/NickvanLuyk/Collections/Core/Animations/2D/BeeBot_Idle/Idle_00053.uexp" 3711
"F:/GitHub/SproutScape/SproutScape/Content/Developers/NickvanLuyk/Collections/Core/Animations/2D/BeeBot_Idle/Idle_00052.uasset" 3712
"F:/GitHub/SproutScape/SproutScape/Content/Developers/NickvanLuyk/Collections/Core/Animations/2D/BeeBot_Idle/Idle_00052.uexp" 3713
"F:/GitHub/SproutScape/SproutScape/Content/Developers/NickvanLuyk/Collections/Core/Animations/2D/BeeBot_Idle/Idle_00051.uasset" 3714
"F:/GitHub/SproutScape/SproutScape/Content/Developers/NickvanLuyk/Collections/Core/Animations/2D/BeeBot_Idle/Idle_00051.uexp" 3715
"F:/GitHub/SproutScape/SproutScape/Content/Developers/NickvanLuyk/Collections/Core/Animations/2D/BeeBot_Idle/Idle_00050.uasset" 3716
"F:/GitHub/SproutScape/SproutScape/Content/Developers/NickvanLuyk/Collections/Core/Animations/2D/BeeBot_Idle/Idle_00050.uexp" 3717
"F:/GitHub/SproutScape/SproutScape/Content/Developers/NickvanLuyk/Collections/Core/Animations/2D/BeeBot_Idle/Idle_00049.uasset" 3718
"F:/GitHub/SproutScape/SproutScape/Content/Developers/NickvanLuyk/Collections/Core/Animations/2D/BeeBot_Idle/Idle_00049.uexp" 3719
"F:/GitHub/SproutScape/SproutScape/Content/Developers/NickvanLuyk/Collections/Core/Animations/2D/BeeBot_Idle/Idle_00048.uasset" 3720
"F:/GitHub/SproutScape/SproutScape/Content/Developers/NickvanLuyk/Collections/Core/Animations/2D/BeeBot_Idle/Idle_00048.uexp" 3721
"F:/GitHub/SproutScape/SproutScape/Content/Developers/NickvanLuyk/Collections/Core/Animations/2D/BeeBot_Idle/Idle_00047.uasset" 3722
"F:/GitHub/SproutScape/SproutScape/Content/Developers/NickvanLuyk/Collections/Core/Animations/2D/BeeBot_Idle/Idle_00047.uexp" 3723
"F:/GitHub/SproutScape/SproutScape/Content/Developers/NickvanLuyk/Collections/Core/Animations/2D/BeeBot_Idle/Idle_00046.uasset" 3724
"F:/GitHub/SproutScape/SproutScape/Content/Developers/NickvanLuyk/Collections/Core/Animations/2D/BeeBot_Idle/Idle_00046.uexp" 3725
"F:/GitHub/SproutScape/SproutScape/Content/Developers/NickvanLuyk/Collections/Core/Animations/2D/BeeBot_Idle/Idle_00045.uasset" 3726
"F:/GitHub/SproutScape/SproutScape/Content/Developers/NickvanLuyk/Collections/Core/Animations/2D/BeeBot_Idle/Idle_00045.uexp" 3727
"F:/GitHub/SproutScape/SproutScape/Content/Developers/NickvanLuyk/Collections/Core/Animations/2D/BeeBot_Idle/Idle_00044.uasset" 3728
"F:/GitHub/SproutScape/SproutScape/Content/Developers/NickvanLuyk/Collections/Core/Animations/2D/BeeBot_Idle/Idle_00044.uexp" 3729
"F:/GitHub/SproutScape/SproutScape/Content/Developers/NickvanLuyk/Collections/Core/Animations/2D/BeeBot_Idle/Idle_00043.uasset" 3730
"F:/GitHub/SproutScape/SproutScape/Content/Developers/NickvanLuyk/Collections/Core/Animations/2D/BeeBot_Idle/Idle_00043.uexp" 3731
"F:/GitHub/SproutScape/SproutScape/Content/Developers/NickvanLuyk/Collections/Core/Animations/2D/BeeBot_Idle/Idle_00042.uasset" 3732
"F:/GitHub/SproutScape/SproutScape/Content/Developers/NickvanLuyk/Collections/Core/Animations/2D/BeeBot_Idle/Idle_00042.uexp" 3733
"F:/GitHub/SproutScape/SproutScape/Content/Developers/NickvanLuyk/Collections/Core/Animations/2D/BeeBot_Idle/Idle_00041.uasset" 3734
"F:/GitHub/SproutScape/SproutScape/Content/Developers/NickvanLuyk/Collections/Core/Animations/2D/BeeBot_Idle/Idle_00041.uexp" 3735
"F:/GitHub/SproutScape/SproutScape/Content/Developers/NickvanLuyk/Collections/Core/Animations/2D/BeeBot_Idle/Idle_00040.uasset" 3736
"F:/GitHub/SproutScape/SproutScape/Content/Developers/NickvanLuyk/Collections/Core/Animations/2D/BeeBot_Idle/Idle_00040.uexp" 3737
"F:/GitHub/SproutScape/SproutScape/Content/Developers/NickvanLuyk/Collections/Core/Animations/2D/BeeBot_Idle/Idle_00039.uasset" 3738
"F:/GitHub/SproutScape/SproutScape/Content/Developers/NickvanLuyk/Collections/Core/Animations/2D/BeeBot_Idle/Idle_00039.uexp" 3739
"F:/GitHub/SproutScape/SproutScape/Content/Developers/NickvanLuyk/Collections/Core/Animations/2D/BeeBot_Idle/Idle_00038.uasset" 3740
"F:/GitHub/SproutScape/SproutScape/Content/Developers/NickvanLuyk/Collections/Core/Animations/2D/BeeBot_Idle/Idle_00038.uexp" 3741
"F:/GitHub/SproutScape/SproutScape/Content/Developers/NickvanLuyk/Collections/Core/Animations/2D/BeeBot_Idle/Idle_00037.uasset" 3742
"F:/GitHub/SproutScape/SproutScape/Content/Developers/NickvanLuyk/Collections/Core/Animations/2D/BeeBot_Idle/Idle_00037.uexp" 3743
"F:/GitHub/SproutScape/SproutScape/Content/Developers/NickvanLuyk/Collections/Core/Animations/2D/BeeBot_Idle/Idle_00036.uasset" 3744
"F:/GitHub/SproutScape/SproutScape/Content/Developers/NickvanLuyk/Collections/Core/Animations/2D/BeeBot_Idle/Idle_00036.uexp" 3745
"F:/GitHub/SproutScape/SproutScape/Content/Developers/NickvanLuyk/Collections/Core/Animations/2D/BeeBot_Idle/Idle_00035.uasset" 3746
"F:/GitHub/SproutScape/SproutScape/Content/Developers/NickvanLuyk/Collections/Core/Animations/2D/BeeBot_Idle/Idle_00035.uexp" 3747
"F:/GitHub/SproutScape/SproutScape/Content/Developers/NickvanLuyk/Collections/Core/Animations/2D/BeeBot_Idle/Idle_00034.uasset" 3748
"F:/GitHub/SproutScape/SproutScape/Content/Developers/NickvanLuyk/Collections/Core/Animations/2D/BeeBot_Idle/Idle_00034.uexp" 3749
"F:/GitHub/SproutScape/SproutScape/Content/Developers/NickvanLuyk/Collections/Core/Animations/2D/BeeBot_Idle/Idle_00033.uasset" 3750
"F:/GitHub/SproutScape/SproutScape/Content/Developers/NickvanLuyk/Collections/Core/Animations/2D/BeeBot_Idle/Idle_00033.uexp" 3751
"F:/GitHub/SproutScape/SproutScape/Content/Developers/NickvanLuyk/Collections/Core/Animations/2D/BeeBot_Idle/Idle_00032.uasset" 3752
"F:/GitHub/SproutScape/SproutScape/Content/Developers/NickvanLuyk/Collections/Core/Animations/2D/BeeBot_Idle/Idle_00032.uexp" 3753
"F:/GitHub/SproutScape/SproutScape/Content/Developers/NickvanLuyk/Collections/Core/Animations/2D/BeeBot_Idle/Idle_00031.uasset" 3754
"F:/GitHub/SproutScape/SproutScape/Content/Developers/NickvanLuyk/Collections/Core/Animations/2D/BeeBot_Idle/Idle_00031.uexp" 3755
"F:/GitHub/SproutScape/SproutScape/Content/Developers/NickvanLuyk/Collections/Core/Animations/2D/BeeBot_Idle/Idle_00030.uasset" 3756
"F:/GitHub/SproutScape/SproutScape/Content/Developers/NickvanLuyk/Collections/Core/Animations/2D/BeeBot_Idle/Idle_00030.uexp" 3757
"F:/GitHub/SproutScape/SproutScape/Content/Developers/NickvanLuyk/Collections/Core/Animations/2D/BeeBot_Idle/Idle_00029.uasset" 3758
"F:/GitHub/SproutScape/SproutScape/Content/Developers/NickvanLuyk/Collections/Core/Animations/2D/BeeBot_Idle/Idle_00029.uexp" 3759
"F:/GitHub/SproutScape/SproutScape/Content/Developers/NickvanLuyk/Collections/Core/Animations/2D/BeeBot_Idle/Idle_00028.uasset" 3760
"F:/GitHub/SproutScape/SproutScape/Content/Developers/NickvanLuyk/Collections/Core/Animations/2D/BeeBot_Idle/Idle_00028.uexp" 3761
"F:/GitHub/SproutScape/SproutScape/Content/Developers/NickvanLuyk/Collections/Core/Animations/2D/BeeBot_Idle/Idle_00027.uasset" 3762
"F:/GitHub/SproutScape/SproutScape/Content/Developers/NickvanLuyk/Collections/Core/Animations/2D/BeeBot_Idle/Idle_00027.uexp" 3763
"F:/GitHub/SproutScape/SproutScape/Content/Developers/NickvanLuyk/Collections/Core/Animations/2D/BeeBot_Idle/Idle_00026.uasset" 3764
"F:/GitHub/SproutScape/SproutScape/Content/Developers/NickvanLuyk/Collections/Core/Animations/2D/BeeBot_Idle/Idle_00026.uexp" 3765
"F:/GitHub/SproutScape/SproutScape/Content/Developers/NickvanLuyk/Collections/Core/Animations/2D/BeeBot_Idle/Idle_00025.uasset" 3766
"F:/GitHub/SproutScape/SproutScape/Content/Developers/NickvanLuyk/Collections/Core/Animations/2D/BeeBot_Idle/Idle_00025.uexp" 3767
"F:/GitHub/SproutScape/SproutScape/Content/Developers/NickvanLuyk/Collections/Core/Animations/2D/BeeBot_Idle/Idle_00024.uasset" 3768
"F:/GitHub/SproutScape/SproutScape/Content/Developers/NickvanLuyk/Collections/Core/Animations/2D/BeeBot_Idle/Idle_00024.uexp" 3769
"F:/GitHub/SproutScape/SproutScape/Content/Developers/NickvanLuyk/Collections/Core/Animations/2D/BeeBot_Idle/Idle_00023.uasset" 3770
"F:/GitHub/SproutScape/SproutScape/Content/Developers/NickvanLuyk/Collections/Core/Animations/2D/BeeBot_Idle/Idle_00023.uexp" 3771
"F:/GitHub/SproutScape/SproutScape/Content/Developers/NickvanLuyk/Collections/Core/Animations/2D/BeeBot_Idle/Idle_00022.uasset" 3772
"F:/GitHub/SproutScape/SproutScape/Content/Developers/NickvanLuyk/Collections/Core/Animations/2D/BeeBot_Idle/Idle_00022.uexp" 3773
"F:/GitHub/SproutScape/SproutScape/Content/Developers/NickvanLuyk/Collections/Core/Animations/2D/BeeBot_Idle/Idle_00021.uasset" 3774
"F:/GitHub/SproutScape/SproutScape/Content/Developers/NickvanLuyk/Collections/Core/Animations/2D/BeeBot_Idle/Idle_00021.uexp" 3775
"F:/GitHub/SproutScape/SproutScape/Content/Developers/NickvanLuyk/Collections/Core/Animations/2D/BeeBot_Idle/Idle_00020.uasset" 3776
"F:/GitHub/SproutScape/SproutScape/Content/Developers/NickvanLuyk/Collections/Core/Animations/2D/BeeBot_Idle/Idle_00020.uexp" 3777
"F:/GitHub/SproutScape/SproutScape/Content/Developers/NickvanLuyk/Collections/Core/Animations/2D/BeeBot_Idle/Idle_00019.uasset" 3778
"F:/GitHub/SproutScape/SproutScape/Content/Developers/NickvanLuyk/Collections/Core/Animations/2D/BeeBot_Idle/Idle_00019.uexp" 3779
"F:/GitHub/SproutScape/SproutScape/Content/Developers/NickvanLuyk/Collections/Core/Animations/2D/BeeBot_Idle/Idle_00018.uasset" 3780
"F:/GitHub/SproutScape/SproutScape/Content/Developers/NickvanLuyk/Collections/Core/Animations/2D/BeeBot_Idle/Idle_00018.uexp" 3781
"F:/GitHub/SproutScape/SproutScape/Content/Developers/NickvanLuyk/Collections/Core/Animations/2D/BeeBot_Idle/Idle_00017.uasset" 3782
"F:/GitHub/SproutScape/SproutScape/Content/Developers/NickvanLuyk/Collections/Core/Animations/2D/BeeBot_Idle/Idle_00017.uexp" 3783
"F:/GitHub/SproutScape/SproutScape/Content/Developers/NickvanLuyk/Collections/Core/Animations/2D/BeeBot_Idle/Idle_00016.uasset" 3784
"F:/GitHub/SproutScape/SproutScape/Content/Developers/NickvanLuyk/Collections/Core/Animations/2D/BeeBot_Idle/Idle_00016.uexp" 3785
"F:/GitHub/SproutScape/SproutScape/Content/Developers/NickvanLuyk/Collections/Core/Animations/2D/BeeBot_Idle/Idle_00015.uasset" 3786
"F:/GitHub/SproutScape/SproutScape/Content/Developers/NickvanLuyk/Collections/Core/Animations/2D/BeeBot_Idle/Idle_00015.uexp" 3787
"F:/GitHub/SproutScape/SproutScape/Content/Developers/NickvanLuyk/Collections/Core/Animations/2D/BeeBot_Idle/Idle_00014.uasset" 3788
"F:/GitHub/SproutScape/SproutScape/Content/Developers/NickvanLuyk/Collections/Core/Animations/2D/BeeBot_Idle/Idle_00014.uexp" 3789
"F:/GitHub/SproutScape/SproutScape/Content/Developers/NickvanLuyk/Collections/Core/Animations/2D/BeeBot_Idle/Idle_00013.uasset" 3790
"F:/GitHub/SproutScape/SproutScape/Content/Developers/NickvanLuyk/Collections/Core/Animations/2D/BeeBot_Idle/Idle_00013.uexp" 3791
"F:/GitHub/SproutScape/SproutScape/Content/Developers/NickvanLuyk/Collections/Core/Animations/2D/BeeBot_Idle/Idle_00012.uasset" 3792
"F:/GitHub/SproutScape/SproutScape/Content/Developers/NickvanLuyk/Collections/Core/Animations/2D/BeeBot_Idle/Idle_00012.uexp" 3793
"F:/GitHub/SproutScape/SproutScape/Content/Developers/NickvanLuyk/Collections/Core/Animations/2D/BeeBot_Idle/Idle_00011.uasset" 3794
"F:/GitHub/SproutScape/SproutScape/Content/Developers/NickvanLuyk/Collections/Core/Animations/2D/BeeBot_Idle/Idle_00011.uexp" 3795
"F:/GitHub/SproutScape/SproutScape/Content/Developers/NickvanLuyk/Collections/Core/Animations/2D/BeeBot_Idle/Idle_00010.uasset" 3796
"F:/GitHub/SproutScape/SproutScape/Content/Developers/NickvanLuyk/Collections/Core/Animations/2D/BeeBot_Idle/Idle_00010.uexp" 3797
"F:/GitHub/SproutScape/SproutScape/Content/Developers/NickvanLuyk/Collections/Core/Animations/2D/BeeBot_Idle/Idle_00009.uasset" 3798
"F:/GitHub/SproutScape/SproutScape/Content/Developers/NickvanLuyk/Collections/Core/Animations/2D/BeeBot_Idle/Idle_00009.uexp" 3799
"F:/GitHub/SproutScape/SproutScape/Content/Developers/NickvanLuyk/Collections/Core/Animations/2D/BeeBot_Idle/Idle_00008.uasset" 3800
"F:/GitHub/SproutScape/SproutScape/Content/Developers/NickvanLuyk/Collections/Core/Animations/2D/BeeBot_Idle/Idle_00008.uexp" 3801
"F:/GitHub/SproutScape/SproutScape/Content/Developers/NickvanLuyk/Collections/Core/Animations/2D/BeeBot_Idle/Idle_00007.uasset" 3802
"F:/GitHub/SproutScape/SproutScape/Content/Developers/NickvanLuyk/Collections/Core/Animations/2D/BeeBot_Idle/Idle_00007.uexp" 3803
"F:/GitHub/SproutScape/SproutScape/Content/Developers/NickvanLuyk/Collections/Core/Animations/2D/BeeBot_Idle/Idle_00006.uasset" 3804
"F:/GitHub/SproutScape/SproutScape/Content/Developers/NickvanLuyk/Collections/Core/Animations/2D/BeeBot_Idle/Idle_00006.uexp" 3805
"F:/GitHub/SproutScape/SproutScape/Content/Developers/NickvanLuyk/Collections/Core/Animations/2D/BeeBot_Idle/Idle_00005.uasset" 3806
"F:/GitHub/SproutScape/SproutScape/Content/Developers/NickvanLuyk/Collections/Core/Animations/2D/BeeBot_Idle/Idle_00005.uexp" 3807
"F:/GitHub/SproutScape/SproutScape/Content/Developers/NickvanLuyk/Collections/Core/Animations/2D/BeeBot_Idle/Idle_00004.uasset" 3808
"F:/GitHub/SproutScape/SproutScape/Content/Developers/NickvanLuyk/Collections/Core/Animations/2D/BeeBot_Idle/Idle_00004.uexp" 3809
"F:/GitHub/SproutScape/SproutScape/Content/Developers/NickvanLuyk/Collections/Core/Animations/2D/BeeBot_Idle/Idle_00003.uasset" 3810
"F:/GitHub/SproutScape/SproutScape/Content/Developers/NickvanLuyk/Collections/Core/Animations/2D/BeeBot_Idle/Idle_00003.uexp" 3811
"F:/GitHub/SproutScape/SproutScape/Content/Developers/NickvanLuyk/Collections/Core/Animations/2D/BeeBot_Idle/Idle_00002.uasset" 3812
"F:/GitHub/SproutScape/SproutScape/Content/Developers/NickvanLuyk/Collections/Core/Animations/2D/BeeBot_Idle/Idle_00002.uexp" 3813
"F:/GitHub/SproutScape/SproutScape/Content/Developers/NickvanLuyk/Collections/Core/Animations/2D/BeeBot_Idle/Idle_00001.uasset" 3814
"F:/GitHub/SproutScape/SproutScape/Content/Developers/NickvanLuyk/Collections/Core/Animations/2D/BeeBot_Idle/Idle_00001.uexp" 3815
"F:/GitHub/SproutScape/SproutScape/Content/Developers/NickvanLuyk/Collections/Core/Animations/2D/BeeBot_Idle/Idle_00000.uasset" 3816
"F:/GitHub/SproutScape/SproutScape/Content/Developers/NickvanLuyk/Collections/Core/Animations/2D/BeeBot_Idle/Idle_00000.uexp" 3817
"F:/GitHub/SproutScape/SproutScape/Content/Developers/basde/Collections/SproutScapeDevFolderBas/Core/BLueprints/Pawns/BP_LobbyPawn.uasset" 3818
"F:/GitHub/SproutScape/SproutScape/Content/Developers/basde/Collections/SproutScapeDevFolderBas/Core/BLueprints/Pawns/BP_LobbyPawn.uexp" 3819
"F:/GitHub/SproutScape/SproutScape/Content/LevelPrototyping/Textures/T_GridChecker_A.ubulk" 3820
"F:/GitHub/SproutScape/SproutScape/Content/LevelPrototyping/Textures/T_GridChecker_A.uasset" 3821
"F:/GitHub/SproutScape/SproutScape/Content/LevelPrototyping/Textures/T_GridChecker_A.uexp" 3822
"../../../Engine/Content/Functions/Engine_MaterialFunctions02/Utility/MakeFloat3.uasset" 3823
"../../../Engine/Content/Functions/Engine_MaterialFunctions02/Utility/MakeFloat3.uexp" 3824
"../../../Engine/Content/Functions/Engine_MaterialFunctions01/Gradient/LinearGradient.uasset" 3825
"../../../Engine/Content/Functions/Engine_MaterialFunctions01/Gradient/LinearGradient.uexp" 3826
"../../../Engine/Content/Functions/Engine_MaterialFunctions01/ImageAdjustment/CheapContrast.uasset" 3827
"../../../Engine/Content/Functions/Engine_MaterialFunctions01/ImageAdjustment/CheapContrast.uexp" 3828
"../../../Engine/Content/Functions/Engine_MaterialFunctions02/Utility/BreakOutFloat3Components.uasset" 3829
"../../../Engine/Content/Functions/Engine_MaterialFunctions02/Utility/BreakOutFloat3Components.uexp" 3830
"F:/GitHub/SproutScape/SproutScape/Content/LevelPrototyping/Materials/MF_ProcGrid.uasset" 3831
"F:/GitHub/SproutScape/SproutScape/Content/LevelPrototyping/Materials/MF_ProcGrid.uexp" 3832
"F:/GitHub/SproutScape/SproutScape/Content/LevelPrototyping/Materials/M_PrototypeGrid.uasset" 3833
"F:/GitHub/SproutScape/SproutScape/Content/LevelPrototyping/Materials/M_PrototypeGrid.uexp" 3834
"F:/GitHub/SproutScape/SproutScape/Content/Developers/edrik/Materials/M_Ground1.uasset" 3835
"F:/GitHub/SproutScape/SproutScape/Content/Developers/edrik/Materials/M_Ground1.uexp" 3836
"../../../Engine/Content/Functions/Engine_MaterialFunctions02/Utility/VectorToRadialValue.uasset" 3837
"../../../Engine/Content/Functions/Engine_MaterialFunctions02/Utility/VectorToRadialValue.uexp" 3838
"../../../Engine/Content/Functions/Engine_MaterialFunctions01/Density/ExponentialDensity.uasset" 3839
"../../../Engine/Content/Functions/Engine_MaterialFunctions01/Density/ExponentialDensity.uexp" 3840
"../../../Engine/Content/Functions/Engine_MaterialFunctions01/Gradient/RadialGradientExponential.uasset" 3841
"../../../Engine/Content/Functions/Engine_MaterialFunctions01/Gradient/RadialGradientExponential.uexp" 3842
"F:/GitHub/SproutScape/SproutScape/Content/Developers/edrik/Materials/M_RoundProgressBar.uasset" 3843
"F:/GitHub/SproutScape/SproutScape/Content/Developers/edrik/Materials/M_RoundProgressBar.uexp" 3844
"F:/GitHub/SproutScape/SproutScape/Content/Developers/edrik/Materials/M_RoundProgressBar_Inst.uasset" 3845
"F:/GitHub/SproutScape/SproutScape/Content/Developers/edrik/Materials/M_RoundProgressBar_Inst.uexp" 3846
"F:/GitHub/SproutScape/SproutScape/Content/Developers/edrik/BluePrints/Interaction/WBP_HoldInteractionPrompt.uasset" 3847
"F:/GitHub/SproutScape/SproutScape/Content/Developers/edrik/BluePrints/Interaction/WBP_HoldInteractionPrompt.uexp" 3848
"F:/GitHub/SproutScape/SproutScape/Content/Developers/edrik/BluePrints/Interaction/BP_interactableObjToHold.uasset" 3849
"F:/GitHub/SproutScape/SproutScape/Content/Developers/edrik/BluePrints/Interaction/BP_interactableObjToHold.uexp" 3850
"F:/GitHub/SproutScape/SproutScape/Content/Developers/basde/Collections/SproutScapeDevFolderBas/Core/BLueprints/Interaction/BP_interactableObjToHold.uasset" 3851
"F:/GitHub/SproutScape/SproutScape/Content/Developers/basde/Collections/SproutScapeDevFolderBas/Core/BLueprints/Interaction/BP_interactableObjToHold.uexp" 3852
"F:/GitHub/SproutScape/SproutScape/Content/Developers/basde/Collections/SproutScapeDevFolderBas/Core/BLueprints/Interaction/BP_interactableObj.uasset" 3853
"F:/GitHub/SproutScape/SproutScape/Content/Developers/basde/Collections/SproutScapeDevFolderBas/Core/BLueprints/Interaction/BP_interactableObj.uexp" 3854
"F:/GitHub/SproutScape/SproutScape/Content/Developers/basde/Collections/SproutScapeDevFolderBas/Core/BLueprints/Interaction/BP_Button.uasset" 3855
"F:/GitHub/SproutScape/SproutScape/Content/Developers/basde/Collections/SproutScapeDevFolderBas/Core/BLueprints/Interaction/BP_Button.uexp" 3856
"F:/GitHub/SproutScape/SproutScape/Content/Developers/basde/Collections/SproutScapeDevFolderBas/Core/BLueprints/BP/BP_Trowing.uasset" 3857
"F:/GitHub/SproutScape/SproutScape/Content/Developers/basde/Collections/SproutScapeDevFolderBas/Core/BLueprints/BP/BP_Trowing.uexp" 3858
"F:/GitHub/SproutScape/SproutScape/Content/Developers/basde/Collections/SproutScapeDevFolderBas/Core/BLueprints/BP/BP_intractablee.uasset" 3859
"F:/GitHub/SproutScape/SproutScape/Content/Developers/basde/Collections/SproutScapeDevFolderBas/Core/BLueprints/BP/BP_intractablee.uexp" 3860
"F:/GitHub/SproutScape/SproutScape/Content/Developers/basde/Collections/SproutScapeDevFolderBas/Core/BLueprints/BP/BPC_3DMOve.uasset" 3861
"F:/GitHub/SproutScape/SproutScape/Content/Developers/basde/Collections/SproutScapeDevFolderBas/Core/BLueprints/BP/BPC_3DMOve.uexp" 3862
"F:/GitHub/SproutScape/SproutScape/Content/Developers/basde/Collections/SproutScapeDevFolderBas/Core/Assets/Drone2DAnims/trow/BeeBot_Throw/With_Ball/Throw_WithBall_00138.uasset" 3863
"F:/GitHub/SproutScape/SproutScape/Content/Developers/basde/Collections/SproutScapeDevFolderBas/Core/Assets/Drone2DAnims/trow/BeeBot_Throw/With_Ball/Throw_WithBall_00138.uexp" 3864
"F:/GitHub/SproutScape/SproutScape/Content/Developers/basde/Collections/SproutScapeDevFolderBas/Core/Assets/Drone2DAnims/trow/BeeBot_Throw/With_Ball/Throw_WithBall_00137.uasset" 3865
"F:/GitHub/SproutScape/SproutScape/Content/Developers/basde/Collections/SproutScapeDevFolderBas/Core/Assets/Drone2DAnims/trow/BeeBot_Throw/With_Ball/Throw_WithBall_00137.uexp" 3866
"F:/GitHub/SproutScape/SproutScape/Content/Developers/basde/Collections/SproutScapeDevFolderBas/Core/Assets/Drone2DAnims/trow/BeeBot_Throw/With_Ball/Throw_WithBall_00136.uasset" 3867
"F:/GitHub/SproutScape/SproutScape/Content/Developers/basde/Collections/SproutScapeDevFolderBas/Core/Assets/Drone2DAnims/trow/BeeBot_Throw/With_Ball/Throw_WithBall_00136.uexp" 3868
"F:/GitHub/SproutScape/SproutScape/Content/Developers/basde/Collections/SproutScapeDevFolderBas/Core/Assets/Drone2DAnims/trow/BeeBot_Throw/With_Ball/Throw_WithBall_00135.uasset" 3869
"F:/GitHub/SproutScape/SproutScape/Content/Developers/basde/Collections/SproutScapeDevFolderBas/Core/Assets/Drone2DAnims/trow/BeeBot_Throw/With_Ball/Throw_WithBall_00135.uexp" 3870
"F:/GitHub/SproutScape/SproutScape/Content/Developers/basde/Collections/SproutScapeDevFolderBas/Core/Assets/Drone2DAnims/trow/BeeBot_Throw/With_Ball/Throw_WithBall_00134.uasset" 3871
"F:/GitHub/SproutScape/SproutScape/Content/Developers/basde/Collections/SproutScapeDevFolderBas/Core/Assets/Drone2DAnims/trow/BeeBot_Throw/With_Ball/Throw_WithBall_00134.uexp" 3872
"F:/GitHub/SproutScape/SproutScape/Content/Developers/basde/Collections/SproutScapeDevFolderBas/Core/Assets/Drone2DAnims/trow/BeeBot_Throw/With_Ball/Throw_WithBall_00133.uasset" 3873
"F:/GitHub/SproutScape/SproutScape/Content/Developers/basde/Collections/SproutScapeDevFolderBas/Core/Assets/Drone2DAnims/trow/BeeBot_Throw/With_Ball/Throw_WithBall_00133.uexp" 3874
"F:/GitHub/SproutScape/SproutScape/Content/Developers/basde/Collections/SproutScapeDevFolderBas/Core/Assets/Drone2DAnims/trow/BeeBot_Throw/With_Ball/Throw_WithBall_00132.uasset" 3875
"F:/GitHub/SproutScape/SproutScape/Content/Developers/basde/Collections/SproutScapeDevFolderBas/Core/Assets/Drone2DAnims/trow/BeeBot_Throw/With_Ball/Throw_WithBall_00132.uexp" 3876
"F:/GitHub/SproutScape/SproutScape/Content/Developers/basde/Collections/SproutScapeDevFolderBas/Core/Assets/Drone2DAnims/trow/BeeBot_Throw/With_Ball/Throw_WithBall_00131.uasset" 3877
"F:/GitHub/SproutScape/SproutScape/Content/Developers/basde/Collections/SproutScapeDevFolderBas/Core/Assets/Drone2DAnims/trow/BeeBot_Throw/With_Ball/Throw_WithBall_00131.uexp" 3878
"F:/GitHub/SproutScape/SproutScape/Content/Developers/basde/Collections/SproutScapeDevFolderBas/Core/Assets/Drone2DAnims/trow/BeeBot_Throw/With_Ball/Throw_WithBall_00130.uasset" 3879
"F:/GitHub/SproutScape/SproutScape/Content/Developers/basde/Collections/SproutScapeDevFolderBas/Core/Assets/Drone2DAnims/trow/BeeBot_Throw/With_Ball/Throw_WithBall_00130.uexp" 3880
"F:/GitHub/SproutScape/SproutScape/Content/Developers/basde/Collections/SproutScapeDevFolderBas/Core/Assets/Drone2DAnims/trow/BeeBot_Throw/With_Ball/Throw_WithBall_00129.uasset" 3881
"F:/GitHub/SproutScape/SproutScape/Content/Developers/basde/Collections/SproutScapeDevFolderBas/Core/Assets/Drone2DAnims/trow/BeeBot_Throw/With_Ball/Throw_WithBall_00129.uexp" 3882
"F:/GitHub/SproutScape/SproutScape/Content/Developers/basde/Collections/SproutScapeDevFolderBas/Core/Assets/Drone2DAnims/trow/BeeBot_Throw/With_Ball/Throw_WithBall_00128.uasset" 3883
"F:/GitHub/SproutScape/SproutScape/Content/Developers/basde/Collections/SproutScapeDevFolderBas/Core/Assets/Drone2DAnims/trow/BeeBot_Throw/With_Ball/Throw_WithBall_00128.uexp" 3884
"F:/GitHub/SproutScape/SproutScape/Content/Developers/basde/Collections/SproutScapeDevFolderBas/Core/Assets/Drone2DAnims/trow/BeeBot_Throw/With_Ball/Throw_WithBall_00127.uasset" 3885
"F:/GitHub/SproutScape/SproutScape/Content/Developers/basde/Collections/SproutScapeDevFolderBas/Core/Assets/Drone2DAnims/trow/BeeBot_Throw/With_Ball/Throw_WithBall_00127.uexp" 3886
"F:/GitHub/SproutScape/SproutScape/Content/Developers/basde/Collections/SproutScapeDevFolderBas/Core/Assets/Drone2DAnims/trow/BeeBot_Throw/With_Ball/Throw_WithBall_00126.uasset" 3887
"F:/GitHub/SproutScape/SproutScape/Content/Developers/basde/Collections/SproutScapeDevFolderBas/Core/Assets/Drone2DAnims/trow/BeeBot_Throw/With_Ball/Throw_WithBall_00126.uexp" 3888
"F:/GitHub/SproutScape/SproutScape/Content/Developers/basde/Collections/SproutScapeDevFolderBas/Core/Assets/Drone2DAnims/trow/BeeBot_Throw/With_Ball/Throw_WithBall_00125.uasset" 3889
"F:/GitHub/SproutScape/SproutScape/Content/Developers/basde/Collections/SproutScapeDevFolderBas/Core/Assets/Drone2DAnims/trow/BeeBot_Throw/With_Ball/Throw_WithBall_00125.uexp" 3890
"F:/GitHub/SproutScape/SproutScape/Content/Developers/basde/Collections/SproutScapeDevFolderBas/Core/Assets/Drone2DAnims/trow/BeeBot_Throw/With_Ball/Throw_WithBall_00124.uasset" 3891
"F:/GitHub/SproutScape/SproutScape/Content/Developers/basde/Collections/SproutScapeDevFolderBas/Core/Assets/Drone2DAnims/trow/BeeBot_Throw/With_Ball/Throw_WithBall_00124.uexp" 3892
"F:/GitHub/SproutScape/SproutScape/Content/Developers/basde/Collections/SproutScapeDevFolderBas/Core/Assets/Drone2DAnims/trow/BeeBot_Throw/With_Ball/Throw_WithBall_00123.uasset" 3893
"F:/GitHub/SproutScape/SproutScape/Content/Developers/basde/Collections/SproutScapeDevFolderBas/Core/Assets/Drone2DAnims/trow/BeeBot_Throw/With_Ball/Throw_WithBall_00123.uexp" 3894
"F:/GitHub/SproutScape/SproutScape/Content/Developers/basde/Collections/SproutScapeDevFolderBas/Core/Assets/Drone2DAnims/trow/BeeBot_Throw/With_Ball/Throw_WithBall_00122.uasset" 3895
"F:/GitHub/SproutScape/SproutScape/Content/Developers/basde/Collections/SproutScapeDevFolderBas/Core/Assets/Drone2DAnims/trow/BeeBot_Throw/With_Ball/Throw_WithBall_00122.uexp" 3896
"F:/GitHub/SproutScape/SproutScape/Content/Developers/basde/Collections/SproutScapeDevFolderBas/Core/Assets/Drone2DAnims/trow/BeeBot_Throw/With_Ball/Throw_WithBall_00121.uasset" 3897
"F:/GitHub/SproutScape/SproutScape/Content/Developers/basde/Collections/SproutScapeDevFolderBas/Core/Assets/Drone2DAnims/trow/BeeBot_Throw/With_Ball/Throw_WithBall_00121.uexp" 3898
"F:/GitHub/SproutScape/SproutScape/Content/Developers/basde/Collections/SproutScapeDevFolderBas/Core/Assets/Drone2DAnims/trow/BeeBot_Throw/With_Ball/Throw_WithBall_00120.uasset" 3899
"F:/GitHub/SproutScape/SproutScape/Content/Developers/basde/Collections/SproutScapeDevFolderBas/Core/Assets/Drone2DAnims/trow/BeeBot_Throw/With_Ball/Throw_WithBall_00120.uexp" 3900
"F:/GitHub/SproutScape/SproutScape/Content/Developers/basde/Collections/SproutScapeDevFolderBas/Core/Assets/Drone2DAnims/trow/BeeBot_Throw/With_Ball/Throw_WithBall_00119.uasset" 3901
"F:/GitHub/SproutScape/SproutScape/Content/Developers/basde/Collections/SproutScapeDevFolderBas/Core/Assets/Drone2DAnims/trow/BeeBot_Throw/With_Ball/Throw_WithBall_00119.uexp" 3902
"F:/GitHub/SproutScape/SproutScape/Content/Developers/basde/Collections/SproutScapeDevFolderBas/Core/Assets/Drone2DAnims/trow/BeeBot_Throw/With_Ball/Throw_WithBall_00118.uasset" 3903
"F:/GitHub/SproutScape/SproutScape/Content/Developers/basde/Collections/SproutScapeDevFolderBas/Core/Assets/Drone2DAnims/trow/BeeBot_Throw/With_Ball/Throw_WithBall_00118.uexp" 3904
"F:/GitHub/SproutScape/SproutScape/Content/Developers/basde/Collections/SproutScapeDevFolderBas/Core/Assets/Drone2DAnims/trow/BeeBot_Throw/With_Ball/Throw_WithBall_00117.uasset" 3905
"F:/GitHub/SproutScape/SproutScape/Content/Developers/basde/Collections/SproutScapeDevFolderBas/Core/Assets/Drone2DAnims/trow/BeeBot_Throw/With_Ball/Throw_WithBall_00117.uexp" 3906
"F:/GitHub/SproutScape/SproutScape/Content/Developers/basde/Collections/SproutScapeDevFolderBas/Core/Assets/Drone2DAnims/trow/BeeBot_Throw/With_Ball/Throw_WithBall_00116.uasset" 3907
"F:/GitHub/SproutScape/SproutScape/Content/Developers/basde/Collections/SproutScapeDevFolderBas/Core/Assets/Drone2DAnims/trow/BeeBot_Throw/With_Ball/Throw_WithBall_00116.uexp" 3908
"F:/GitHub/SproutScape/SproutScape/Content/Developers/basde/Collections/SproutScapeDevFolderBas/Core/Assets/Drone2DAnims/trow/BeeBot_Throw/With_Ball/Throw_WithBall_00115.uasset" 3909
"F:/GitHub/SproutScape/SproutScape/Content/Developers/basde/Collections/SproutScapeDevFolderBas/Core/Assets/Drone2DAnims/trow/BeeBot_Throw/With_Ball/Throw_WithBall_00115.uexp" 3910
"F:/GitHub/SproutScape/SproutScape/Content/Developers/basde/Collections/SproutScapeDevFolderBas/Core/Assets/Drone2DAnims/trow/BeeBot_Throw/With_Ball/Throw_WithBall_00114.uasset" 3911
"F:/GitHub/SproutScape/SproutScape/Content/Developers/basde/Collections/SproutScapeDevFolderBas/Core/Assets/Drone2DAnims/trow/BeeBot_Throw/With_Ball/Throw_WithBall_00114.uexp" 3912
"F:/GitHub/SproutScape/SproutScape/Content/Developers/basde/Collections/SproutScapeDevFolderBas/Core/Assets/Drone2DAnims/trow/BeeBot_Throw/With_Ball/Throw_WithBall_00113.uasset" 3913
"F:/GitHub/SproutScape/SproutScape/Content/Developers/basde/Collections/SproutScapeDevFolderBas/Core/Assets/Drone2DAnims/trow/BeeBot_Throw/With_Ball/Throw_WithBall_00113.uexp" 3914
"F:/GitHub/SproutScape/SproutScape/Content/Developers/basde/Collections/SproutScapeDevFolderBas/Core/Assets/Drone2DAnims/trow/BeeBot_Throw/With_Ball/Throw_WithBall_00112.uasset" 3915
"F:/GitHub/SproutScape/SproutScape/Content/Developers/basde/Collections/SproutScapeDevFolderBas/Core/Assets/Drone2DAnims/trow/BeeBot_Throw/With_Ball/Throw_WithBall_00112.uexp" 3916
"F:/GitHub/SproutScape/SproutScape/Content/Developers/basde/Collections/SproutScapeDevFolderBas/Core/Assets/Drone2DAnims/trow/BeeBot_Throw/With_Ball/Throw_WithBall_00111.uasset" 3917
"F:/GitHub/SproutScape/SproutScape/Content/Developers/basde/Collections/SproutScapeDevFolderBas/Core/Assets/Drone2DAnims/trow/BeeBot_Throw/With_Ball/Throw_WithBall_00111.uexp" 3918
"F:/GitHub/SproutScape/SproutScape/Content/Developers/basde/Collections/SproutScapeDevFolderBas/Core/Assets/Drone2DAnims/trow/BeeBot_Throw/With_Ball/Throw_WithBall_00110.uasset" 3919
"F:/GitHub/SproutScape/SproutScape/Content/Developers/basde/Collections/SproutScapeDevFolderBas/Core/Assets/Drone2DAnims/trow/BeeBot_Throw/With_Ball/Throw_WithBall_00110.uexp" 3920
"F:/GitHub/SproutScape/SproutScape/Content/Developers/basde/Collections/SproutScapeDevFolderBas/Core/Assets/Drone2DAnims/trow/BeeBot_Throw/With_Ball/Throw_WithBall_00109.uasset" 3921
"F:/GitHub/SproutScape/SproutScape/Content/Developers/basde/Collections/SproutScapeDevFolderBas/Core/Assets/Drone2DAnims/trow/BeeBot_Throw/With_Ball/Throw_WithBall_00109.uexp" 3922
"F:/GitHub/SproutScape/SproutScape/Content/Developers/basde/Collections/SproutScapeDevFolderBas/Core/Assets/Drone2DAnims/trow/BeeBot_Throw/With_Ball/Throw_WithBall_00108.uasset" 3923
"F:/GitHub/SproutScape/SproutScape/Content/Developers/basde/Collections/SproutScapeDevFolderBas/Core/Assets/Drone2DAnims/trow/BeeBot_Throw/With_Ball/Throw_WithBall_00108.uexp" 3924
"F:/GitHub/SproutScape/SproutScape/Content/Developers/basde/Collections/SproutScapeDevFolderBas/Core/Assets/Drone2DAnims/trow/BeeBot_Throw/With_Ball/Throw_WithBall_00107.uasset" 3925
"F:/GitHub/SproutScape/SproutScape/Content/Developers/basde/Collections/SproutScapeDevFolderBas/Core/Assets/Drone2DAnims/trow/BeeBot_Throw/With_Ball/Throw_WithBall_00107.uexp" 3926
"F:/GitHub/SproutScape/SproutScape/Content/Developers/basde/Collections/SproutScapeDevFolderBas/Core/Assets/Drone2DAnims/trow/BeeBot_Throw/With_Ball/Throw_WithBall_00106.uasset" 3927
"F:/GitHub/SproutScape/SproutScape/Content/Developers/basde/Collections/SproutScapeDevFolderBas/Core/Assets/Drone2DAnims/trow/BeeBot_Throw/With_Ball/Throw_WithBall_00106.uexp" 3928
"F:/GitHub/SproutScape/SproutScape/Content/Developers/basde/Collections/SproutScapeDevFolderBas/Core/Assets/Drone2DAnims/trow/BeeBot_Throw/With_Ball/Throw_WithBall_00105.uasset" 3929
"F:/GitHub/SproutScape/SproutScape/Content/Developers/basde/Collections/SproutScapeDevFolderBas/Core/Assets/Drone2DAnims/trow/BeeBot_Throw/With_Ball/Throw_WithBall_00105.uexp" 3930
"F:/GitHub/SproutScape/SproutScape/Content/Developers/basde/Collections/SproutScapeDevFolderBas/Core/Assets/Drone2DAnims/trow/BeeBot_Throw/With_Ball/Throw_WithBall_00104.uasset" 3931
"F:/GitHub/SproutScape/SproutScape/Content/Developers/basde/Collections/SproutScapeDevFolderBas/Core/Assets/Drone2DAnims/trow/BeeBot_Throw/With_Ball/Throw_WithBall_00104.uexp" 3932
"F:/GitHub/SproutScape/SproutScape/Content/Developers/basde/Collections/SproutScapeDevFolderBas/Core/Assets/Drone2DAnims/trow/BeeBot_Throw/With_Ball/Throw_WithBall_00103.uasset" 3933
"F:/GitHub/SproutScape/SproutScape/Content/Developers/basde/Collections/SproutScapeDevFolderBas/Core/Assets/Drone2DAnims/trow/BeeBot_Throw/With_Ball/Throw_WithBall_00103.uexp" 3934
"F:/GitHub/SproutScape/SproutScape/Content/Developers/basde/Collections/SproutScapeDevFolderBas/Core/Assets/Drone2DAnims/trow/BeeBot_Throw/With_Ball/Throw_WithBall_00102.uasset" 3935
"F:/GitHub/SproutScape/SproutScape/Content/Developers/basde/Collections/SproutScapeDevFolderBas/Core/Assets/Drone2DAnims/trow/BeeBot_Throw/With_Ball/Throw_WithBall_00102.uexp" 3936
"F:/GitHub/SproutScape/SproutScape/Content/Developers/basde/Collections/SproutScapeDevFolderBas/Core/Assets/Drone2DAnims/trow/BeeBot_Throw/With_Ball/Throw_WithBall_00101.uasset" 3937
"F:/GitHub/SproutScape/SproutScape/Content/Developers/basde/Collections/SproutScapeDevFolderBas/Core/Assets/Drone2DAnims/trow/BeeBot_Throw/With_Ball/Throw_WithBall_00101.uexp" 3938
"F:/GitHub/SproutScape/SproutScape/Content/Developers/basde/Collections/SproutScapeDevFolderBas/Core/Assets/Drone2DAnims/trow/BeeBot_Throw/With_Ball/Throw_WithBall_00100.uasset" 3939
"F:/GitHub/SproutScape/SproutScape/Content/Developers/basde/Collections/SproutScapeDevFolderBas/Core/Assets/Drone2DAnims/trow/BeeBot_Throw/With_Ball/Throw_WithBall_00100.uexp" 3940
"F:/GitHub/SproutScape/SproutScape/Content/Developers/basde/Collections/SproutScapeDevFolderBas/Core/Assets/Drone2DAnims/trow/BeeBot_Throw/With_Ball/Throw_WithBall_00099.uasset" 3941
"F:/GitHub/SproutScape/SproutScape/Content/Developers/basde/Collections/SproutScapeDevFolderBas/Core/Assets/Drone2DAnims/trow/BeeBot_Throw/With_Ball/Throw_WithBall_00099.uexp" 3942
"F:/GitHub/SproutScape/SproutScape/Content/Developers/basde/Collections/SproutScapeDevFolderBas/Core/Assets/Drone2DAnims/trow/BeeBot_Throw/With_Ball/Throw_WithBall_00098.uasset" 3943
"F:/GitHub/SproutScape/SproutScape/Content/Developers/basde/Collections/SproutScapeDevFolderBas/Core/Assets/Drone2DAnims/trow/BeeBot_Throw/With_Ball/Throw_WithBall_00098.uexp" 3944
"F:/GitHub/SproutScape/SproutScape/Content/Developers/basde/Collections/SproutScapeDevFolderBas/Core/Assets/Drone2DAnims/trow/BeeBot_Throw/With_Ball/Throw_WithBall_00097.uasset" 3945
"F:/GitHub/SproutScape/SproutScape/Content/Developers/basde/Collections/SproutScapeDevFolderBas/Core/Assets/Drone2DAnims/trow/BeeBot_Throw/With_Ball/Throw_WithBall_00097.uexp" 3946
"F:/GitHub/SproutScape/SproutScape/Content/Developers/basde/Collections/SproutScapeDevFolderBas/Core/Assets/Drone2DAnims/trow/BeeBot_Throw/With_Ball/Throw_WithBall_00096.uasset" 3947
"F:/GitHub/SproutScape/SproutScape/Content/Developers/basde/Collections/SproutScapeDevFolderBas/Core/Assets/Drone2DAnims/trow/BeeBot_Throw/With_Ball/Throw_WithBall_00096.uexp" 3948
"F:/GitHub/SproutScape/SproutScape/Content/Developers/basde/Collections/SproutScapeDevFolderBas/Core/Assets/Drone2DAnims/trow/BeeBot_Throw/With_Ball/Throw_WithBall_00095.uasset" 3949
"F:/GitHub/SproutScape/SproutScape/Content/Developers/basde/Collections/SproutScapeDevFolderBas/Core/Assets/Drone2DAnims/trow/BeeBot_Throw/With_Ball/Throw_WithBall_00095.uexp" 3950
"F:/GitHub/SproutScape/SproutScape/Content/Developers/basde/Collections/SproutScapeDevFolderBas/Core/Assets/Drone2DAnims/trow/BeeBot_Throw/With_Ball/Throw_WithBall_00094.uasset" 3951
"F:/GitHub/SproutScape/SproutScape/Content/Developers/basde/Collections/SproutScapeDevFolderBas/Core/Assets/Drone2DAnims/trow/BeeBot_Throw/With_Ball/Throw_WithBall_00094.uexp" 3952
"F:/GitHub/SproutScape/SproutScape/Content/Developers/basde/Collections/SproutScapeDevFolderBas/Core/Assets/Drone2DAnims/trow/BeeBot_Throw/With_Ball/Throw_WithBall_00093.uasset" 3953
"F:/GitHub/SproutScape/SproutScape/Content/Developers/basde/Collections/SproutScapeDevFolderBas/Core/Assets/Drone2DAnims/trow/BeeBot_Throw/With_Ball/Throw_WithBall_00093.uexp" 3954
"F:/GitHub/SproutScape/SproutScape/Content/Developers/basde/Collections/SproutScapeDevFolderBas/Core/Assets/Drone2DAnims/trow/BeeBot_Throw/With_Ball/Throw_WithBall_00092.uasset" 3955
"F:/GitHub/SproutScape/SproutScape/Content/Developers/basde/Collections/SproutScapeDevFolderBas/Core/Assets/Drone2DAnims/trow/BeeBot_Throw/With_Ball/Throw_WithBall_00092.uexp" 3956
"F:/GitHub/SproutScape/SproutScape/Content/Developers/basde/Collections/SproutScapeDevFolderBas/Core/Assets/Drone2DAnims/trow/BeeBot_Throw/With_Ball/Throw_WithBall_00091.uasset" 3957
"F:/GitHub/SproutScape/SproutScape/Content/Developers/basde/Collections/SproutScapeDevFolderBas/Core/Assets/Drone2DAnims/trow/BeeBot_Throw/With_Ball/Throw_WithBall_00091.uexp" 3958
"F:/GitHub/SproutScape/SproutScape/Content/Developers/basde/Collections/SproutScapeDevFolderBas/Core/Assets/Drone2DAnims/trow/BeeBot_Throw/With_Ball/Throw_WithBall_00090.uasset" 3959
"F:/GitHub/SproutScape/SproutScape/Content/Developers/basde/Collections/SproutScapeDevFolderBas/Core/Assets/Drone2DAnims/trow/BeeBot_Throw/With_Ball/Throw_WithBall_00090.uexp" 3960
"F:/GitHub/SproutScape/SproutScape/Content/Developers/basde/Collections/SproutScapeDevFolderBas/Core/Assets/Drone2DAnims/trow/BeeBot_Throw/With_Ball/Throw_WithBall_00089.uasset" 3961
"F:/GitHub/SproutScape/SproutScape/Content/Developers/basde/Collections/SproutScapeDevFolderBas/Core/Assets/Drone2DAnims/trow/BeeBot_Throw/With_Ball/Throw_WithBall_00089.uexp" 3962
"F:/GitHub/SproutScape/SproutScape/Content/Developers/basde/Collections/SproutScapeDevFolderBas/Core/Assets/Drone2DAnims/trow/BeeBot_Throw/With_Ball/Throw_WithBall_00088.uasset" 3963
"F:/GitHub/SproutScape/SproutScape/Content/Developers/basde/Collections/SproutScapeDevFolderBas/Core/Assets/Drone2DAnims/trow/BeeBot_Throw/With_Ball/Throw_WithBall_00088.uexp" 3964
"F:/GitHub/SproutScape/SproutScape/Content/Developers/basde/Collections/SproutScapeDevFolderBas/Core/Assets/Drone2DAnims/trow/BeeBot_Throw/With_Ball/Throw_WithBall_00087.uasset" 3965
"F:/GitHub/SproutScape/SproutScape/Content/Developers/basde/Collections/SproutScapeDevFolderBas/Core/Assets/Drone2DAnims/trow/BeeBot_Throw/With_Ball/Throw_WithBall_00087.uexp" 3966
"F:/GitHub/SproutScape/SproutScape/Content/Developers/basde/Collections/SproutScapeDevFolderBas/Core/Assets/Drone2DAnims/trow/BeeBot_Throw/With_Ball/Throw_WithBall_00086.uasset" 3967
"F:/GitHub/SproutScape/SproutScape/Content/Developers/basde/Collections/SproutScapeDevFolderBas/Core/Assets/Drone2DAnims/trow/BeeBot_Throw/With_Ball/Throw_WithBall_00086.uexp" 3968
"F:/GitHub/SproutScape/SproutScape/Content/Developers/basde/Collections/SproutScapeDevFolderBas/Core/Assets/Drone2DAnims/trow/BeeBot_Throw/With_Ball/Throw_WithBall_00085.uasset" 3969
"F:/GitHub/SproutScape/SproutScape/Content/Developers/basde/Collections/SproutScapeDevFolderBas/Core/Assets/Drone2DAnims/trow/BeeBot_Throw/With_Ball/Throw_WithBall_00085.uexp" 3970
"F:/GitHub/SproutScape/SproutScape/Content/Developers/basde/Collections/SproutScapeDevFolderBas/Core/Assets/Drone2DAnims/trow/BeeBot_Throw/With_Ball/Throw_WithBall_00084.uasset" 3971
"F:/GitHub/SproutScape/SproutScape/Content/Developers/basde/Collections/SproutScapeDevFolderBas/Core/Assets/Drone2DAnims/trow/BeeBot_Throw/With_Ball/Throw_WithBall_00084.uexp" 3972
"F:/GitHub/SproutScape/SproutScape/Content/Developers/basde/Collections/SproutScapeDevFolderBas/Core/Assets/Drone2DAnims/trow/BeeBot_Throw/With_Ball/Throw_WithBall_00083.uasset" 3973
"F:/GitHub/SproutScape/SproutScape/Content/Developers/basde/Collections/SproutScapeDevFolderBas/Core/Assets/Drone2DAnims/trow/BeeBot_Throw/With_Ball/Throw_WithBall_00083.uexp" 3974
"F:/GitHub/SproutScape/SproutScape/Content/Developers/basde/Collections/SproutScapeDevFolderBas/Core/Assets/Drone2DAnims/trow/BeeBot_Throw/With_Ball/Throw_WithBall_00082.uasset" 3975
"F:/GitHub/SproutScape/SproutScape/Content/Developers/basde/Collections/SproutScapeDevFolderBas/Core/Assets/Drone2DAnims/trow/BeeBot_Throw/With_Ball/Throw_WithBall_00082.uexp" 3976
"F:/GitHub/SproutScape/SproutScape/Content/Developers/basde/Collections/SproutScapeDevFolderBas/Core/Assets/Drone2DAnims/trow/BeeBot_Throw/With_Ball/Throw_WithBall_00081.uasset" 3977
"F:/GitHub/SproutScape/SproutScape/Content/Developers/basde/Collections/SproutScapeDevFolderBas/Core/Assets/Drone2DAnims/trow/BeeBot_Throw/With_Ball/Throw_WithBall_00081.uexp" 3978
"F:/GitHub/SproutScape/SproutScape/Content/Developers/basde/Collections/SproutScapeDevFolderBas/Core/Assets/Drone2DAnims/trow/BeeBot_Throw/With_Ball/Throw_WithBall_00080.uasset" 3979
"F:/GitHub/SproutScape/SproutScape/Content/Developers/basde/Collections/SproutScapeDevFolderBas/Core/Assets/Drone2DAnims/trow/BeeBot_Throw/With_Ball/Throw_WithBall_00080.uexp" 3980
"F:/GitHub/SproutScape/SproutScape/Content/Developers/basde/Collections/SproutScapeDevFolderBas/Core/Assets/Drone2DAnims/trow/BeeBot_Throw/With_Ball/Throw_WithBall_00079.uasset" 3981
"F:/GitHub/SproutScape/SproutScape/Content/Developers/basde/Collections/SproutScapeDevFolderBas/Core/Assets/Drone2DAnims/trow/BeeBot_Throw/With_Ball/Throw_WithBall_00079.uexp" 3982
"F:/GitHub/SproutScape/SproutScape/Content/Developers/basde/Collections/SproutScapeDevFolderBas/Core/Assets/Drone2DAnims/trow/BeeBot_Throw/With_Ball/Throw_WithBall_00078.uasset" 3983
"F:/GitHub/SproutScape/SproutScape/Content/Developers/basde/Collections/SproutScapeDevFolderBas/Core/Assets/Drone2DAnims/trow/BeeBot_Throw/With_Ball/Throw_WithBall_00078.uexp" 3984
"F:/GitHub/SproutScape/SproutScape/Content/Developers/basde/Collections/SproutScapeDevFolderBas/Core/Assets/Drone2DAnims/trow/BeeBot_Throw/With_Ball/Throw_WithBall_00077.uasset" 3985
"F:/GitHub/SproutScape/SproutScape/Content/Developers/basde/Collections/SproutScapeDevFolderBas/Core/Assets/Drone2DAnims/trow/BeeBot_Throw/With_Ball/Throw_WithBall_00077.uexp" 3986
"F:/GitHub/SproutScape/SproutScape/Content/Developers/basde/Collections/SproutScapeDevFolderBas/Core/Assets/Drone2DAnims/trow/BeeBot_Throw/With_Ball/Throw_WithBall_00076.uasset" 3987
"F:/GitHub/SproutScape/SproutScape/Content/Developers/basde/Collections/SproutScapeDevFolderBas/Core/Assets/Drone2DAnims/trow/BeeBot_Throw/With_Ball/Throw_WithBall_00076.uexp" 3988
"F:/GitHub/SproutScape/SproutScape/Content/Developers/basde/Collections/SproutScapeDevFolderBas/Core/Assets/Drone2DAnims/trow/BeeBot_Throw/With_Ball/Throw_WithBall_00075.uasset" 3989
"F:/GitHub/SproutScape/SproutScape/Content/Developers/basde/Collections/SproutScapeDevFolderBas/Core/Assets/Drone2DAnims/trow/BeeBot_Throw/With_Ball/Throw_WithBall_00075.uexp" 3990
"F:/GitHub/SproutScape/SproutScape/Content/Developers/basde/Collections/SproutScapeDevFolderBas/Core/Assets/Drone2DAnims/trow/BeeBot_Throw/With_Ball/Throw_WithBall_00074.uasset" 3991
"F:/GitHub/SproutScape/SproutScape/Content/Developers/basde/Collections/SproutScapeDevFolderBas/Core/Assets/Drone2DAnims/trow/BeeBot_Throw/With_Ball/Throw_WithBall_00074.uexp" 3992
"F:/GitHub/SproutScape/SproutScape/Content/Developers/basde/Collections/SproutScapeDevFolderBas/Core/Assets/Drone2DAnims/trow/BeeBot_Throw/With_Ball/Throw_WithBall_00073.uasset" 3993
"F:/GitHub/SproutScape/SproutScape/Content/Developers/basde/Collections/SproutScapeDevFolderBas/Core/Assets/Drone2DAnims/trow/BeeBot_Throw/With_Ball/Throw_WithBall_00073.uexp" 3994
"F:/GitHub/SproutScape/SproutScape/Content/Developers/basde/Collections/SproutScapeDevFolderBas/Core/Assets/Drone2DAnims/trow/BeeBot_Throw/With_Ball/Throw_WithBall_00072.uasset" 3995
"F:/GitHub/SproutScape/SproutScape/Content/Developers/basde/Collections/SproutScapeDevFolderBas/Core/Assets/Drone2DAnims/trow/BeeBot_Throw/With_Ball/Throw_WithBall_00072.uexp" 3996
"F:/GitHub/SproutScape/SproutScape/Content/Developers/basde/Collections/SproutScapeDevFolderBas/Core/Assets/Drone2DAnims/trow/BeeBot_Throw/With_Ball/Throw_WithBall_00071.uasset" 3997
"F:/GitHub/SproutScape/SproutScape/Content/Developers/basde/Collections/SproutScapeDevFolderBas/Core/Assets/Drone2DAnims/trow/BeeBot_Throw/With_Ball/Throw_WithBall_00071.uexp" 3998
"F:/GitHub/SproutScape/SproutScape/Content/Developers/basde/Collections/SproutScapeDevFolderBas/Core/Assets/Drone2DAnims/trow/BeeBot_Throw/With_Ball/Throw_WithBall_00070.uasset" 3999
"F:/GitHub/SproutScape/SproutScape/Content/Developers/basde/Collections/SproutScapeDevFolderBas/Core/Assets/Drone2DAnims/trow/BeeBot_Throw/With_Ball/Throw_WithBall_00070.uexp" 4000
"F:/GitHub/SproutScape/SproutScape/Content/Developers/basde/Collections/SproutScapeDevFolderBas/Core/Assets/Drone2DAnims/trow/BeeBot_Throw/With_Ball/Throw_WithBall_00069.uasset" 4001
"F:/GitHub/SproutScape/SproutScape/Content/Developers/basde/Collections/SproutScapeDevFolderBas/Core/Assets/Drone2DAnims/trow/BeeBot_Throw/With_Ball/Throw_WithBall_00069.uexp" 4002
"F:/GitHub/SproutScape/SproutScape/Content/Developers/basde/Collections/SproutScapeDevFolderBas/Core/Assets/Drone2DAnims/trow/BeeBot_Throw/With_Ball/Throw_WithBall_00068.uasset" 4003
"F:/GitHub/SproutScape/SproutScape/Content/Developers/basde/Collections/SproutScapeDevFolderBas/Core/Assets/Drone2DAnims/trow/BeeBot_Throw/With_Ball/Throw_WithBall_00068.uexp" 4004
"F:/GitHub/SproutScape/SproutScape/Content/Developers/basde/Collections/SproutScapeDevFolderBas/Core/Assets/Drone2DAnims/trow/BeeBot_Throw/With_Ball/Throw_WithBall_00067.uasset" 4005
"F:/GitHub/SproutScape/SproutScape/Content/Developers/basde/Collections/SproutScapeDevFolderBas/Core/Assets/Drone2DAnims/trow/BeeBot_Throw/With_Ball/Throw_WithBall_00067.uexp" 4006
"F:/GitHub/SproutScape/SproutScape/Content/Developers/basde/Collections/SproutScapeDevFolderBas/Core/Assets/Drone2DAnims/trow/BeeBot_Throw/With_Ball/Throw_WithBall_00066.uasset" 4007
"F:/GitHub/SproutScape/SproutScape/Content/Developers/basde/Collections/SproutScapeDevFolderBas/Core/Assets/Drone2DAnims/trow/BeeBot_Throw/With_Ball/Throw_WithBall_00066.uexp" 4008
"F:/GitHub/SproutScape/SproutScape/Content/Developers/basde/Collections/SproutScapeDevFolderBas/Core/Assets/Drone2DAnims/trow/BeeBot_Throw/With_Ball/Throw_WithBall_00065.uasset" 4009
"F:/GitHub/SproutScape/SproutScape/Content/Developers/basde/Collections/SproutScapeDevFolderBas/Core/Assets/Drone2DAnims/trow/BeeBot_Throw/With_Ball/Throw_WithBall_00065.uexp" 4010
"F:/GitHub/SproutScape/SproutScape/Content/Developers/basde/Collections/SproutScapeDevFolderBas/Core/Assets/Drone2DAnims/trow/BeeBot_Throw/With_Ball/Throw_WithBall_00064.uasset" 4011
"F:/GitHub/SproutScape/SproutScape/Content/Developers/basde/Collections/SproutScapeDevFolderBas/Core/Assets/Drone2DAnims/trow/BeeBot_Throw/With_Ball/Throw_WithBall_00064.uexp" 4012
"F:/GitHub/SproutScape/SproutScape/Content/Developers/basde/Collections/SproutScapeDevFolderBas/Core/Assets/Drone2DAnims/trow/BeeBot_Throw/With_Ball/Throw_WithBall_00063.uasset" 4013
"F:/GitHub/SproutScape/SproutScape/Content/Developers/basde/Collections/SproutScapeDevFolderBas/Core/Assets/Drone2DAnims/trow/BeeBot_Throw/With_Ball/Throw_WithBall_00063.uexp" 4014
"F:/GitHub/SproutScape/SproutScape/Content/Developers/basde/Collections/SproutScapeDevFolderBas/Core/Assets/Drone2DAnims/trow/BeeBot_Throw/With_Ball/Throw_WithBall_00062.uasset" 4015
"F:/GitHub/SproutScape/SproutScape/Content/Developers/basde/Collections/SproutScapeDevFolderBas/Core/Assets/Drone2DAnims/trow/BeeBot_Throw/With_Ball/Throw_WithBall_00062.uexp" 4016
"F:/GitHub/SproutScape/SproutScape/Content/Developers/basde/Collections/SproutScapeDevFolderBas/Core/Assets/Drone2DAnims/trow/BeeBot_Throw/With_Ball/Throw_WithBall_00061.uasset" 4017
"F:/GitHub/SproutScape/SproutScape/Content/Developers/basde/Collections/SproutScapeDevFolderBas/Core/Assets/Drone2DAnims/trow/BeeBot_Throw/With_Ball/Throw_WithBall_00061.uexp" 4018
"F:/GitHub/SproutScape/SproutScape/Content/Developers/basde/Collections/SproutScapeDevFolderBas/Core/Assets/Drone2DAnims/trow/BeeBot_Throw/With_Ball/Throw_WithBall_00060.uasset" 4019
"F:/GitHub/SproutScape/SproutScape/Content/Developers/basde/Collections/SproutScapeDevFolderBas/Core/Assets/Drone2DAnims/trow/BeeBot_Throw/With_Ball/Throw_WithBall_00060.uexp" 4020
"F:/GitHub/SproutScape/SproutScape/Content/Developers/basde/Collections/SproutScapeDevFolderBas/Core/Assets/Drone2DAnims/trow/BeeBot_Throw/With_Ball/Throw_WithBall_00059.uasset" 4021
"F:/GitHub/SproutScape/SproutScape/Content/Developers/basde/Collections/SproutScapeDevFolderBas/Core/Assets/Drone2DAnims/trow/BeeBot_Throw/With_Ball/Throw_WithBall_00059.uexp" 4022
"F:/GitHub/SproutScape/SproutScape/Content/Developers/basde/Collections/SproutScapeDevFolderBas/Core/Assets/Drone2DAnims/trow/BeeBot_Throw/With_Ball/Throw_WithBall_00058.uasset" 4023
"F:/GitHub/SproutScape/SproutScape/Content/Developers/basde/Collections/SproutScapeDevFolderBas/Core/Assets/Drone2DAnims/trow/BeeBot_Throw/With_Ball/Throw_WithBall_00058.uexp" 4024
"F:/GitHub/SproutScape/SproutScape/Content/Developers/basde/Collections/SproutScapeDevFolderBas/Core/Assets/Drone2DAnims/trow/BeeBot_Throw/With_Ball/Throw_WithBall_00057.uasset" 4025
"F:/GitHub/SproutScape/SproutScape/Content/Developers/basde/Collections/SproutScapeDevFolderBas/Core/Assets/Drone2DAnims/trow/BeeBot_Throw/With_Ball/Throw_WithBall_00057.uexp" 4026
"F:/GitHub/SproutScape/SproutScape/Content/Developers/basde/Collections/SproutScapeDevFolderBas/Core/Assets/Drone2DAnims/trow/BeeBot_Throw/With_Ball/Throw_WithBall_00056.uasset" 4027
"F:/GitHub/SproutScape/SproutScape/Content/Developers/basde/Collections/SproutScapeDevFolderBas/Core/Assets/Drone2DAnims/trow/BeeBot_Throw/With_Ball/Throw_WithBall_00056.uexp" 4028
"F:/GitHub/SproutScape/SproutScape/Content/Developers/basde/Collections/SproutScapeDevFolderBas/Core/Assets/Drone2DAnims/trow/BeeBot_Throw/With_Ball/Throw_WithBall_00055.uasset" 4029
"F:/GitHub/SproutScape/SproutScape/Content/Developers/basde/Collections/SproutScapeDevFolderBas/Core/Assets/Drone2DAnims/trow/BeeBot_Throw/With_Ball/Throw_WithBall_00055.uexp" 4030
"F:/GitHub/SproutScape/SproutScape/Content/Developers/basde/Collections/SproutScapeDevFolderBas/Core/Assets/Drone2DAnims/trow/BeeBot_Throw/With_Ball/Throw_WithBall_00054.uasset" 4031
"F:/GitHub/SproutScape/SproutScape/Content/Developers/basde/Collections/SproutScapeDevFolderBas/Core/Assets/Drone2DAnims/trow/BeeBot_Throw/With_Ball/Throw_WithBall_00054.uexp" 4032
"F:/GitHub/SproutScape/SproutScape/Content/Developers/basde/Collections/SproutScapeDevFolderBas/Core/Assets/Drone2DAnims/trow/BeeBot_Throw/With_Ball/Throw_WithBall_00053.uasset" 4033
"F:/GitHub/SproutScape/SproutScape/Content/Developers/basde/Collections/SproutScapeDevFolderBas/Core/Assets/Drone2DAnims/trow/BeeBot_Throw/With_Ball/Throw_WithBall_00053.uexp" 4034
"F:/GitHub/SproutScape/SproutScape/Content/Developers/basde/Collections/SproutScapeDevFolderBas/Core/Assets/Drone2DAnims/trow/BeeBot_Throw/With_Ball/Throw_WithBall_00052.uasset" 4035
"F:/GitHub/SproutScape/SproutScape/Content/Developers/basde/Collections/SproutScapeDevFolderBas/Core/Assets/Drone2DAnims/trow/BeeBot_Throw/With_Ball/Throw_WithBall_00052.uexp" 4036
"F:/GitHub/SproutScape/SproutScape/Content/Developers/basde/Collections/SproutScapeDevFolderBas/Core/Assets/Drone2DAnims/trow/BeeBot_Throw/With_Ball/Throw_WithBall_00051.uasset" 4037
"F:/GitHub/SproutScape/SproutScape/Content/Developers/basde/Collections/SproutScapeDevFolderBas/Core/Assets/Drone2DAnims/trow/BeeBot_Throw/With_Ball/Throw_WithBall_00051.uexp" 4038
"F:/GitHub/SproutScape/SproutScape/Content/Developers/basde/Collections/SproutScapeDevFolderBas/Core/Assets/Drone2DAnims/trow/BeeBot_Throw/With_Ball/Throw_WithBall_00050.uasset" 4039
"F:/GitHub/SproutScape/SproutScape/Content/Developers/basde/Collections/SproutScapeDevFolderBas/Core/Assets/Drone2DAnims/trow/BeeBot_Throw/With_Ball/Throw_WithBall_00050.uexp" 4040
"F:/GitHub/SproutScape/SproutScape/Content/Developers/basde/Collections/SproutScapeDevFolderBas/Core/Assets/Drone2DAnims/trow/BeeBot_Throw/With_Ball/Throw_WithBall_00049.uasset" 4041
"F:/GitHub/SproutScape/SproutScape/Content/Developers/basde/Collections/SproutScapeDevFolderBas/Core/Assets/Drone2DAnims/trow/BeeBot_Throw/With_Ball/Throw_WithBall_00049.uexp" 4042
"F:/GitHub/SproutScape/SproutScape/Content/Developers/basde/Collections/SproutScapeDevFolderBas/Core/Assets/Drone2DAnims/trow/BeeBot_Throw/With_Ball/Throw_WithBall_00048.uasset" 4043
"F:/GitHub/SproutScape/SproutScape/Content/Developers/basde/Collections/SproutScapeDevFolderBas/Core/Assets/Drone2DAnims/trow/BeeBot_Throw/With_Ball/Throw_WithBall_00048.uexp" 4044
"F:/GitHub/SproutScape/SproutScape/Content/Developers/basde/Collections/SproutScapeDevFolderBas/Core/Assets/Drone2DAnims/trow/BeeBot_Throw/With_Ball/Throw_WithBall_00047.uasset" 4045
"F:/GitHub/SproutScape/SproutScape/Content/Developers/basde/Collections/SproutScapeDevFolderBas/Core/Assets/Drone2DAnims/trow/BeeBot_Throw/With_Ball/Throw_WithBall_00047.uexp" 4046
"F:/GitHub/SproutScape/SproutScape/Content/Developers/basde/Collections/SproutScapeDevFolderBas/Core/Assets/Drone2DAnims/trow/BeeBot_Throw/With_Ball/Throw_WithBall_00046.uasset" 4047
"F:/GitHub/SproutScape/SproutScape/Content/Developers/basde/Collections/SproutScapeDevFolderBas/Core/Assets/Drone2DAnims/trow/BeeBot_Throw/With_Ball/Throw_WithBall_00046.uexp" 4048
"F:/GitHub/SproutScape/SproutScape/Content/Developers/basde/Collections/SproutScapeDevFolderBas/Core/Assets/Drone2DAnims/trow/BeeBot_Throw/With_Ball/Throw_WithBall_00045.uasset" 4049
"F:/GitHub/SproutScape/SproutScape/Content/Developers/basde/Collections/SproutScapeDevFolderBas/Core/Assets/Drone2DAnims/trow/BeeBot_Throw/With_Ball/Throw_WithBall_00045.uexp" 4050
"F:/GitHub/SproutScape/SproutScape/Content/Developers/basde/Collections/SproutScapeDevFolderBas/Core/Assets/Drone2DAnims/trow/BeeBot_Throw/With_Ball/Throw_WithBall_00044.uasset" 4051
"F:/GitHub/SproutScape/SproutScape/Content/Developers/basde/Collections/SproutScapeDevFolderBas/Core/Assets/Drone2DAnims/trow/BeeBot_Throw/With_Ball/Throw_WithBall_00044.uexp" 4052
"F:/GitHub/SproutScape/SproutScape/Content/Developers/basde/Collections/SproutScapeDevFolderBas/Core/Assets/Drone2DAnims/trow/BeeBot_Throw/With_Ball/Throw_WithBall_00043.uasset" 4053
"F:/GitHub/SproutScape/SproutScape/Content/Developers/basde/Collections/SproutScapeDevFolderBas/Core/Assets/Drone2DAnims/trow/BeeBot_Throw/With_Ball/Throw_WithBall_00043.uexp" 4054
"F:/GitHub/SproutScape/SproutScape/Content/Developers/basde/Collections/SproutScapeDevFolderBas/Core/Assets/Drone2DAnims/trow/BeeBot_Throw/With_Ball/Throw_WithBall_00042.uasset" 4055
"F:/GitHub/SproutScape/SproutScape/Content/Developers/basde/Collections/SproutScapeDevFolderBas/Core/Assets/Drone2DAnims/trow/BeeBot_Throw/With_Ball/Throw_WithBall_00042.uexp" 4056
"F:/GitHub/SproutScape/SproutScape/Content/Developers/basde/Collections/SproutScapeDevFolderBas/Core/Assets/Drone2DAnims/trow/BeeBot_Throw/With_Ball/Throw_WithBall_00041.uasset" 4057
"F:/GitHub/SproutScape/SproutScape/Content/Developers/basde/Collections/SproutScapeDevFolderBas/Core/Assets/Drone2DAnims/trow/BeeBot_Throw/With_Ball/Throw_WithBall_00041.uexp" 4058
"F:/GitHub/SproutScape/SproutScape/Content/Developers/basde/Collections/SproutScapeDevFolderBas/Core/Assets/Drone2DAnims/trow/BeeBot_Throw/With_Ball/Throw_WithBall_00040.uasset" 4059
"F:/GitHub/SproutScape/SproutScape/Content/Developers/basde/Collections/SproutScapeDevFolderBas/Core/Assets/Drone2DAnims/trow/BeeBot_Throw/With_Ball/Throw_WithBall_00040.uexp" 4060
"F:/GitHub/SproutScape/SproutScape/Content/Developers/basde/Collections/SproutScapeDevFolderBas/Core/Assets/Drone2DAnims/trow/BeeBot_Throw/With_Ball/Throw_WithBall_00039.uasset" 4061
"F:/GitHub/SproutScape/SproutScape/Content/Developers/basde/Collections/SproutScapeDevFolderBas/Core/Assets/Drone2DAnims/trow/BeeBot_Throw/With_Ball/Throw_WithBall_00039.uexp" 4062
"F:/GitHub/SproutScape/SproutScape/Content/Developers/basde/Collections/SproutScapeDevFolderBas/Core/Assets/Drone2DAnims/trow/BeeBot_Throw/With_Ball/Throw_WithBall_00038.uasset" 4063
"F:/GitHub/SproutScape/SproutScape/Content/Developers/basde/Collections/SproutScapeDevFolderBas/Core/Assets/Drone2DAnims/trow/BeeBot_Throw/With_Ball/Throw_WithBall_00038.uexp" 4064
"F:/GitHub/SproutScape/SproutScape/Content/Developers/basde/Collections/SproutScapeDevFolderBas/Core/Assets/Drone2DAnims/trow/BeeBot_Throw/With_Ball/Throw_WithBall_00037.uasset" 4065
"F:/GitHub/SproutScape/SproutScape/Content/Developers/basde/Collections/SproutScapeDevFolderBas/Core/Assets/Drone2DAnims/trow/BeeBot_Throw/With_Ball/Throw_WithBall_00037.uexp" 4066
"F:/GitHub/SproutScape/SproutScape/Content/Developers/basde/Collections/SproutScapeDevFolderBas/Core/Assets/Drone2DAnims/trow/BeeBot_Throw/With_Ball/Throw_WithBall_00036.uasset" 4067
"F:/GitHub/SproutScape/SproutScape/Content/Developers/basde/Collections/SproutScapeDevFolderBas/Core/Assets/Drone2DAnims/trow/BeeBot_Throw/With_Ball/Throw_WithBall_00036.uexp" 4068
"F:/GitHub/SproutScape/SproutScape/Content/Developers/basde/Collections/SproutScapeDevFolderBas/Core/Assets/Drone2DAnims/trow/BeeBot_Throw/With_Ball/Throw_WithBall_00035.uasset" 4069
"F:/GitHub/SproutScape/SproutScape/Content/Developers/basde/Collections/SproutScapeDevFolderBas/Core/Assets/Drone2DAnims/trow/BeeBot_Throw/With_Ball/Throw_WithBall_00035.uexp" 4070
"F:/GitHub/SproutScape/SproutScape/Content/Developers/basde/Collections/SproutScapeDevFolderBas/Core/Assets/Drone2DAnims/trow/BeeBot_Throw/With_Ball/Throw_WithBall_00034.uasset" 4071
"F:/GitHub/SproutScape/SproutScape/Content/Developers/basde/Collections/SproutScapeDevFolderBas/Core/Assets/Drone2DAnims/trow/BeeBot_Throw/With_Ball/Throw_WithBall_00034.uexp" 4072
"F:/GitHub/SproutScape/SproutScape/Content/Developers/basde/Collections/SproutScapeDevFolderBas/Core/Assets/Drone2DAnims/trow/BeeBot_Throw/With_Ball/Throw_WithBall_00033.uasset" 4073
"F:/GitHub/SproutScape/SproutScape/Content/Developers/basde/Collections/SproutScapeDevFolderBas/Core/Assets/Drone2DAnims/trow/BeeBot_Throw/With_Ball/Throw_WithBall_00033.uexp" 4074
"F:/GitHub/SproutScape/SproutScape/Content/Developers/basde/Collections/SproutScapeDevFolderBas/Core/Assets/Drone2DAnims/trow/BeeBot_Throw/With_Ball/Throw_WithBall_00032.uasset" 4075
"F:/GitHub/SproutScape/SproutScape/Content/Developers/basde/Collections/SproutScapeDevFolderBas/Core/Assets/Drone2DAnims/trow/BeeBot_Throw/With_Ball/Throw_WithBall_00032.uexp" 4076
"F:/GitHub/SproutScape/SproutScape/Content/Developers/basde/Collections/SproutScapeDevFolderBas/Core/Assets/Drone2DAnims/trow/BeeBot_Throw/With_Ball/Throw_WithBall_00031.uasset" 4077
"F:/GitHub/SproutScape/SproutScape/Content/Developers/basde/Collections/SproutScapeDevFolderBas/Core/Assets/Drone2DAnims/trow/BeeBot_Throw/With_Ball/Throw_WithBall_00031.uexp" 4078
"F:/GitHub/SproutScape/SproutScape/Content/Developers/basde/Collections/SproutScapeDevFolderBas/Core/Assets/Drone2DAnims/trow/BeeBot_Throw/With_Ball/Throw_WithBall_00030.uasset" 4079
"F:/GitHub/SproutScape/SproutScape/Content/Developers/basde/Collections/SproutScapeDevFolderBas/Core/Assets/Drone2DAnims/trow/BeeBot_Throw/With_Ball/Throw_WithBall_00030.uexp" 4080
"F:/GitHub/SproutScape/SproutScape/Content/Developers/basde/Collections/SproutScapeDevFolderBas/Core/Assets/Drone2DAnims/trow/BeeBot_Throw/With_Ball/Throw_WithBall_00029.uasset" 4081
"F:/GitHub/SproutScape/SproutScape/Content/Developers/basde/Collections/SproutScapeDevFolderBas/Core/Assets/Drone2DAnims/trow/BeeBot_Throw/With_Ball/Throw_WithBall_00029.uexp" 4082
"F:/GitHub/SproutScape/SproutScape/Content/Developers/basde/Collections/SproutScapeDevFolderBas/Core/Assets/Drone2DAnims/trow/BeeBot_Throw/With_Ball/Throw_WithBall_00028.uasset" 4083
"F:/GitHub/SproutScape/SproutScape/Content/Developers/basde/Collections/SproutScapeDevFolderBas/Core/Assets/Drone2DAnims/trow/BeeBot_Throw/With_Ball/Throw_WithBall_00028.uexp" 4084
"F:/GitHub/SproutScape/SproutScape/Content/Developers/basde/Collections/SproutScapeDevFolderBas/Core/Assets/Drone2DAnims/trow/BeeBot_Throw/With_Ball/Throw_WithBall_00027.uasset" 4085
"F:/GitHub/SproutScape/SproutScape/Content/Developers/basde/Collections/SproutScapeDevFolderBas/Core/Assets/Drone2DAnims/trow/BeeBot_Throw/With_Ball/Throw_WithBall_00027.uexp" 4086
"F:/GitHub/SproutScape/SproutScape/Content/Developers/basde/Collections/SproutScapeDevFolderBas/Core/Assets/Drone2DAnims/trow/BeeBot_Throw/With_Ball/Throw_WithBall_00026.uasset" 4087
"F:/GitHub/SproutScape/SproutScape/Content/Developers/basde/Collections/SproutScapeDevFolderBas/Core/Assets/Drone2DAnims/trow/BeeBot_Throw/With_Ball/Throw_WithBall_00026.uexp" 4088
"F:/GitHub/SproutScape/SproutScape/Content/Developers/basde/Collections/SproutScapeDevFolderBas/Core/Assets/Drone2DAnims/trow/BeeBot_Throw/With_Ball/Throw_WithBall_00025.uasset" 4089
"F:/GitHub/SproutScape/SproutScape/Content/Developers/basde/Collections/SproutScapeDevFolderBas/Core/Assets/Drone2DAnims/trow/BeeBot_Throw/With_Ball/Throw_WithBall_00025.uexp" 4090
"F:/GitHub/SproutScape/SproutScape/Content/Developers/basde/Collections/SproutScapeDevFolderBas/Core/Assets/Drone2DAnims/trow/BeeBot_Throw/With_Ball/Throw_WithBall_00024.uasset" 4091
"F:/GitHub/SproutScape/SproutScape/Content/Developers/basde/Collections/SproutScapeDevFolderBas/Core/Assets/Drone2DAnims/trow/BeeBot_Throw/With_Ball/Throw_WithBall_00024.uexp" 4092
"F:/GitHub/SproutScape/SproutScape/Content/Developers/basde/Collections/SproutScapeDevFolderBas/Core/Assets/Drone2DAnims/trow/BeeBot_Throw/With_Ball/Throw_WithBall_00023.uasset" 4093
"F:/GitHub/SproutScape/SproutScape/Content/Developers/basde/Collections/SproutScapeDevFolderBas/Core/Assets/Drone2DAnims/trow/BeeBot_Throw/With_Ball/Throw_WithBall_00023.uexp" 4094
"F:/GitHub/SproutScape/SproutScape/Content/Developers/basde/Collections/SproutScapeDevFolderBas/Core/Assets/Drone2DAnims/trow/BeeBot_Throw/With_Ball/Throw_WithBall_00022.uasset" 4095
"F:/GitHub/SproutScape/SproutScape/Content/Developers/basde/Collections/SproutScapeDevFolderBas/Core/Assets/Drone2DAnims/trow/BeeBot_Throw/With_Ball/Throw_WithBall_00022.uexp" 4096
"F:/GitHub/SproutScape/SproutScape/Content/Developers/basde/Collections/SproutScapeDevFolderBas/Core/Assets/Drone2DAnims/trow/BeeBot_Throw/With_Ball/Throw_WithBall_00021.uasset" 4097
"F:/GitHub/SproutScape/SproutScape/Content/Developers/basde/Collections/SproutScapeDevFolderBas/Core/Assets/Drone2DAnims/trow/BeeBot_Throw/With_Ball/Throw_WithBall_00021.uexp" 4098
"F:/GitHub/SproutScape/SproutScape/Content/Developers/basde/Collections/SproutScapeDevFolderBas/Core/Assets/Drone2DAnims/trow/BeeBot_Throw/With_Ball/Throw_WithBall_00020.uasset" 4099
"F:/GitHub/SproutScape/SproutScape/Content/Developers/basde/Collections/SproutScapeDevFolderBas/Core/Assets/Drone2DAnims/trow/BeeBot_Throw/With_Ball/Throw_WithBall_00020.uexp" 4100
"F:/GitHub/SproutScape/SproutScape/Content/Developers/basde/Collections/SproutScapeDevFolderBas/Core/Assets/Drone2DAnims/trow/BeeBot_Throw/With_Ball/Throw_WithBall_00019.uasset" 4101
"F:/GitHub/SproutScape/SproutScape/Content/Developers/basde/Collections/SproutScapeDevFolderBas/Core/Assets/Drone2DAnims/trow/BeeBot_Throw/With_Ball/Throw_WithBall_00019.uexp" 4102
"F:/GitHub/SproutScape/SproutScape/Content/Developers/basde/Collections/SproutScapeDevFolderBas/Core/Assets/Drone2DAnims/trow/BeeBot_Throw/With_Ball/Throw_WithBall_00018.uasset" 4103
"F:/GitHub/SproutScape/SproutScape/Content/Developers/basde/Collections/SproutScapeDevFolderBas/Core/Assets/Drone2DAnims/trow/BeeBot_Throw/With_Ball/Throw_WithBall_00018.uexp" 4104
"F:/GitHub/SproutScape/SproutScape/Content/Developers/basde/Collections/SproutScapeDevFolderBas/Core/Assets/Drone2DAnims/trow/BeeBot_Throw/With_Ball/Throw_WithBall_00017.uasset" 4105
"F:/GitHub/SproutScape/SproutScape/Content/Developers/basde/Collections/SproutScapeDevFolderBas/Core/Assets/Drone2DAnims/trow/BeeBot_Throw/With_Ball/Throw_WithBall_00017.uexp" 4106
"F:/GitHub/SproutScape/SproutScape/Content/Developers/basde/Collections/SproutScapeDevFolderBas/Core/Assets/Drone2DAnims/trow/BeeBot_Throw/With_Ball/Throw_WithBall_00016.uasset" 4107
"F:/GitHub/SproutScape/SproutScape/Content/Developers/basde/Collections/SproutScapeDevFolderBas/Core/Assets/Drone2DAnims/trow/BeeBot_Throw/With_Ball/Throw_WithBall_00016.uexp" 4108
"F:/GitHub/SproutScape/SproutScape/Content/Developers/basde/Collections/SproutScapeDevFolderBas/Core/Assets/Drone2DAnims/trow/BeeBot_Throw/With_Ball/Throw_WithBall_00015.uasset" 4109
"F:/GitHub/SproutScape/SproutScape/Content/Developers/basde/Collections/SproutScapeDevFolderBas/Core/Assets/Drone2DAnims/trow/BeeBot_Throw/With_Ball/Throw_WithBall_00015.uexp" 4110
"F:/GitHub/SproutScape/SproutScape/Content/Developers/basde/Collections/SproutScapeDevFolderBas/Core/Assets/Drone2DAnims/trow/BeeBot_Throw/With_Ball/Throw_WithBall_00014.uasset" 4111
"F:/GitHub/SproutScape/SproutScape/Content/Developers/basde/Collections/SproutScapeDevFolderBas/Core/Assets/Drone2DAnims/trow/BeeBot_Throw/With_Ball/Throw_WithBall_00014.uexp" 4112
"F:/GitHub/SproutScape/SproutScape/Content/Developers/basde/Collections/SproutScapeDevFolderBas/Core/Assets/Drone2DAnims/trow/BeeBot_Throw/With_Ball/Throw_WithBall_00013.uasset" 4113
"F:/GitHub/SproutScape/SproutScape/Content/Developers/basde/Collections/SproutScapeDevFolderBas/Core/Assets/Drone2DAnims/trow/BeeBot_Throw/With_Ball/Throw_WithBall_00013.uexp" 4114
"F:/GitHub/SproutScape/SproutScape/Content/Developers/basde/Collections/SproutScapeDevFolderBas/Core/Assets/Drone2DAnims/trow/BeeBot_Throw/With_Ball/Throw_WithBall_00012.uasset" 4115
"F:/GitHub/SproutScape/SproutScape/Content/Developers/basde/Collections/SproutScapeDevFolderBas/Core/Assets/Drone2DAnims/trow/BeeBot_Throw/With_Ball/Throw_WithBall_00012.uexp" 4116
"F:/GitHub/SproutScape/SproutScape/Content/Developers/basde/Collections/SproutScapeDevFolderBas/Core/Assets/Drone2DAnims/trow/BeeBot_Throw/With_Ball/Throw_WithBall_00011.uasset" 4117
"F:/GitHub/SproutScape/SproutScape/Content/Developers/basde/Collections/SproutScapeDevFolderBas/Core/Assets/Drone2DAnims/trow/BeeBot_Throw/With_Ball/Throw_WithBall_00011.uexp" 4118
"F:/GitHub/SproutScape/SproutScape/Content/Developers/basde/Collections/SproutScapeDevFolderBas/Core/Assets/Drone2DAnims/trow/BeeBot_Throw/With_Ball/Throw_WithBall_00010.uasset" 4119
"F:/GitHub/SproutScape/SproutScape/Content/Developers/basde/Collections/SproutScapeDevFolderBas/Core/Assets/Drone2DAnims/trow/BeeBot_Throw/With_Ball/Throw_WithBall_00010.uexp" 4120
"F:/GitHub/SproutScape/SproutScape/Content/Developers/basde/Collections/SproutScapeDevFolderBas/Core/Assets/Drone2DAnims/trow/BeeBot_Throw/With_Ball/Throw_WithBall_00009.uasset" 4121
"F:/GitHub/SproutScape/SproutScape/Content/Developers/basde/Collections/SproutScapeDevFolderBas/Core/Assets/Drone2DAnims/trow/BeeBot_Throw/With_Ball/Throw_WithBall_00009.uexp" 4122
"F:/GitHub/SproutScape/SproutScape/Content/Developers/basde/Collections/SproutScapeDevFolderBas/Core/Assets/Drone2DAnims/trow/BeeBot_Throw/With_Ball/Throw_WithBall_00008.uasset" 4123
"F:/GitHub/SproutScape/SproutScape/Content/Developers/basde/Collections/SproutScapeDevFolderBas/Core/Assets/Drone2DAnims/trow/BeeBot_Throw/With_Ball/Throw_WithBall_00008.uexp" 4124
"F:/GitHub/SproutScape/SproutScape/Content/Developers/basde/Collections/SproutScapeDevFolderBas/Core/Assets/Drone2DAnims/trow/BeeBot_Throw/With_Ball/Throw_WithBall_00007.uasset" 4125
"F:/GitHub/SproutScape/SproutScape/Content/Developers/basde/Collections/SproutScapeDevFolderBas/Core/Assets/Drone2DAnims/trow/BeeBot_Throw/With_Ball/Throw_WithBall_00007.uexp" 4126
"F:/GitHub/SproutScape/SproutScape/Content/Developers/basde/Collections/SproutScapeDevFolderBas/Core/Assets/Drone2DAnims/trow/BeeBot_Throw/With_Ball/Throw_WithBall_00006.uasset" 4127
"F:/GitHub/SproutScape/SproutScape/Content/Developers/basde/Collections/SproutScapeDevFolderBas/Core/Assets/Drone2DAnims/trow/BeeBot_Throw/With_Ball/Throw_WithBall_00006.uexp" 4128
"F:/GitHub/SproutScape/SproutScape/Content/Developers/basde/Collections/SproutScapeDevFolderBas/Core/Assets/Drone2DAnims/trow/BeeBot_Throw/With_Ball/Throw_WithBall_00005.uasset" 4129
"F:/GitHub/SproutScape/SproutScape/Content/Developers/basde/Collections/SproutScapeDevFolderBas/Core/Assets/Drone2DAnims/trow/BeeBot_Throw/With_Ball/Throw_WithBall_00005.uexp" 4130
"F:/GitHub/SproutScape/SproutScape/Content/Developers/basde/Collections/SproutScapeDevFolderBas/Core/Assets/Drone2DAnims/trow/BeeBot_Throw/With_Ball/Throw_WithBall_00004.uasset" 4131
"F:/GitHub/SproutScape/SproutScape/Content/Developers/basde/Collections/SproutScapeDevFolderBas/Core/Assets/Drone2DAnims/trow/BeeBot_Throw/With_Ball/Throw_WithBall_00004.uexp" 4132
"F:/GitHub/SproutScape/SproutScape/Content/Developers/basde/Collections/SproutScapeDevFolderBas/Core/Assets/Drone2DAnims/trow/BeeBot_Throw/With_Ball/Throw_WithBall_00003.uasset" 4133
"F:/GitHub/SproutScape/SproutScape/Content/Developers/basde/Collections/SproutScapeDevFolderBas/Core/Assets/Drone2DAnims/trow/BeeBot_Throw/With_Ball/Throw_WithBall_00003.uexp" 4134
"F:/GitHub/SproutScape/SproutScape/Content/Developers/basde/Collections/SproutScapeDevFolderBas/Core/Assets/Drone2DAnims/trow/BeeBot_Throw/With_Ball/Throw_WithBall_00002.uasset" 4135
"F:/GitHub/SproutScape/SproutScape/Content/Developers/basde/Collections/SproutScapeDevFolderBas/Core/Assets/Drone2DAnims/trow/BeeBot_Throw/With_Ball/Throw_WithBall_00002.uexp" 4136
"F:/GitHub/SproutScape/SproutScape/Content/Developers/basde/Collections/SproutScapeDevFolderBas/Core/Assets/Drone2DAnims/trow/BeeBot_Throw/With_Ball/Throw_WithBall_00001.uasset" 4137
"F:/GitHub/SproutScape/SproutScape/Content/Developers/basde/Collections/SproutScapeDevFolderBas/Core/Assets/Drone2DAnims/trow/BeeBot_Throw/With_Ball/Throw_WithBall_00001.uexp" 4138
"F:/GitHub/SproutScape/SproutScape/Content/Developers/basde/Collections/SproutScapeDevFolderBas/Core/Assets/Drone2DAnims/trow/BeeBot_Throw/With_Ball/Throw_WithBall_00000.uasset" 4139
"F:/GitHub/SproutScape/SproutScape/Content/Developers/basde/Collections/SproutScapeDevFolderBas/Core/Assets/Drone2DAnims/trow/BeeBot_Throw/With_Ball/Throw_WithBall_00000.uexp" 4140
"F:/GitHub/SproutScape/SproutScape/Content/Developers/basde/Collections/SproutScapeDevFolderBas/Core/Assets/Drone2DAnims/trow/BeeBot_Throw/Empty_Handed/Throw_00138.uasset" 4141
"F:/GitHub/SproutScape/SproutScape/Content/Developers/basde/Collections/SproutScapeDevFolderBas/Core/Assets/Drone2DAnims/trow/BeeBot_Throw/Empty_Handed/Throw_00138.uexp" 4142
"F:/GitHub/SproutScape/SproutScape/Content/Developers/basde/Collections/SproutScapeDevFolderBas/Core/Assets/Drone2DAnims/trow/BeeBot_Throw/Empty_Handed/Throw_00137.uasset" 4143
"F:/GitHub/SproutScape/SproutScape/Content/Developers/basde/Collections/SproutScapeDevFolderBas/Core/Assets/Drone2DAnims/trow/BeeBot_Throw/Empty_Handed/Throw_00137.uexp" 4144
"F:/GitHub/SproutScape/SproutScape/Content/Developers/basde/Collections/SproutScapeDevFolderBas/Core/Assets/Drone2DAnims/trow/BeeBot_Throw/Empty_Handed/Throw_00136.uasset" 4145
"F:/GitHub/SproutScape/SproutScape/Content/Developers/basde/Collections/SproutScapeDevFolderBas/Core/Assets/Drone2DAnims/trow/BeeBot_Throw/Empty_Handed/Throw_00136.uexp" 4146
"F:/GitHub/SproutScape/SproutScape/Content/Developers/basde/Collections/SproutScapeDevFolderBas/Core/Assets/Drone2DAnims/trow/BeeBot_Throw/Empty_Handed/Throw_00135.uasset" 4147
"F:/GitHub/SproutScape/SproutScape/Content/Developers/basde/Collections/SproutScapeDevFolderBas/Core/Assets/Drone2DAnims/trow/BeeBot_Throw/Empty_Handed/Throw_00135.uexp" 4148
"F:/GitHub/SproutScape/SproutScape/Content/Developers/basde/Collections/SproutScapeDevFolderBas/Core/Assets/Drone2DAnims/trow/BeeBot_Throw/Empty_Handed/Throw_00134.uasset" 4149
"F:/GitHub/SproutScape/SproutScape/Content/Developers/basde/Collections/SproutScapeDevFolderBas/Core/Assets/Drone2DAnims/trow/BeeBot_Throw/Empty_Handed/Throw_00134.uexp" 4150
"F:/GitHub/SproutScape/SproutScape/Content/Developers/basde/Collections/SproutScapeDevFolderBas/Core/Assets/Drone2DAnims/trow/BeeBot_Throw/Empty_Handed/Throw_00133.uasset" 4151
"F:/GitHub/SproutScape/SproutScape/Content/Developers/basde/Collections/SproutScapeDevFolderBas/Core/Assets/Drone2DAnims/trow/BeeBot_Throw/Empty_Handed/Throw_00133.uexp" 4152
"F:/GitHub/SproutScape/SproutScape/Content/Developers/basde/Collections/SproutScapeDevFolderBas/Core/Assets/Drone2DAnims/trow/BeeBot_Throw/Empty_Handed/Throw_00132.uasset" 4153
"F:/GitHub/SproutScape/SproutScape/Content/Developers/basde/Collections/SproutScapeDevFolderBas/Core/Assets/Drone2DAnims/trow/BeeBot_Throw/Empty_Handed/Throw_00132.uexp" 4154
"F:/GitHub/SproutScape/SproutScape/Content/Developers/basde/Collections/SproutScapeDevFolderBas/Core/Assets/Drone2DAnims/trow/BeeBot_Throw/Empty_Handed/Throw_00131.uasset" 4155
"F:/GitHub/SproutScape/SproutScape/Content/Developers/basde/Collections/SproutScapeDevFolderBas/Core/Assets/Drone2DAnims/trow/BeeBot_Throw/Empty_Handed/Throw_00131.uexp" 4156
"F:/GitHub/SproutScape/SproutScape/Content/Developers/basde/Collections/SproutScapeDevFolderBas/Core/Assets/Drone2DAnims/trow/BeeBot_Throw/Empty_Handed/Throw_00130.uasset" 4157
"F:/GitHub/SproutScape/SproutScape/Content/Developers/basde/Collections/SproutScapeDevFolderBas/Core/Assets/Drone2DAnims/trow/BeeBot_Throw/Empty_Handed/Throw_00130.uexp" 4158
"F:/GitHub/SproutScape/SproutScape/Content/Developers/basde/Collections/SproutScapeDevFolderBas/Core/Assets/Drone2DAnims/trow/BeeBot_Throw/Empty_Handed/Throw_00129.uasset" 4159
"F:/GitHub/SproutScape/SproutScape/Content/Developers/basde/Collections/SproutScapeDevFolderBas/Core/Assets/Drone2DAnims/trow/BeeBot_Throw/Empty_Handed/Throw_00129.uexp" 4160
"F:/GitHub/SproutScape/SproutScape/Content/Developers/basde/Collections/SproutScapeDevFolderBas/Core/Assets/Drone2DAnims/trow/BeeBot_Throw/Empty_Handed/Throw_00128.uasset" 4161
"F:/GitHub/SproutScape/SproutScape/Content/Developers/basde/Collections/SproutScapeDevFolderBas/Core/Assets/Drone2DAnims/trow/BeeBot_Throw/Empty_Handed/Throw_00128.uexp" 4162
"F:/GitHub/SproutScape/SproutScape/Content/Developers/basde/Collections/SproutScapeDevFolderBas/Core/Assets/Drone2DAnims/trow/BeeBot_Throw/Empty_Handed/Throw_00127.uasset" 4163
"F:/GitHub/SproutScape/SproutScape/Content/Developers/basde/Collections/SproutScapeDevFolderBas/Core/Assets/Drone2DAnims/trow/BeeBot_Throw/Empty_Handed/Throw_00127.uexp" 4164
"F:/GitHub/SproutScape/SproutScape/Content/Developers/basde/Collections/SproutScapeDevFolderBas/Core/Assets/Drone2DAnims/trow/BeeBot_Throw/Empty_Handed/Throw_00126.uasset" 4165
"F:/GitHub/SproutScape/SproutScape/Content/Developers/basde/Collections/SproutScapeDevFolderBas/Core/Assets/Drone2DAnims/trow/BeeBot_Throw/Empty_Handed/Throw_00126.uexp" 4166
"F:/GitHub/SproutScape/SproutScape/Content/Developers/basde/Collections/SproutScapeDevFolderBas/Core/Assets/Drone2DAnims/trow/BeeBot_Throw/Empty_Handed/Throw_00125.uasset" 4167
"F:/GitHub/SproutScape/SproutScape/Content/Developers/basde/Collections/SproutScapeDevFolderBas/Core/Assets/Drone2DAnims/trow/BeeBot_Throw/Empty_Handed/Throw_00125.uexp" 4168
"F:/GitHub/SproutScape/SproutScape/Content/Developers/basde/Collections/SproutScapeDevFolderBas/Core/Assets/Drone2DAnims/trow/BeeBot_Throw/Empty_Handed/Throw_00124.uasset" 4169
"F:/GitHub/SproutScape/SproutScape/Content/Developers/basde/Collections/SproutScapeDevFolderBas/Core/Assets/Drone2DAnims/trow/BeeBot_Throw/Empty_Handed/Throw_00124.uexp" 4170
"F:/GitHub/SproutScape/SproutScape/Content/Developers/basde/Collections/SproutScapeDevFolderBas/Core/Assets/Drone2DAnims/trow/BeeBot_Throw/Empty_Handed/Throw_00123.uasset" 4171
"F:/GitHub/SproutScape/SproutScape/Content/Developers/basde/Collections/SproutScapeDevFolderBas/Core/Assets/Drone2DAnims/trow/BeeBot_Throw/Empty_Handed/Throw_00123.uexp" 4172
"F:/GitHub/SproutScape/SproutScape/Content/Developers/basde/Collections/SproutScapeDevFolderBas/Core/Assets/Drone2DAnims/trow/BeeBot_Throw/Empty_Handed/Throw_00122.uasset" 4173
"F:/GitHub/SproutScape/SproutScape/Content/Developers/basde/Collections/SproutScapeDevFolderBas/Core/Assets/Drone2DAnims/trow/BeeBot_Throw/Empty_Handed/Throw_00122.uexp" 4174
"F:/GitHub/SproutScape/SproutScape/Content/Developers/basde/Collections/SproutScapeDevFolderBas/Core/Assets/Drone2DAnims/trow/BeeBot_Throw/Empty_Handed/Throw_00121.uasset" 4175
"F:/GitHub/SproutScape/SproutScape/Content/Developers/basde/Collections/SproutScapeDevFolderBas/Core/Assets/Drone2DAnims/trow/BeeBot_Throw/Empty_Handed/Throw_00121.uexp" 4176
"F:/GitHub/SproutScape/SproutScape/Content/Developers/basde/Collections/SproutScapeDevFolderBas/Core/Assets/Drone2DAnims/trow/BeeBot_Throw/Empty_Handed/Throw_00120.uasset" 4177
"F:/GitHub/SproutScape/SproutScape/Content/Developers/basde/Collections/SproutScapeDevFolderBas/Core/Assets/Drone2DAnims/trow/BeeBot_Throw/Empty_Handed/Throw_00120.uexp" 4178
"F:/GitHub/SproutScape/SproutScape/Content/Developers/basde/Collections/SproutScapeDevFolderBas/Core/Assets/Drone2DAnims/trow/BeeBot_Throw/Empty_Handed/Throw_00119.uasset" 4179
"F:/GitHub/SproutScape/SproutScape/Content/Developers/basde/Collections/SproutScapeDevFolderBas/Core/Assets/Drone2DAnims/trow/BeeBot_Throw/Empty_Handed/Throw_00119.uexp" 4180
"F:/GitHub/SproutScape/SproutScape/Content/Developers/basde/Collections/SproutScapeDevFolderBas/Core/Assets/Drone2DAnims/trow/BeeBot_Throw/Empty_Handed/Throw_00118.uasset" 4181
"F:/GitHub/SproutScape/SproutScape/Content/Developers/basde/Collections/SproutScapeDevFolderBas/Core/Assets/Drone2DAnims/trow/BeeBot_Throw/Empty_Handed/Throw_00118.uexp" 4182
"F:/GitHub/SproutScape/SproutScape/Content/Developers/basde/Collections/SproutScapeDevFolderBas/Core/Assets/Drone2DAnims/trow/BeeBot_Throw/Empty_Handed/Throw_00117.uasset" 4183
"F:/GitHub/SproutScape/SproutScape/Content/Developers/basde/Collections/SproutScapeDevFolderBas/Core/Assets/Drone2DAnims/trow/BeeBot_Throw/Empty_Handed/Throw_00117.uexp" 4184
"F:/GitHub/SproutScape/SproutScape/Content/Developers/basde/Collections/SproutScapeDevFolderBas/Core/Assets/Drone2DAnims/trow/BeeBot_Throw/Empty_Handed/Throw_00116.uasset" 4185
"F:/GitHub/SproutScape/SproutScape/Content/Developers/basde/Collections/SproutScapeDevFolderBas/Core/Assets/Drone2DAnims/trow/BeeBot_Throw/Empty_Handed/Throw_00116.uexp" 4186
"F:/GitHub/SproutScape/SproutScape/Content/Developers/basde/Collections/SproutScapeDevFolderBas/Core/Assets/Drone2DAnims/trow/BeeBot_Throw/Empty_Handed/Throw_00115.uasset" 4187
"F:/GitHub/SproutScape/SproutScape/Content/Developers/basde/Collections/SproutScapeDevFolderBas/Core/Assets/Drone2DAnims/trow/BeeBot_Throw/Empty_Handed/Throw_00115.uexp" 4188
"F:/GitHub/SproutScape/SproutScape/Content/Developers/basde/Collections/SproutScapeDevFolderBas/Core/Assets/Drone2DAnims/trow/BeeBot_Throw/Empty_Handed/Throw_00114.uasset" 4189
"F:/GitHub/SproutScape/SproutScape/Content/Developers/basde/Collections/SproutScapeDevFolderBas/Core/Assets/Drone2DAnims/trow/BeeBot_Throw/Empty_Handed/Throw_00114.uexp" 4190
"F:/GitHub/SproutScape/SproutScape/Content/Developers/basde/Collections/SproutScapeDevFolderBas/Core/Assets/Drone2DAnims/trow/BeeBot_Throw/Empty_Handed/Throw_00113.uasset" 4191
"F:/GitHub/SproutScape/SproutScape/Content/Developers/basde/Collections/SproutScapeDevFolderBas/Core/Assets/Drone2DAnims/trow/BeeBot_Throw/Empty_Handed/Throw_00113.uexp" 4192
"F:/GitHub/SproutScape/SproutScape/Content/Developers/basde/Collections/SproutScapeDevFolderBas/Core/Assets/Drone2DAnims/trow/BeeBot_Throw/Empty_Handed/Throw_00112.uasset" 4193
"F:/GitHub/SproutScape/SproutScape/Content/Developers/basde/Collections/SproutScapeDevFolderBas/Core/Assets/Drone2DAnims/trow/BeeBot_Throw/Empty_Handed/Throw_00112.uexp" 4194
"F:/GitHub/SproutScape/SproutScape/Content/Developers/basde/Collections/SproutScapeDevFolderBas/Core/Assets/Drone2DAnims/trow/BeeBot_Throw/Empty_Handed/Throw_00111.uasset" 4195
"F:/GitHub/SproutScape/SproutScape/Content/Developers/basde/Collections/SproutScapeDevFolderBas/Core/Assets/Drone2DAnims/trow/BeeBot_Throw/Empty_Handed/Throw_00111.uexp" 4196
"F:/GitHub/SproutScape/SproutScape/Content/Developers/basde/Collections/SproutScapeDevFolderBas/Core/Assets/Drone2DAnims/trow/BeeBot_Throw/Empty_Handed/Throw_00110.uasset" 4197
"F:/GitHub/SproutScape/SproutScape/Content/Developers/basde/Collections/SproutScapeDevFolderBas/Core/Assets/Drone2DAnims/trow/BeeBot_Throw/Empty_Handed/Throw_00110.uexp" 4198
"F:/GitHub/SproutScape/SproutScape/Content/Developers/basde/Collections/SproutScapeDevFolderBas/Core/Assets/Drone2DAnims/trow/BeeBot_Throw/Empty_Handed/Throw_00109.uasset" 4199
"F:/GitHub/SproutScape/SproutScape/Content/Developers/basde/Collections/SproutScapeDevFolderBas/Core/Assets/Drone2DAnims/trow/BeeBot_Throw/Empty_Handed/Throw_00109.uexp" 4200
"F:/GitHub/SproutScape/SproutScape/Content/Developers/basde/Collections/SproutScapeDevFolderBas/Core/Assets/Drone2DAnims/trow/BeeBot_Throw/Empty_Handed/Throw_00108.uasset" 4201
"F:/GitHub/SproutScape/SproutScape/Content/Developers/basde/Collections/SproutScapeDevFolderBas/Core/Assets/Drone2DAnims/trow/BeeBot_Throw/Empty_Handed/Throw_00108.uexp" 4202
"F:/GitHub/SproutScape/SproutScape/Content/Developers/basde/Collections/SproutScapeDevFolderBas/Core/Assets/Drone2DAnims/trow/BeeBot_Throw/Empty_Handed/Throw_00107.uasset" 4203
"F:/GitHub/SproutScape/SproutScape/Content/Developers/basde/Collections/SproutScapeDevFolderBas/Core/Assets/Drone2DAnims/trow/BeeBot_Throw/Empty_Handed/Throw_00107.uexp" 4204
"F:/GitHub/SproutScape/SproutScape/Content/Developers/basde/Collections/SproutScapeDevFolderBas/Core/Assets/Drone2DAnims/trow/BeeBot_Throw/Empty_Handed/Throw_00106.uasset" 4205
"F:/GitHub/SproutScape/SproutScape/Content/Developers/basde/Collections/SproutScapeDevFolderBas/Core/Assets/Drone2DAnims/trow/BeeBot_Throw/Empty_Handed/Throw_00106.uexp" 4206
"F:/GitHub/SproutScape/SproutScape/Content/Developers/basde/Collections/SproutScapeDevFolderBas/Core/Assets/Drone2DAnims/trow/BeeBot_Throw/Empty_Handed/Throw_00044.uasset" 4207
"F:/GitHub/SproutScape/SproutScape/Content/Developers/basde/Collections/SproutScapeDevFolderBas/Core/Assets/Drone2DAnims/trow/BeeBot_Throw/Empty_Handed/Throw_00044.uexp" 4208
"F:/GitHub/SproutScape/SproutScape/Content/Developers/basde/Collections/SproutScapeDevFolderBas/Core/Assets/Drone2DAnims/trow/BeeBot_Throw/Empty_Handed/Throw_00043.uasset" 4209
"F:/GitHub/SproutScape/SproutScape/Content/Developers/basde/Collections/SproutScapeDevFolderBas/Core/Assets/Drone2DAnims/trow/BeeBot_Throw/Empty_Handed/Throw_00043.uexp" 4210
"F:/GitHub/SproutScape/SproutScape/Content/Developers/basde/Collections/SproutScapeDevFolderBas/Core/Assets/Drone2DAnims/trow/BeeBot_Throw/Empty_Handed/Throw_00042.uasset" 4211
"F:/GitHub/SproutScape/SproutScape/Content/Developers/basde/Collections/SproutScapeDevFolderBas/Core/Assets/Drone2DAnims/trow/BeeBot_Throw/Empty_Handed/Throw_00042.uexp" 4212
"F:/GitHub/SproutScape/SproutScape/Content/Developers/basde/Collections/SproutScapeDevFolderBas/Core/Assets/Drone2DAnims/trow/BeeBot_Throw/Empty_Handed/Throw_00041.uasset" 4213
"F:/GitHub/SproutScape/SproutScape/Content/Developers/basde/Collections/SproutScapeDevFolderBas/Core/Assets/Drone2DAnims/trow/BeeBot_Throw/Empty_Handed/Throw_00041.uexp" 4214
"F:/GitHub/SproutScape/SproutScape/Content/Developers/basde/Collections/SproutScapeDevFolderBas/Core/Assets/Drone2DAnims/trow/BeeBot_Throw/Empty_Handed/Throw_00040.uasset" 4215
"F:/GitHub/SproutScape/SproutScape/Content/Developers/basde/Collections/SproutScapeDevFolderBas/Core/Assets/Drone2DAnims/trow/BeeBot_Throw/Empty_Handed/Throw_00040.uexp" 4216
"F:/GitHub/SproutScape/SproutScape/Content/Developers/basde/Collections/SproutScapeDevFolderBas/Core/Assets/Drone2DAnims/trow/BeeBot_Throw/Empty_Handed/Throw_00039.uasset" 4217
"F:/GitHub/SproutScape/SproutScape/Content/Developers/basde/Collections/SproutScapeDevFolderBas/Core/Assets/Drone2DAnims/trow/BeeBot_Throw/Empty_Handed/Throw_00039.uexp" 4218
"F:/GitHub/SproutScape/SproutScape/Content/Developers/basde/Collections/SproutScapeDevFolderBas/Core/Assets/Drone2DAnims/trow/BeeBot_Throw/Empty_Handed/Throw_00038.uasset" 4219
"F:/GitHub/SproutScape/SproutScape/Content/Developers/basde/Collections/SproutScapeDevFolderBas/Core/Assets/Drone2DAnims/trow/BeeBot_Throw/Empty_Handed/Throw_00038.uexp" 4220
"F:/GitHub/SproutScape/SproutScape/Content/Developers/basde/Collections/SproutScapeDevFolderBas/Core/Assets/Drone2DAnims/trow/BeeBot_Throw/Empty_Handed/Throw_00037.uasset" 4221
"F:/GitHub/SproutScape/SproutScape/Content/Developers/basde/Collections/SproutScapeDevFolderBas/Core/Assets/Drone2DAnims/trow/BeeBot_Throw/Empty_Handed/Throw_00037.uexp" 4222
"F:/GitHub/SproutScape/SproutScape/Content/Developers/basde/Collections/SproutScapeDevFolderBas/Core/Assets/Drone2DAnims/trow/BeeBot_Throw/Empty_Handed/Throw_00036.uasset" 4223
"F:/GitHub/SproutScape/SproutScape/Content/Developers/basde/Collections/SproutScapeDevFolderBas/Core/Assets/Drone2DAnims/trow/BeeBot_Throw/Empty_Handed/Throw_00036.uexp" 4224
"F:/GitHub/SproutScape/SproutScape/Content/Developers/basde/Collections/SproutScapeDevFolderBas/Core/Assets/Drone2DAnims/trow/BeeBot_Throw/Empty_Handed/Throw_00035.uasset" 4225
"F:/GitHub/SproutScape/SproutScape/Content/Developers/basde/Collections/SproutScapeDevFolderBas/Core/Assets/Drone2DAnims/trow/BeeBot_Throw/Empty_Handed/Throw_00035.uexp" 4226
"F:/GitHub/SproutScape/SproutScape/Content/Developers/basde/Collections/SproutScapeDevFolderBas/Core/Assets/Drone2DAnims/trow/BeeBot_Throw/Empty_Handed/Throw_00034.uasset" 4227
"F:/GitHub/SproutScape/SproutScape/Content/Developers/basde/Collections/SproutScapeDevFolderBas/Core/Assets/Drone2DAnims/trow/BeeBot_Throw/Empty_Handed/Throw_00034.uexp" 4228
"F:/GitHub/SproutScape/SproutScape/Content/Developers/basde/Collections/SproutScapeDevFolderBas/Core/Assets/Drone2DAnims/trow/BeeBot_Throw/Empty_Handed/Throw_00033.uasset" 4229
"F:/GitHub/SproutScape/SproutScape/Content/Developers/basde/Collections/SproutScapeDevFolderBas/Core/Assets/Drone2DAnims/trow/BeeBot_Throw/Empty_Handed/Throw_00033.uexp" 4230
"F:/GitHub/SproutScape/SproutScape/Content/Developers/basde/Collections/SproutScapeDevFolderBas/Core/Assets/Drone2DAnims/trow/BeeBot_Throw/Empty_Handed/Throw_00032.uasset" 4231
"F:/GitHub/SproutScape/SproutScape/Content/Developers/basde/Collections/SproutScapeDevFolderBas/Core/Assets/Drone2DAnims/trow/BeeBot_Throw/Empty_Handed/Throw_00032.uexp" 4232
"F:/GitHub/SproutScape/SproutScape/Content/Developers/basde/Collections/SproutScapeDevFolderBas/Core/Assets/Drone2DAnims/trow/BeeBot_Throw/Empty_Handed/Throw_00031.uasset" 4233
"F:/GitHub/SproutScape/SproutScape/Content/Developers/basde/Collections/SproutScapeDevFolderBas/Core/Assets/Drone2DAnims/trow/BeeBot_Throw/Empty_Handed/Throw_00031.uexp" 4234
"F:/GitHub/SproutScape/SproutScape/Content/Developers/basde/Collections/SproutScapeDevFolderBas/Core/Assets/Drone2DAnims/trow/BeeBot_Throw/Empty_Handed/Throw_00030.uasset" 4235
"F:/GitHub/SproutScape/SproutScape/Content/Developers/basde/Collections/SproutScapeDevFolderBas/Core/Assets/Drone2DAnims/trow/BeeBot_Throw/Empty_Handed/Throw_00030.uexp" 4236
"F:/GitHub/SproutScape/SproutScape/Content/Developers/basde/Collections/SproutScapeDevFolderBas/Core/Assets/Drone2DAnims/trow/BeeBot_Throw/Empty_Handed/Throw_00029.uasset" 4237
"F:/GitHub/SproutScape/SproutScape/Content/Developers/basde/Collections/SproutScapeDevFolderBas/Core/Assets/Drone2DAnims/trow/BeeBot_Throw/Empty_Handed/Throw_00029.uexp" 4238
"F:/GitHub/SproutScape/SproutScape/Content/Developers/basde/Collections/SproutScapeDevFolderBas/Core/Assets/Drone2DAnims/trow/BeeBot_Throw/Empty_Handed/Throw_00028.uasset" 4239
"F:/GitHub/SproutScape/SproutScape/Content/Developers/basde/Collections/SproutScapeDevFolderBas/Core/Assets/Drone2DAnims/trow/BeeBot_Throw/Empty_Handed/Throw_00028.uexp" 4240
"F:/GitHub/SproutScape/SproutScape/Content/Developers/basde/Collections/SproutScapeDevFolderBas/Core/Assets/Drone2DAnims/trow/BeeBot_Throw/Empty_Handed/Throw_00027.uasset" 4241
"F:/GitHub/SproutScape/SproutScape/Content/Developers/basde/Collections/SproutScapeDevFolderBas/Core/Assets/Drone2DAnims/trow/BeeBot_Throw/Empty_Handed/Throw_00027.uexp" 4242
"F:/GitHub/SproutScape/SproutScape/Content/Developers/basde/Collections/SproutScapeDevFolderBas/Core/Assets/Drone2DAnims/trow/BeeBot_Throw/Empty_Handed/Throw_00026.uasset" 4243
"F:/GitHub/SproutScape/SproutScape/Content/Developers/basde/Collections/SproutScapeDevFolderBas/Core/Assets/Drone2DAnims/trow/BeeBot_Throw/Empty_Handed/Throw_00026.uexp" 4244
"F:/GitHub/SproutScape/SproutScape/Content/Developers/basde/Collections/SproutScapeDevFolderBas/Core/Assets/Drone2DAnims/trow/BeeBot_Throw/Empty_Handed/Throw_00025.uasset" 4245
"F:/GitHub/SproutScape/SproutScape/Content/Developers/basde/Collections/SproutScapeDevFolderBas/Core/Assets/Drone2DAnims/trow/BeeBot_Throw/Empty_Handed/Throw_00025.uexp" 4246
"F:/GitHub/SproutScape/SproutScape/Content/Developers/basde/Collections/SproutScapeDevFolderBas/Core/Assets/Drone2DAnims/trow/BeeBot_Throw/Empty_Handed/Throw_00024.uasset" 4247
"F:/GitHub/SproutScape/SproutScape/Content/Developers/basde/Collections/SproutScapeDevFolderBas/Core/Assets/Drone2DAnims/trow/BeeBot_Throw/Empty_Handed/Throw_00024.uexp" 4248
"F:/GitHub/SproutScape/SproutScape/Content/Developers/basde/Collections/SproutScapeDevFolderBas/Core/Assets/Drone2DAnims/trow/BeeBot_Throw/Empty_Handed/Throw_00023.uasset" 4249
"F:/GitHub/SproutScape/SproutScape/Content/Developers/basde/Collections/SproutScapeDevFolderBas/Core/Assets/Drone2DAnims/trow/BeeBot_Throw/Empty_Handed/Throw_00023.uexp" 4250
"F:/GitHub/SproutScape/SproutScape/Content/Developers/basde/Collections/SproutScapeDevFolderBas/Core/Assets/Drone2DAnims/trow/BeeBot_Throw/Empty_Handed/Throw_00022.uasset" 4251
"F:/GitHub/SproutScape/SproutScape/Content/Developers/basde/Collections/SproutScapeDevFolderBas/Core/Assets/Drone2DAnims/trow/BeeBot_Throw/Empty_Handed/Throw_00022.uexp" 4252
"../../../Engine/Content/EngineResources/DefaultTextureCube.uasset" 4253
"../../../Engine/Content/EngineResources/DefaultTextureCube.uexp" 4254
"F:/GitHub/SproutScape/SproutScape/Content/Developers/basde/Collections/SproutScapeDevFolderBas/Core/Assets/Drone2DAnims/trow/BeeBot_Throw/Empty_Handed/Throw_00021.uasset" 4255
"F:/GitHub/SproutScape/SproutScape/Content/Developers/basde/Collections/SproutScapeDevFolderBas/Core/Assets/Drone2DAnims/trow/BeeBot_Throw/Empty_Handed/Throw_00021.uexp" 4256
"F:/GitHub/SproutScape/SproutScape/Content/Developers/basde/Collections/SproutScapeDevFolderBas/Core/Assets/Drone2DAnims/trow/BeeBot_Throw/Empty_Handed/Throw_00020.uasset" 4257
"F:/GitHub/SproutScape/SproutScape/Content/Developers/basde/Collections/SproutScapeDevFolderBas/Core/Assets/Drone2DAnims/trow/BeeBot_Throw/Empty_Handed/Throw_00020.uexp" 4258
"F:/GitHub/SproutScape/SproutScape/Content/Developers/basde/Collections/SproutScapeDevFolderBas/Core/Assets/Drone2DAnims/trow/BeeBot_Throw/Empty_Handed/Throw_00019.uasset" 4259
"F:/GitHub/SproutScape/SproutScape/Content/Developers/basde/Collections/SproutScapeDevFolderBas/Core/Assets/Drone2DAnims/trow/BeeBot_Throw/Empty_Handed/Throw_00019.uexp" 4260
"F:/GitHub/SproutScape/SproutScape/Content/Developers/basde/Collections/SproutScapeDevFolderBas/Core/Assets/Drone2DAnims/trow/BeeBot_Throw/Empty_Handed/Throw_00018.uasset" 4261
"F:/GitHub/SproutScape/SproutScape/Content/Developers/basde/Collections/SproutScapeDevFolderBas/Core/Assets/Drone2DAnims/trow/BeeBot_Throw/Empty_Handed/Throw_00018.uexp" 4262
"F:/GitHub/SproutScape/SproutScape/Content/Developers/basde/Collections/SproutScapeDevFolderBas/Core/Assets/Drone2DAnims/trow/BeeBot_Throw/Empty_Handed/Throw_00017.uasset" 4263
"F:/GitHub/SproutScape/SproutScape/Content/Developers/basde/Collections/SproutScapeDevFolderBas/Core/Assets/Drone2DAnims/trow/BeeBot_Throw/Empty_Handed/Throw_00017.uexp" 4264
"F:/GitHub/SproutScape/SproutScape/Content/Developers/basde/Collections/SproutScapeDevFolderBas/Core/Assets/Drone2DAnims/trow/BeeBot_Throw/Empty_Handed/Throw_00016.uasset" 4265
"F:/GitHub/SproutScape/SproutScape/Content/Developers/basde/Collections/SproutScapeDevFolderBas/Core/Assets/Drone2DAnims/trow/BeeBot_Throw/Empty_Handed/Throw_00016.uexp" 4266
"F:/GitHub/SproutScape/SproutScape/Content/Developers/basde/Collections/SproutScapeDevFolderBas/Core/Assets/Drone2DAnims/trow/BeeBot_Throw/Empty_Handed/Throw_00015.uasset" 4267
"F:/GitHub/SproutScape/SproutScape/Content/Developers/basde/Collections/SproutScapeDevFolderBas/Core/Assets/Drone2DAnims/trow/BeeBot_Throw/Empty_Handed/Throw_00015.uexp" 4268
"F:/GitHub/SproutScape/SproutScape/Content/Developers/basde/Collections/SproutScapeDevFolderBas/Core/Assets/Drone2DAnims/trow/BeeBot_Throw/Empty_Handed/Throw_00014.uasset" 4269
"F:/GitHub/SproutScape/SproutScape/Content/Developers/basde/Collections/SproutScapeDevFolderBas/Core/Assets/Drone2DAnims/trow/BeeBot_Throw/Empty_Handed/Throw_00014.uexp" 4270
"F:/GitHub/SproutScape/SproutScape/Content/Developers/basde/Collections/SproutScapeDevFolderBas/Core/Assets/Drone2DAnims/trow/BeeBot_Throw/Empty_Handed/Throw_00013.uasset" 4271
"F:/GitHub/SproutScape/SproutScape/Content/Developers/basde/Collections/SproutScapeDevFolderBas/Core/Assets/Drone2DAnims/trow/BeeBot_Throw/Empty_Handed/Throw_00013.uexp" 4272
"F:/GitHub/SproutScape/SproutScape/Content/Developers/basde/Collections/SproutScapeDevFolderBas/Core/Assets/Drone2DAnims/trow/BeeBot_Throw/Empty_Handed/Throw_00012.uasset" 4273
"F:/GitHub/SproutScape/SproutScape/Content/Developers/basde/Collections/SproutScapeDevFolderBas/Core/Assets/Drone2DAnims/trow/BeeBot_Throw/Empty_Handed/Throw_00012.uexp" 4274
"F:/GitHub/SproutScape/SproutScape/Content/Developers/basde/Collections/SproutScapeDevFolderBas/Core/Assets/Drone2DAnims/trow/BeeBot_Throw/Empty_Handed/Throw_00011.uasset" 4275
"F:/GitHub/SproutScape/SproutScape/Content/Developers/basde/Collections/SproutScapeDevFolderBas/Core/Assets/Drone2DAnims/trow/BeeBot_Throw/Empty_Handed/Throw_00011.uexp" 4276
"F:/GitHub/SproutScape/SproutScape/Content/Developers/basde/Collections/SproutScapeDevFolderBas/Core/Assets/Drone2DAnims/trow/BeeBot_Throw/Empty_Handed/Throw_00010.uasset" 4277
"F:/GitHub/SproutScape/SproutScape/Content/Developers/basde/Collections/SproutScapeDevFolderBas/Core/Assets/Drone2DAnims/trow/BeeBot_Throw/Empty_Handed/Throw_00010.uexp" 4278
"F:/GitHub/SproutScape/SproutScape/Content/Developers/basde/Collections/SproutScapeDevFolderBas/Core/Assets/Drone2DAnims/trow/BeeBot_Throw/Empty_Handed/Throw_00009.uasset" 4279
"F:/GitHub/SproutScape/SproutScape/Content/Developers/basde/Collections/SproutScapeDevFolderBas/Core/Assets/Drone2DAnims/trow/BeeBot_Throw/Empty_Handed/Throw_00009.uexp" 4280
"F:/GitHub/SproutScape/SproutScape/Content/Developers/basde/Collections/SproutScapeDevFolderBas/Core/Assets/Drone2DAnims/trow/BeeBot_Throw/Empty_Handed/Throw_00008.uasset" 4281
"F:/GitHub/SproutScape/SproutScape/Content/Developers/basde/Collections/SproutScapeDevFolderBas/Core/Assets/Drone2DAnims/trow/BeeBot_Throw/Empty_Handed/Throw_00008.uexp" 4282
"F:/GitHub/SproutScape/SproutScape/Content/Developers/basde/Collections/SproutScapeDevFolderBas/Core/Assets/Drone2DAnims/trow/BeeBot_Throw/Empty_Handed/Throw_00007.uasset" 4283
"F:/GitHub/SproutScape/SproutScape/Content/Developers/basde/Collections/SproutScapeDevFolderBas/Core/Assets/Drone2DAnims/trow/BeeBot_Throw/Empty_Handed/Throw_00007.uexp" 4284
"F:/GitHub/SproutScape/SproutScape/Content/Developers/basde/Collections/SproutScapeDevFolderBas/Core/Assets/Drone2DAnims/trow/BeeBot_Throw/Empty_Handed/Throw_00006.uasset" 4285
"F:/GitHub/SproutScape/SproutScape/Content/Developers/basde/Collections/SproutScapeDevFolderBas/Core/Assets/Drone2DAnims/trow/BeeBot_Throw/Empty_Handed/Throw_00006.uexp" 4286
"F:/GitHub/SproutScape/SproutScape/Content/Developers/basde/Collections/SproutScapeDevFolderBas/Core/Assets/Drone2DAnims/trow/BeeBot_Throw/Empty_Handed/Throw_00005.uasset" 4287
"F:/GitHub/SproutScape/SproutScape/Content/Developers/basde/Collections/SproutScapeDevFolderBas/Core/Assets/Drone2DAnims/trow/BeeBot_Throw/Empty_Handed/Throw_00005.uexp" 4288
"F:/GitHub/SproutScape/SproutScape/Content/Developers/basde/Collections/SproutScapeDevFolderBas/Core/Assets/Drone2DAnims/trow/BeeBot_Throw/Empty_Handed/Throw_00004.uasset" 4289
"F:/GitHub/SproutScape/SproutScape/Content/Developers/basde/Collections/SproutScapeDevFolderBas/Core/Assets/Drone2DAnims/trow/BeeBot_Throw/Empty_Handed/Throw_00004.uexp" 4290
"F:/GitHub/SproutScape/SproutScape/Content/Developers/basde/Collections/SproutScapeDevFolderBas/Core/Assets/Drone2DAnims/trow/BeeBot_Throw/Empty_Handed/Throw_00003.uasset" 4291
"F:/GitHub/SproutScape/SproutScape/Content/Developers/basde/Collections/SproutScapeDevFolderBas/Core/Assets/Drone2DAnims/trow/BeeBot_Throw/Empty_Handed/Throw_00003.uexp" 4292
"F:/GitHub/SproutScape/SproutScape/Content/Developers/basde/Collections/SproutScapeDevFolderBas/Core/Assets/Drone2DAnims/trow/BeeBot_Throw/Empty_Handed/Throw_00002.uasset" 4293
"F:/GitHub/SproutScape/SproutScape/Content/Developers/basde/Collections/SproutScapeDevFolderBas/Core/Assets/Drone2DAnims/trow/BeeBot_Throw/Empty_Handed/Throw_00002.uexp" 4294
"F:/GitHub/SproutScape/SproutScape/Content/Developers/basde/Collections/SproutScapeDevFolderBas/Core/Assets/Drone2DAnims/trow/BeeBot_Throw/Empty_Handed/Throw_00001.uasset" 4295
"F:/GitHub/SproutScape/SproutScape/Content/Developers/basde/Collections/SproutScapeDevFolderBas/Core/Assets/Drone2DAnims/trow/BeeBot_Throw/Empty_Handed/Throw_00001.uexp" 4296
"F:/GitHub/SproutScape/SproutScape/Content/Developers/basde/Collections/SproutScapeDevFolderBas/Core/Assets/Drone2DAnims/trow/BeeBot_Throw/Empty_Handed/Throw_00000.uasset" 4297
"F:/GitHub/SproutScape/SproutScape/Content/Developers/basde/Collections/SproutScapeDevFolderBas/Core/Assets/Drone2DAnims/trow/BeeBot_Throw/Empty_Handed/Throw_00000.uexp" 4298
"F:/GitHub/SproutScape/SproutScape/Content/Developers/basde/Collections/SproutScapeDevFolderBas/Core/Assets/Drone2DAnims/shake/BeeBot_Shake/Shake_00115.uasset" 4299
"F:/GitHub/SproutScape/SproutScape/Content/Developers/basde/Collections/SproutScapeDevFolderBas/Core/Assets/Drone2DAnims/shake/BeeBot_Shake/Shake_00115.uexp" 4300
"F:/GitHub/SproutScape/SproutScape/Content/Developers/basde/Collections/SproutScapeDevFolderBas/Core/Assets/Drone2DAnims/shake/BeeBot_Shake/Shake_00114.uasset" 4301
"F:/GitHub/SproutScape/SproutScape/Content/Developers/basde/Collections/SproutScapeDevFolderBas/Core/Assets/Drone2DAnims/shake/BeeBot_Shake/Shake_00114.uexp" 4302
"F:/GitHub/SproutScape/SproutScape/Content/Developers/basde/Collections/SproutScapeDevFolderBas/Core/Assets/Drone2DAnims/shake/BeeBot_Shake/Shake_00113.uasset" 4303
"F:/GitHub/SproutScape/SproutScape/Content/Developers/basde/Collections/SproutScapeDevFolderBas/Core/Assets/Drone2DAnims/shake/BeeBot_Shake/Shake_00113.uexp" 4304
"F:/GitHub/SproutScape/SproutScape/Content/Developers/basde/Collections/SproutScapeDevFolderBas/Core/Assets/Drone2DAnims/shake/BeeBot_Shake/Shake_00112.uasset" 4305
"F:/GitHub/SproutScape/SproutScape/Content/Developers/basde/Collections/SproutScapeDevFolderBas/Core/Assets/Drone2DAnims/shake/BeeBot_Shake/Shake_00112.uexp" 4306
"F:/GitHub/SproutScape/SproutScape/Content/Developers/basde/Collections/SproutScapeDevFolderBas/Core/Assets/Drone2DAnims/shake/BeeBot_Shake/Shake_00111.uasset" 4307
"F:/GitHub/SproutScape/SproutScape/Content/Developers/basde/Collections/SproutScapeDevFolderBas/Core/Assets/Drone2DAnims/shake/BeeBot_Shake/Shake_00111.uexp" 4308
"F:/GitHub/SproutScape/SproutScape/Content/Developers/basde/Collections/SproutScapeDevFolderBas/Core/Assets/Drone2DAnims/shake/BeeBot_Shake/Shake_00110.uasset" 4309
"F:/GitHub/SproutScape/SproutScape/Content/Developers/basde/Collections/SproutScapeDevFolderBas/Core/Assets/Drone2DAnims/shake/BeeBot_Shake/Shake_00110.uexp" 4310
"F:/GitHub/SproutScape/SproutScape/Content/Developers/basde/Collections/SproutScapeDevFolderBas/Core/Assets/Drone2DAnims/shake/BeeBot_Shake/Shake_00109.uasset" 4311
"F:/GitHub/SproutScape/SproutScape/Content/Developers/basde/Collections/SproutScapeDevFolderBas/Core/Assets/Drone2DAnims/shake/BeeBot_Shake/Shake_00109.uexp" 4312
"F:/GitHub/SproutScape/SproutScape/Content/Developers/basde/Collections/SproutScapeDevFolderBas/Core/Assets/Drone2DAnims/shake/BeeBot_Shake/Shake_00108.uasset" 4313
"F:/GitHub/SproutScape/SproutScape/Content/Developers/basde/Collections/SproutScapeDevFolderBas/Core/Assets/Drone2DAnims/shake/BeeBot_Shake/Shake_00108.uexp" 4314
"F:/GitHub/SproutScape/SproutScape/Content/Developers/basde/Collections/SproutScapeDevFolderBas/Core/Assets/Drone2DAnims/shake/BeeBot_Shake/Shake_00107.uasset" 4315
"F:/GitHub/SproutScape/SproutScape/Content/Developers/basde/Collections/SproutScapeDevFolderBas/Core/Assets/Drone2DAnims/shake/BeeBot_Shake/Shake_00107.uexp" 4316
"F:/GitHub/SproutScape/SproutScape/Content/Developers/basde/Collections/SproutScapeDevFolderBas/Core/Assets/Drone2DAnims/shake/BeeBot_Shake/Shake_00106.uasset" 4317
"F:/GitHub/SproutScape/SproutScape/Content/Developers/basde/Collections/SproutScapeDevFolderBas/Core/Assets/Drone2DAnims/shake/BeeBot_Shake/Shake_00106.uexp" 4318
"F:/GitHub/SproutScape/SproutScape/Content/Developers/basde/Collections/SproutScapeDevFolderBas/Core/Assets/Drone2DAnims/shake/BeeBot_Shake/Shake_00105.uasset" 4319
"F:/GitHub/SproutScape/SproutScape/Content/Developers/basde/Collections/SproutScapeDevFolderBas/Core/Assets/Drone2DAnims/shake/BeeBot_Shake/Shake_00105.uexp" 4320
"F:/GitHub/SproutScape/SproutScape/Content/Developers/basde/Collections/SproutScapeDevFolderBas/Core/Assets/Drone2DAnims/shake/BeeBot_Shake/Shake_00104.uasset" 4321
"F:/GitHub/SproutScape/SproutScape/Content/Developers/basde/Collections/SproutScapeDevFolderBas/Core/Assets/Drone2DAnims/shake/BeeBot_Shake/Shake_00104.uexp" 4322
"F:/GitHub/SproutScape/SproutScape/Content/Developers/basde/Collections/SproutScapeDevFolderBas/Core/Assets/Drone2DAnims/shake/BeeBot_Shake/Shake_00103.uasset" 4323
"F:/GitHub/SproutScape/SproutScape/Content/Developers/basde/Collections/SproutScapeDevFolderBas/Core/Assets/Drone2DAnims/shake/BeeBot_Shake/Shake_00103.uexp" 4324
"F:/GitHub/SproutScape/SproutScape/Content/Developers/basde/Collections/SproutScapeDevFolderBas/Core/Assets/Drone2DAnims/shake/BeeBot_Shake/Shake_00102.uasset" 4325
"F:/GitHub/SproutScape/SproutScape/Content/Developers/basde/Collections/SproutScapeDevFolderBas/Core/Assets/Drone2DAnims/shake/BeeBot_Shake/Shake_00102.uexp" 4326
"F:/GitHub/SproutScape/SproutScape/Content/Developers/basde/Collections/SproutScapeDevFolderBas/Core/Assets/Drone2DAnims/shake/BeeBot_Shake/Shake_00101.uasset" 4327
"F:/GitHub/SproutScape/SproutScape/Content/Developers/basde/Collections/SproutScapeDevFolderBas/Core/Assets/Drone2DAnims/shake/BeeBot_Shake/Shake_00101.uexp" 4328
"F:/GitHub/SproutScape/SproutScape/Content/Developers/basde/Collections/SproutScapeDevFolderBas/Core/Assets/Drone2DAnims/shake/BeeBot_Shake/Shake_00100.uasset" 4329
"F:/GitHub/SproutScape/SproutScape/Content/Developers/basde/Collections/SproutScapeDevFolderBas/Core/Assets/Drone2DAnims/shake/BeeBot_Shake/Shake_00100.uexp" 4330
"F:/GitHub/SproutScape/SproutScape/Content/Developers/basde/Collections/SproutScapeDevFolderBas/Core/Assets/Drone2DAnims/shake/BeeBot_Shake/Shake_00099.uasset" 4331
"F:/GitHub/SproutScape/SproutScape/Content/Developers/basde/Collections/SproutScapeDevFolderBas/Core/Assets/Drone2DAnims/shake/BeeBot_Shake/Shake_00099.uexp" 4332
"F:/GitHub/SproutScape/SproutScape/Content/Developers/basde/Collections/SproutScapeDevFolderBas/Core/Assets/Drone2DAnims/shake/BeeBot_Shake/Shake_00098.uasset" 4333
"F:/GitHub/SproutScape/SproutScape/Content/Developers/basde/Collections/SproutScapeDevFolderBas/Core/Assets/Drone2DAnims/shake/BeeBot_Shake/Shake_00098.uexp" 4334
"F:/GitHub/SproutScape/SproutScape/Content/Developers/basde/Collections/SproutScapeDevFolderBas/Core/Assets/Drone2DAnims/shake/BeeBot_Shake/Shake_00097.uasset" 4335
"F:/GitHub/SproutScape/SproutScape/Content/Developers/basde/Collections/SproutScapeDevFolderBas/Core/Assets/Drone2DAnims/shake/BeeBot_Shake/Shake_00097.uexp" 4336
"F:/GitHub/SproutScape/SproutScape/Content/Developers/basde/Collections/SproutScapeDevFolderBas/Core/Assets/Drone2DAnims/shake/BeeBot_Shake/Shake_00096.uasset" 4337
"F:/GitHub/SproutScape/SproutScape/Content/Developers/basde/Collections/SproutScapeDevFolderBas/Core/Assets/Drone2DAnims/shake/BeeBot_Shake/Shake_00096.uexp" 4338
"F:/GitHub/SproutScape/SproutScape/Content/Developers/basde/Collections/SproutScapeDevFolderBas/Core/Assets/Drone2DAnims/shake/BeeBot_Shake/Shake_00095.uasset" 4339
"F:/GitHub/SproutScape/SproutScape/Content/Developers/basde/Collections/SproutScapeDevFolderBas/Core/Assets/Drone2DAnims/shake/BeeBot_Shake/Shake_00095.uexp" 4340
"F:/GitHub/SproutScape/SproutScape/Content/Developers/basde/Collections/SproutScapeDevFolderBas/Core/Assets/Drone2DAnims/shake/BeeBot_Shake/Shake_00094.uasset" 4341
"F:/GitHub/SproutScape/SproutScape/Content/Developers/basde/Collections/SproutScapeDevFolderBas/Core/Assets/Drone2DAnims/shake/BeeBot_Shake/Shake_00094.uexp" 4342
"F:/GitHub/SproutScape/SproutScape/Content/Developers/basde/Collections/SproutScapeDevFolderBas/Core/Assets/Drone2DAnims/shake/BeeBot_Shake/Shake_00093.uasset" 4343
"F:/GitHub/SproutScape/SproutScape/Content/Developers/basde/Collections/SproutScapeDevFolderBas/Core/Assets/Drone2DAnims/shake/BeeBot_Shake/Shake_00093.uexp" 4344
"F:/GitHub/SproutScape/SproutScape/Content/Developers/basde/Collections/SproutScapeDevFolderBas/Core/Assets/Drone2DAnims/shake/BeeBot_Shake/Shake_00092.uasset" 4345
"F:/GitHub/SproutScape/SproutScape/Content/Developers/basde/Collections/SproutScapeDevFolderBas/Core/Assets/Drone2DAnims/shake/BeeBot_Shake/Shake_00092.uexp" 4346
"F:/GitHub/SproutScape/SproutScape/Content/Developers/basde/Collections/SproutScapeDevFolderBas/Core/Assets/Drone2DAnims/shake/BeeBot_Shake/Shake_00091.uasset" 4347
"F:/GitHub/SproutScape/SproutScape/Content/Developers/basde/Collections/SproutScapeDevFolderBas/Core/Assets/Drone2DAnims/shake/BeeBot_Shake/Shake_00091.uexp" 4348
"F:/GitHub/SproutScape/SproutScape/Content/Developers/basde/Collections/SproutScapeDevFolderBas/Core/Assets/Drone2DAnims/shake/BeeBot_Shake/Shake_00090.uasset" 4349
"F:/GitHub/SproutScape/SproutScape/Content/Developers/basde/Collections/SproutScapeDevFolderBas/Core/Assets/Drone2DAnims/shake/BeeBot_Shake/Shake_00090.uexp" 4350
"F:/GitHub/SproutScape/SproutScape/Content/Developers/basde/Collections/SproutScapeDevFolderBas/Core/Assets/Drone2DAnims/shake/BeeBot_Shake/Shake_00089.uasset" 4351
"F:/GitHub/SproutScape/SproutScape/Content/Developers/basde/Collections/SproutScapeDevFolderBas/Core/Assets/Drone2DAnims/shake/BeeBot_Shake/Shake_00089.uexp" 4352
"F:/GitHub/SproutScape/SproutScape/Content/Developers/basde/Collections/SproutScapeDevFolderBas/Core/Assets/Drone2DAnims/shake/BeeBot_Shake/Shake_00088.uasset" 4353
"F:/GitHub/SproutScape/SproutScape/Content/Developers/basde/Collections/SproutScapeDevFolderBas/Core/Assets/Drone2DAnims/shake/BeeBot_Shake/Shake_00088.uexp" 4354
"F:/GitHub/SproutScape/SproutScape/Content/Developers/basde/Collections/SproutScapeDevFolderBas/Core/Assets/Drone2DAnims/shake/BeeBot_Shake/Shake_00087.uasset" 4355
"F:/GitHub/SproutScape/SproutScape/Content/Developers/basde/Collections/SproutScapeDevFolderBas/Core/Assets/Drone2DAnims/shake/BeeBot_Shake/Shake_00087.uexp" 4356
"F:/GitHub/SproutScape/SproutScape/Content/Developers/basde/Collections/SproutScapeDevFolderBas/Core/Assets/Drone2DAnims/shake/BeeBot_Shake/Shake_00086.uasset" 4357
"F:/GitHub/SproutScape/SproutScape/Content/Developers/basde/Collections/SproutScapeDevFolderBas/Core/Assets/Drone2DAnims/shake/BeeBot_Shake/Shake_00086.uexp" 4358
"F:/GitHub/SproutScape/SproutScape/Content/Developers/basde/Collections/SproutScapeDevFolderBas/Core/Assets/Drone2DAnims/shake/BeeBot_Shake/Shake_00085.uasset" 4359
"F:/GitHub/SproutScape/SproutScape/Content/Developers/basde/Collections/SproutScapeDevFolderBas/Core/Assets/Drone2DAnims/shake/BeeBot_Shake/Shake_00085.uexp" 4360
"F:/GitHub/SproutScape/SproutScape/Content/Developers/basde/Collections/SproutScapeDevFolderBas/Core/Assets/Drone2DAnims/shake/BeeBot_Shake/Shake_00084.uasset" 4361
"F:/GitHub/SproutScape/SproutScape/Content/Developers/basde/Collections/SproutScapeDevFolderBas/Core/Assets/Drone2DAnims/shake/BeeBot_Shake/Shake_00084.uexp" 4362
"F:/GitHub/SproutScape/SproutScape/Content/Developers/basde/Collections/SproutScapeDevFolderBas/Core/Assets/Drone2DAnims/shake/BeeBot_Shake/Shake_00083.uasset" 4363
"F:/GitHub/SproutScape/SproutScape/Content/Developers/basde/Collections/SproutScapeDevFolderBas/Core/Assets/Drone2DAnims/shake/BeeBot_Shake/Shake_00083.uexp" 4364
"F:/GitHub/SproutScape/SproutScape/Content/Developers/basde/Collections/SproutScapeDevFolderBas/Core/Assets/Drone2DAnims/shake/BeeBot_Shake/Shake_00082.uasset" 4365
"F:/GitHub/SproutScape/SproutScape/Content/Developers/basde/Collections/SproutScapeDevFolderBas/Core/Assets/Drone2DAnims/shake/BeeBot_Shake/Shake_00082.uexp" 4366
"F:/GitHub/SproutScape/SproutScape/Content/Developers/basde/Collections/SproutScapeDevFolderBas/Core/Assets/Drone2DAnims/shake/BeeBot_Shake/Shake_00081.uasset" 4367
"F:/GitHub/SproutScape/SproutScape/Content/Developers/basde/Collections/SproutScapeDevFolderBas/Core/Assets/Drone2DAnims/shake/BeeBot_Shake/Shake_00081.uexp" 4368
"F:/GitHub/SproutScape/SproutScape/Content/Developers/basde/Collections/SproutScapeDevFolderBas/Core/Assets/Drone2DAnims/shake/BeeBot_Shake/Shake_00080.uasset" 4369
"F:/GitHub/SproutScape/SproutScape/Content/Developers/basde/Collections/SproutScapeDevFolderBas/Core/Assets/Drone2DAnims/shake/BeeBot_Shake/Shake_00080.uexp" 4370
"F:/GitHub/SproutScape/SproutScape/Content/Developers/basde/Collections/SproutScapeDevFolderBas/Core/Assets/Drone2DAnims/shake/BeeBot_Shake/Shake_00079.uasset" 4371
"F:/GitHub/SproutScape/SproutScape/Content/Developers/basde/Collections/SproutScapeDevFolderBas/Core/Assets/Drone2DAnims/shake/BeeBot_Shake/Shake_00079.uexp" 4372
"F:/GitHub/SproutScape/SproutScape/Content/Developers/basde/Collections/SproutScapeDevFolderBas/Core/Assets/Drone2DAnims/shake/BeeBot_Shake/Shake_00078.uasset" 4373
"F:/GitHub/SproutScape/SproutScape/Content/Developers/basde/Collections/SproutScapeDevFolderBas/Core/Assets/Drone2DAnims/shake/BeeBot_Shake/Shake_00078.uexp" 4374
"F:/GitHub/SproutScape/SproutScape/Content/Developers/basde/Collections/SproutScapeDevFolderBas/Core/Assets/Drone2DAnims/shake/BeeBot_Shake/Shake_00077.uasset" 4375
"F:/GitHub/SproutScape/SproutScape/Content/Developers/basde/Collections/SproutScapeDevFolderBas/Core/Assets/Drone2DAnims/shake/BeeBot_Shake/Shake_00077.uexp" 4376
"F:/GitHub/SproutScape/SproutScape/Content/Developers/basde/Collections/SproutScapeDevFolderBas/Core/Assets/Drone2DAnims/shake/BeeBot_Shake/Shake_00076.uasset" 4377
"F:/GitHub/SproutScape/SproutScape/Content/Developers/basde/Collections/SproutScapeDevFolderBas/Core/Assets/Drone2DAnims/shake/BeeBot_Shake/Shake_00076.uexp" 4378
"F:/GitHub/SproutScape/SproutScape/Content/Developers/basde/Collections/SproutScapeDevFolderBas/Core/Assets/Drone2DAnims/shake/BeeBot_Shake/Shake_00075.uasset" 4379
"F:/GitHub/SproutScape/SproutScape/Content/Developers/basde/Collections/SproutScapeDevFolderBas/Core/Assets/Drone2DAnims/shake/BeeBot_Shake/Shake_00075.uexp" 4380
"F:/GitHub/SproutScape/SproutScape/Content/Developers/basde/Collections/SproutScapeDevFolderBas/Core/Assets/Drone2DAnims/shake/BeeBot_Shake/Shake_00074.uasset" 4381
"F:/GitHub/SproutScape/SproutScape/Content/Developers/basde/Collections/SproutScapeDevFolderBas/Core/Assets/Drone2DAnims/shake/BeeBot_Shake/Shake_00074.uexp" 4382
"F:/GitHub/SproutScape/SproutScape/Content/Developers/basde/Collections/SproutScapeDevFolderBas/Core/Assets/Drone2DAnims/shake/BeeBot_Shake/Shake_00073.uasset" 4383
"F:/GitHub/SproutScape/SproutScape/Content/Developers/basde/Collections/SproutScapeDevFolderBas/Core/Assets/Drone2DAnims/shake/BeeBot_Shake/Shake_00073.uexp" 4384
"F:/GitHub/SproutScape/SproutScape/Content/Developers/basde/Collections/SproutScapeDevFolderBas/Core/Assets/Drone2DAnims/shake/BeeBot_Shake/Shake_00072.uasset" 4385
"F:/GitHub/SproutScape/SproutScape/Content/Developers/basde/Collections/SproutScapeDevFolderBas/Core/Assets/Drone2DAnims/shake/BeeBot_Shake/Shake_00072.uexp" 4386
"F:/GitHub/SproutScape/SproutScape/Content/Developers/basde/Collections/SproutScapeDevFolderBas/Core/Assets/Drone2DAnims/shake/BeeBot_Shake/Shake_00071.uasset" 4387
"F:/GitHub/SproutScape/SproutScape/Content/Developers/basde/Collections/SproutScapeDevFolderBas/Core/Assets/Drone2DAnims/shake/BeeBot_Shake/Shake_00071.uexp" 4388
"F:/GitHub/SproutScape/SproutScape/Content/Developers/basde/Collections/SproutScapeDevFolderBas/Core/Assets/Drone2DAnims/shake/BeeBot_Shake/Shake_00070.uasset" 4389
"F:/GitHub/SproutScape/SproutScape/Content/Developers/basde/Collections/SproutScapeDevFolderBas/Core/Assets/Drone2DAnims/shake/BeeBot_Shake/Shake_00070.uexp" 4390
"F:/GitHub/SproutScape/SproutScape/Content/Developers/basde/Collections/SproutScapeDevFolderBas/Core/Assets/Drone2DAnims/shake/BeeBot_Shake/Shake_00069.uasset" 4391
"F:/GitHub/SproutScape/SproutScape/Content/Developers/basde/Collections/SproutScapeDevFolderBas/Core/Assets/Drone2DAnims/shake/BeeBot_Shake/Shake_00069.uexp" 4392
"F:/GitHub/SproutScape/SproutScape/Content/Developers/basde/Collections/SproutScapeDevFolderBas/Core/Assets/Drone2DAnims/shake/BeeBot_Shake/Shake_00068.uasset" 4393
"F:/GitHub/SproutScape/SproutScape/Content/Developers/basde/Collections/SproutScapeDevFolderBas/Core/Assets/Drone2DAnims/shake/BeeBot_Shake/Shake_00068.uexp" 4394
"F:/GitHub/SproutScape/SproutScape/Content/Developers/basde/Collections/SproutScapeDevFolderBas/Core/Assets/Drone2DAnims/shake/BeeBot_Shake/Shake_00067.uasset" 4395
"F:/GitHub/SproutScape/SproutScape/Content/Developers/basde/Collections/SproutScapeDevFolderBas/Core/Assets/Drone2DAnims/shake/BeeBot_Shake/Shake_00067.uexp" 4396
"F:/GitHub/SproutScape/SproutScape/Content/Developers/basde/Collections/SproutScapeDevFolderBas/Core/Assets/Drone2DAnims/shake/BeeBot_Shake/Shake_00066.uasset" 4397
"F:/GitHub/SproutScape/SproutScape/Content/Developers/basde/Collections/SproutScapeDevFolderBas/Core/Assets/Drone2DAnims/shake/BeeBot_Shake/Shake_00066.uexp" 4398
"F:/GitHub/SproutScape/SproutScape/Content/Developers/basde/Collections/SproutScapeDevFolderBas/Core/Assets/Drone2DAnims/shake/BeeBot_Shake/Shake_00065.uasset" 4399
"F:/GitHub/SproutScape/SproutScape/Content/Developers/basde/Collections/SproutScapeDevFolderBas/Core/Assets/Drone2DAnims/shake/BeeBot_Shake/Shake_00065.uexp" 4400
"F:/GitHub/SproutScape/SproutScape/Content/Developers/basde/Collections/SproutScapeDevFolderBas/Core/Assets/Drone2DAnims/shake/BeeBot_Shake/Shake_00064.uasset" 4401
"F:/GitHub/SproutScape/SproutScape/Content/Developers/basde/Collections/SproutScapeDevFolderBas/Core/Assets/Drone2DAnims/shake/BeeBot_Shake/Shake_00064.uexp" 4402
"F:/GitHub/SproutScape/SproutScape/Content/Developers/basde/Collections/SproutScapeDevFolderBas/Core/Assets/Drone2DAnims/shake/BeeBot_Shake/Shake_00063.uasset" 4403
"F:/GitHub/SproutScape/SproutScape/Content/Developers/basde/Collections/SproutScapeDevFolderBas/Core/Assets/Drone2DAnims/shake/BeeBot_Shake/Shake_00063.uexp" 4404
"F:/GitHub/SproutScape/SproutScape/Content/Developers/basde/Collections/SproutScapeDevFolderBas/Core/Assets/Drone2DAnims/shake/BeeBot_Shake/Shake_00062.uasset" 4405
"F:/GitHub/SproutScape/SproutScape/Content/Developers/basde/Collections/SproutScapeDevFolderBas/Core/Assets/Drone2DAnims/shake/BeeBot_Shake/Shake_00062.uexp" 4406
"F:/GitHub/SproutScape/SproutScape/Content/Developers/basde/Collections/SproutScapeDevFolderBas/Core/Assets/Drone2DAnims/shake/BeeBot_Shake/Shake_00061.uasset" 4407
"F:/GitHub/SproutScape/SproutScape/Content/Developers/basde/Collections/SproutScapeDevFolderBas/Core/Assets/Drone2DAnims/shake/BeeBot_Shake/Shake_00061.uexp" 4408
"F:/GitHub/SproutScape/SproutScape/Content/Developers/basde/Collections/SproutScapeDevFolderBas/Core/Assets/Drone2DAnims/shake/BeeBot_Shake/Shake_00060.uasset" 4409
"F:/GitHub/SproutScape/SproutScape/Content/Developers/basde/Collections/SproutScapeDevFolderBas/Core/Assets/Drone2DAnims/shake/BeeBot_Shake/Shake_00060.uexp" 4410
"F:/GitHub/SproutScape/SproutScape/Content/Developers/basde/Collections/SproutScapeDevFolderBas/Core/Assets/Drone2DAnims/shake/BeeBot_Shake/Shake_00059.uasset" 4411
"F:/GitHub/SproutScape/SproutScape/Content/Developers/basde/Collections/SproutScapeDevFolderBas/Core/Assets/Drone2DAnims/shake/BeeBot_Shake/Shake_00059.uexp" 4412
"F:/GitHub/SproutScape/SproutScape/Content/Developers/basde/Collections/SproutScapeDevFolderBas/Core/Assets/Drone2DAnims/shake/BeeBot_Shake/Shake_00058.uasset" 4413
"F:/GitHub/SproutScape/SproutScape/Content/Developers/basde/Collections/SproutScapeDevFolderBas/Core/Assets/Drone2DAnims/shake/BeeBot_Shake/Shake_00058.uexp" 4414
"F:/GitHub/SproutScape/SproutScape/Content/Developers/basde/Collections/SproutScapeDevFolderBas/Core/Assets/Drone2DAnims/shake/BeeBot_Shake/Shake_00057.uasset" 4415
"F:/GitHub/SproutScape/SproutScape/Content/Developers/basde/Collections/SproutScapeDevFolderBas/Core/Assets/Drone2DAnims/shake/BeeBot_Shake/Shake_00057.uexp" 4416
"F:/GitHub/SproutScape/SproutScape/Content/Developers/basde/Collections/SproutScapeDevFolderBas/Core/Assets/Drone2DAnims/shake/BeeBot_Shake/Shake_00056.uasset" 4417
"F:/GitHub/SproutScape/SproutScape/Content/Developers/basde/Collections/SproutScapeDevFolderBas/Core/Assets/Drone2DAnims/shake/BeeBot_Shake/Shake_00056.uexp" 4418
"F:/GitHub/SproutScape/SproutScape/Content/Developers/basde/Collections/SproutScapeDevFolderBas/Core/Assets/Drone2DAnims/shake/BeeBot_Shake/Shake_00055.uasset" 4419
"F:/GitHub/SproutScape/SproutScape/Content/Developers/basde/Collections/SproutScapeDevFolderBas/Core/Assets/Drone2DAnims/shake/BeeBot_Shake/Shake_00055.uexp" 4420
"F:/GitHub/SproutScape/SproutScape/Content/Developers/basde/Collections/SproutScapeDevFolderBas/Core/Assets/Drone2DAnims/shake/BeeBot_Shake/Shake_00054.uasset" 4421
"F:/GitHub/SproutScape/SproutScape/Content/Developers/basde/Collections/SproutScapeDevFolderBas/Core/Assets/Drone2DAnims/shake/BeeBot_Shake/Shake_00054.uexp" 4422
"F:/GitHub/SproutScape/SproutScape/Content/Developers/basde/Collections/SproutScapeDevFolderBas/Core/Assets/Drone2DAnims/shake/BeeBot_Shake/Shake_00053.uasset" 4423
"F:/GitHub/SproutScape/SproutScape/Content/Developers/basde/Collections/SproutScapeDevFolderBas/Core/Assets/Drone2DAnims/shake/BeeBot_Shake/Shake_00053.uexp" 4424
"F:/GitHub/SproutScape/SproutScape/Content/Developers/basde/Collections/SproutScapeDevFolderBas/Core/Assets/Drone2DAnims/shake/BeeBot_Shake/Shake_00052.uasset" 4425
"F:/GitHub/SproutScape/SproutScape/Content/Developers/basde/Collections/SproutScapeDevFolderBas/Core/Assets/Drone2DAnims/shake/BeeBot_Shake/Shake_00052.uexp" 4426
"F:/GitHub/SproutScape/SproutScape/Content/Developers/basde/Collections/SproutScapeDevFolderBas/Core/Assets/Drone2DAnims/shake/BeeBot_Shake/Shake_00051.uasset" 4427
"F:/GitHub/SproutScape/SproutScape/Content/Developers/basde/Collections/SproutScapeDevFolderBas/Core/Assets/Drone2DAnims/shake/BeeBot_Shake/Shake_00051.uexp" 4428
"F:/GitHub/SproutScape/SproutScape/Content/Developers/basde/Collections/SproutScapeDevFolderBas/Core/Assets/Drone2DAnims/shake/BeeBot_Shake/Shake_00050.uasset" 4429
"F:/GitHub/SproutScape/SproutScape/Content/Developers/basde/Collections/SproutScapeDevFolderBas/Core/Assets/Drone2DAnims/shake/BeeBot_Shake/Shake_00050.uexp" 4430
"F:/GitHub/SproutScape/SproutScape/Content/Developers/basde/Collections/SproutScapeDevFolderBas/Core/Assets/Drone2DAnims/shake/BeeBot_Shake/Shake_00049.uasset" 4431
"F:/GitHub/SproutScape/SproutScape/Content/Developers/basde/Collections/SproutScapeDevFolderBas/Core/Assets/Drone2DAnims/shake/BeeBot_Shake/Shake_00049.uexp" 4432
"F:/GitHub/SproutScape/SproutScape/Content/Developers/basde/Collections/SproutScapeDevFolderBas/Core/Assets/Drone2DAnims/shake/BeeBot_Shake/Shake_00048.uasset" 4433
"F:/GitHub/SproutScape/SproutScape/Content/Developers/basde/Collections/SproutScapeDevFolderBas/Core/Assets/Drone2DAnims/shake/BeeBot_Shake/Shake_00048.uexp" 4434
"F:/GitHub/SproutScape/SproutScape/Content/Developers/basde/Collections/SproutScapeDevFolderBas/Core/Assets/Drone2DAnims/shake/BeeBot_Shake/Shake_00047.uasset" 4435
"F:/GitHub/SproutScape/SproutScape/Content/Developers/basde/Collections/SproutScapeDevFolderBas/Core/Assets/Drone2DAnims/shake/BeeBot_Shake/Shake_00047.uexp" 4436
"F:/GitHub/SproutScape/SproutScape/Content/Developers/basde/Collections/SproutScapeDevFolderBas/Core/Assets/Drone2DAnims/shake/BeeBot_Shake/Shake_00046.uasset" 4437
"F:/GitHub/SproutScape/SproutScape/Content/Developers/basde/Collections/SproutScapeDevFolderBas/Core/Assets/Drone2DAnims/shake/BeeBot_Shake/Shake_00046.uexp" 4438
"F:/GitHub/SproutScape/SproutScape/Content/Developers/basde/Collections/SproutScapeDevFolderBas/Core/Assets/Drone2DAnims/shake/BeeBot_Shake/Shake_00045.uasset" 4439
"F:/GitHub/SproutScape/SproutScape/Content/Developers/basde/Collections/SproutScapeDevFolderBas/Core/Assets/Drone2DAnims/shake/BeeBot_Shake/Shake_00045.uexp" 4440
"F:/GitHub/SproutScape/SproutScape/Content/Developers/basde/Collections/SproutScapeDevFolderBas/Core/Assets/Drone2DAnims/shake/BeeBot_Shake/Shake_00044.uasset" 4441
"F:/GitHub/SproutScape/SproutScape/Content/Developers/basde/Collections/SproutScapeDevFolderBas/Core/Assets/Drone2DAnims/shake/BeeBot_Shake/Shake_00044.uexp" 4442
"F:/GitHub/SproutScape/SproutScape/Content/Developers/basde/Collections/SproutScapeDevFolderBas/Core/Assets/Drone2DAnims/shake/BeeBot_Shake/Shake_00043.uasset" 4443
"F:/GitHub/SproutScape/SproutScape/Content/Developers/basde/Collections/SproutScapeDevFolderBas/Core/Assets/Drone2DAnims/shake/BeeBot_Shake/Shake_00043.uexp" 4444
"F:/GitHub/SproutScape/SproutScape/Content/Developers/basde/Collections/SproutScapeDevFolderBas/Core/Assets/Drone2DAnims/shake/BeeBot_Shake/Shake_00042.uasset" 4445
"F:/GitHub/SproutScape/SproutScape/Content/Developers/basde/Collections/SproutScapeDevFolderBas/Core/Assets/Drone2DAnims/shake/BeeBot_Shake/Shake_00042.uexp" 4446
"F:/GitHub/SproutScape/SproutScape/Content/Developers/basde/Collections/SproutScapeDevFolderBas/Core/Assets/Drone2DAnims/shake/BeeBot_Shake/Shake_00041.uasset" 4447
"F:/GitHub/SproutScape/SproutScape/Content/Developers/basde/Collections/SproutScapeDevFolderBas/Core/Assets/Drone2DAnims/shake/BeeBot_Shake/Shake_00041.uexp" 4448
"F:/GitHub/SproutScape/SproutScape/Content/Developers/basde/Collections/SproutScapeDevFolderBas/Core/Assets/Drone2DAnims/shake/BeeBot_Shake/Shake_00040.uasset" 4449
"F:/GitHub/SproutScape/SproutScape/Content/Developers/basde/Collections/SproutScapeDevFolderBas/Core/Assets/Drone2DAnims/shake/BeeBot_Shake/Shake_00040.uexp" 4450
"F:/GitHub/SproutScape/SproutScape/Content/Developers/basde/Collections/SproutScapeDevFolderBas/Core/Assets/Drone2DAnims/shake/BeeBot_Shake/Shake_00039.uasset" 4451
"F:/GitHub/SproutScape/SproutScape/Content/Developers/basde/Collections/SproutScapeDevFolderBas/Core/Assets/Drone2DAnims/shake/BeeBot_Shake/Shake_00039.uexp" 4452
"F:/GitHub/SproutScape/SproutScape/Content/Developers/basde/Collections/SproutScapeDevFolderBas/Core/Assets/Drone2DAnims/shake/BeeBot_Shake/Shake_00038.uasset" 4453
"F:/GitHub/SproutScape/SproutScape/Content/Developers/basde/Collections/SproutScapeDevFolderBas/Core/Assets/Drone2DAnims/shake/BeeBot_Shake/Shake_00038.uexp" 4454
"F:/GitHub/SproutScape/SproutScape/Content/Developers/basde/Collections/SproutScapeDevFolderBas/Core/Assets/Drone2DAnims/shake/BeeBot_Shake/Shake_00037.uasset" 4455
"F:/GitHub/SproutScape/SproutScape/Content/Developers/basde/Collections/SproutScapeDevFolderBas/Core/Assets/Drone2DAnims/shake/BeeBot_Shake/Shake_00037.uexp" 4456
"F:/GitHub/SproutScape/SproutScape/Content/Developers/basde/Collections/SproutScapeDevFolderBas/Core/Assets/Drone2DAnims/shake/BeeBot_Shake/Shake_00036.uasset" 4457
"F:/GitHub/SproutScape/SproutScape/Content/Developers/basde/Collections/SproutScapeDevFolderBas/Core/Assets/Drone2DAnims/shake/BeeBot_Shake/Shake_00036.uexp" 4458
"F:/GitHub/SproutScape/SproutScape/Content/Developers/basde/Collections/SproutScapeDevFolderBas/Core/Assets/Drone2DAnims/shake/BeeBot_Shake/Shake_00035.uasset" 4459
"F:/GitHub/SproutScape/SproutScape/Content/Developers/basde/Collections/SproutScapeDevFolderBas/Core/Assets/Drone2DAnims/shake/BeeBot_Shake/Shake_00035.uexp" 4460
"F:/GitHub/SproutScape/SproutScape/Content/Developers/basde/Collections/SproutScapeDevFolderBas/Core/Assets/Drone2DAnims/shake/BeeBot_Shake/Shake_00034.uasset" 4461
"F:/GitHub/SproutScape/SproutScape/Content/Developers/basde/Collections/SproutScapeDevFolderBas/Core/Assets/Drone2DAnims/shake/BeeBot_Shake/Shake_00034.uexp" 4462
"F:/GitHub/SproutScape/SproutScape/Content/Developers/basde/Collections/SproutScapeDevFolderBas/Core/Assets/Drone2DAnims/shake/BeeBot_Shake/Shake_00033.uasset" 4463
"F:/GitHub/SproutScape/SproutScape/Content/Developers/basde/Collections/SproutScapeDevFolderBas/Core/Assets/Drone2DAnims/shake/BeeBot_Shake/Shake_00033.uexp" 4464
"F:/GitHub/SproutScape/SproutScape/Content/Developers/basde/Collections/SproutScapeDevFolderBas/Core/Assets/Drone2DAnims/shake/BeeBot_Shake/Shake_00032.uasset" 4465
"F:/GitHub/SproutScape/SproutScape/Content/Developers/basde/Collections/SproutScapeDevFolderBas/Core/Assets/Drone2DAnims/shake/BeeBot_Shake/Shake_00032.uexp" 4466
"F:/GitHub/SproutScape/SproutScape/Content/Developers/basde/Collections/SproutScapeDevFolderBas/Core/Assets/Drone2DAnims/shake/BeeBot_Shake/Shake_00031.uasset" 4467
"F:/GitHub/SproutScape/SproutScape/Content/Developers/basde/Collections/SproutScapeDevFolderBas/Core/Assets/Drone2DAnims/shake/BeeBot_Shake/Shake_00031.uexp" 4468
"F:/GitHub/SproutScape/SproutScape/Content/Developers/basde/Collections/SproutScapeDevFolderBas/Core/Assets/Drone2DAnims/shake/BeeBot_Shake/Shake_00030.uasset" 4469
"F:/GitHub/SproutScape/SproutScape/Content/Developers/basde/Collections/SproutScapeDevFolderBas/Core/Assets/Drone2DAnims/shake/BeeBot_Shake/Shake_00030.uexp" 4470
"F:/GitHub/SproutScape/SproutScape/Content/Developers/basde/Collections/SproutScapeDevFolderBas/Core/Assets/Drone2DAnims/shake/BeeBot_Shake/Shake_00029.uasset" 4471
"F:/GitHub/SproutScape/SproutScape/Content/Developers/basde/Collections/SproutScapeDevFolderBas/Core/Assets/Drone2DAnims/shake/BeeBot_Shake/Shake_00029.uexp" 4472
"F:/GitHub/SproutScape/SproutScape/Content/Developers/basde/Collections/SproutScapeDevFolderBas/Core/Assets/Drone2DAnims/shake/BeeBot_Shake/Shake_00028.uasset" 4473
"F:/GitHub/SproutScape/SproutScape/Content/Developers/basde/Collections/SproutScapeDevFolderBas/Core/Assets/Drone2DAnims/shake/BeeBot_Shake/Shake_00028.uexp" 4474
"F:/GitHub/SproutScape/SproutScape/Content/Developers/basde/Collections/SproutScapeDevFolderBas/Core/Assets/Drone2DAnims/shake/BeeBot_Shake/Shake_00027.uasset" 4475
"F:/GitHub/SproutScape/SproutScape/Content/Developers/basde/Collections/SproutScapeDevFolderBas/Core/Assets/Drone2DAnims/shake/BeeBot_Shake/Shake_00027.uexp" 4476
"F:/GitHub/SproutScape/SproutScape/Content/Developers/basde/Collections/SproutScapeDevFolderBas/Core/Assets/Drone2DAnims/shake/BeeBot_Shake/Shake_00026.uasset" 4477
"F:/GitHub/SproutScape/SproutScape/Content/Developers/basde/Collections/SproutScapeDevFolderBas/Core/Assets/Drone2DAnims/shake/BeeBot_Shake/Shake_00026.uexp" 4478
"F:/GitHub/SproutScape/SproutScape/Content/Developers/basde/Collections/SproutScapeDevFolderBas/Core/Assets/Drone2DAnims/shake/BeeBot_Shake/Shake_00025.uasset" 4479
"F:/GitHub/SproutScape/SproutScape/Content/Developers/basde/Collections/SproutScapeDevFolderBas/Core/Assets/Drone2DAnims/shake/BeeBot_Shake/Shake_00025.uexp" 4480
"F:/GitHub/SproutScape/SproutScape/Content/Developers/basde/Collections/SproutScapeDevFolderBas/Core/Assets/Drone2DAnims/shake/BeeBot_Shake/Shake_00024.uasset" 4481
"F:/GitHub/SproutScape/SproutScape/Content/Developers/basde/Collections/SproutScapeDevFolderBas/Core/Assets/Drone2DAnims/shake/BeeBot_Shake/Shake_00024.uexp" 4482
"F:/GitHub/SproutScape/SproutScape/Content/Developers/basde/Collections/SproutScapeDevFolderBas/Core/Assets/Drone2DAnims/shake/BeeBot_Shake/Shake_00023.uasset" 4483
"F:/GitHub/SproutScape/SproutScape/Content/Developers/basde/Collections/SproutScapeDevFolderBas/Core/Assets/Drone2DAnims/shake/BeeBot_Shake/Shake_00023.uexp" 4484
"F:/GitHub/SproutScape/SproutScape/Content/Developers/basde/Collections/SproutScapeDevFolderBas/Core/Assets/Drone2DAnims/shake/BeeBot_Shake/Shake_00022.uasset" 4485
"F:/GitHub/SproutScape/SproutScape/Content/Developers/basde/Collections/SproutScapeDevFolderBas/Core/Assets/Drone2DAnims/shake/BeeBot_Shake/Shake_00022.uexp" 4486
"F:/GitHub/SproutScape/SproutScape/Content/Developers/basde/Collections/SproutScapeDevFolderBas/Core/Assets/Drone2DAnims/shake/BeeBot_Shake/Shake_00021.uasset" 4487
"F:/GitHub/SproutScape/SproutScape/Content/Developers/basde/Collections/SproutScapeDevFolderBas/Core/Assets/Drone2DAnims/shake/BeeBot_Shake/Shake_00021.uexp" 4488
"F:/GitHub/SproutScape/SproutScape/Content/Developers/basde/Collections/SproutScapeDevFolderBas/Core/Assets/Drone2DAnims/shake/BeeBot_Shake/Shake_00020.uasset" 4489
"F:/GitHub/SproutScape/SproutScape/Content/Developers/basde/Collections/SproutScapeDevFolderBas/Core/Assets/Drone2DAnims/shake/BeeBot_Shake/Shake_00020.uexp" 4490
"F:/GitHub/SproutScape/SproutScape/Content/Developers/basde/Collections/SproutScapeDevFolderBas/Core/Assets/Drone2DAnims/shake/BeeBot_Shake/Shake_00019.uasset" 4491
"F:/GitHub/SproutScape/SproutScape/Content/Developers/basde/Collections/SproutScapeDevFolderBas/Core/Assets/Drone2DAnims/shake/BeeBot_Shake/Shake_00019.uexp" 4492
"F:/GitHub/SproutScape/SproutScape/Content/Developers/basde/Collections/SproutScapeDevFolderBas/Core/Assets/Drone2DAnims/shake/BeeBot_Shake/Shake_00018.uasset" 4493
"F:/GitHub/SproutScape/SproutScape/Content/Developers/basde/Collections/SproutScapeDevFolderBas/Core/Assets/Drone2DAnims/shake/BeeBot_Shake/Shake_00018.uexp" 4494
"F:/GitHub/SproutScape/SproutScape/Content/Developers/basde/Collections/SproutScapeDevFolderBas/Core/Assets/Drone2DAnims/shake/BeeBot_Shake/Shake_00017.uasset" 4495
"F:/GitHub/SproutScape/SproutScape/Content/Developers/basde/Collections/SproutScapeDevFolderBas/Core/Assets/Drone2DAnims/shake/BeeBot_Shake/Shake_00017.uexp" 4496
"F:/GitHub/SproutScape/SproutScape/Content/Developers/basde/Collections/SproutScapeDevFolderBas/Core/Assets/Drone2DAnims/shake/BeeBot_Shake/Shake_00016.uasset" 4497
"F:/GitHub/SproutScape/SproutScape/Content/Developers/basde/Collections/SproutScapeDevFolderBas/Core/Assets/Drone2DAnims/shake/BeeBot_Shake/Shake_00016.uexp" 4498
"F:/GitHub/SproutScape/SproutScape/Content/Developers/basde/Collections/SproutScapeDevFolderBas/Core/Assets/Drone2DAnims/shake/BeeBot_Shake/Shake_00015.uasset" 4499
"F:/GitHub/SproutScape/SproutScape/Content/Developers/basde/Collections/SproutScapeDevFolderBas/Core/Assets/Drone2DAnims/shake/BeeBot_Shake/Shake_00015.uexp" 4500
"F:/GitHub/SproutScape/SproutScape/Content/Developers/basde/Collections/SproutScapeDevFolderBas/Core/Assets/Drone2DAnims/shake/BeeBot_Shake/Shake_00014.uasset" 4501
"F:/GitHub/SproutScape/SproutScape/Content/Developers/basde/Collections/SproutScapeDevFolderBas/Core/Assets/Drone2DAnims/shake/BeeBot_Shake/Shake_00014.uexp" 4502
"F:/GitHub/SproutScape/SproutScape/Content/Developers/basde/Collections/SproutScapeDevFolderBas/Core/Assets/Drone2DAnims/shake/BeeBot_Shake/Shake_00013.uasset" 4503
"F:/GitHub/SproutScape/SproutScape/Content/Developers/basde/Collections/SproutScapeDevFolderBas/Core/Assets/Drone2DAnims/shake/BeeBot_Shake/Shake_00013.uexp" 4504
"F:/GitHub/SproutScape/SproutScape/Content/Developers/basde/Collections/SproutScapeDevFolderBas/Core/Assets/Drone2DAnims/shake/BeeBot_Shake/Shake_00012.uasset" 4505
"F:/GitHub/SproutScape/SproutScape/Content/Developers/basde/Collections/SproutScapeDevFolderBas/Core/Assets/Drone2DAnims/shake/BeeBot_Shake/Shake_00012.uexp" 4506
"F:/GitHub/SproutScape/SproutScape/Content/Developers/basde/Collections/SproutScapeDevFolderBas/Core/Assets/Drone2DAnims/shake/BeeBot_Shake/Shake_00011.uasset" 4507
"F:/GitHub/SproutScape/SproutScape/Content/Developers/basde/Collections/SproutScapeDevFolderBas/Core/Assets/Drone2DAnims/shake/BeeBot_Shake/Shake_00011.uexp" 4508
"F:/GitHub/SproutScape/SproutScape/Content/Developers/basde/Collections/SproutScapeDevFolderBas/Core/Assets/Drone2DAnims/shake/BeeBot_Shake/Shake_00010.uasset" 4509
"F:/GitHub/SproutScape/SproutScape/Content/Developers/basde/Collections/SproutScapeDevFolderBas/Core/Assets/Drone2DAnims/shake/BeeBot_Shake/Shake_00010.uexp" 4510
"F:/GitHub/SproutScape/SproutScape/Content/Developers/basde/Collections/SproutScapeDevFolderBas/Core/Assets/Drone2DAnims/shake/BeeBot_Shake/Shake_00009.uasset" 4511
"F:/GitHub/SproutScape/SproutScape/Content/Developers/basde/Collections/SproutScapeDevFolderBas/Core/Assets/Drone2DAnims/shake/BeeBot_Shake/Shake_00009.uexp" 4512
"F:/GitHub/SproutScape/SproutScape/Content/Developers/basde/Collections/SproutScapeDevFolderBas/Core/Assets/Drone2DAnims/shake/BeeBot_Shake/Shake_00008.uasset" 4513
"F:/GitHub/SproutScape/SproutScape/Content/Developers/basde/Collections/SproutScapeDevFolderBas/Core/Assets/Drone2DAnims/shake/BeeBot_Shake/Shake_00008.uexp" 4514
"F:/GitHub/SproutScape/SproutScape/Content/Developers/basde/Collections/SproutScapeDevFolderBas/Core/Assets/Drone2DAnims/shake/BeeBot_Shake/Shake_00007.uasset" 4515
"F:/GitHub/SproutScape/SproutScape/Content/Developers/basde/Collections/SproutScapeDevFolderBas/Core/Assets/Drone2DAnims/shake/BeeBot_Shake/Shake_00007.uexp" 4516
"F:/GitHub/SproutScape/SproutScape/Content/Developers/basde/Collections/SproutScapeDevFolderBas/Core/Assets/Drone2DAnims/shake/BeeBot_Shake/Shake_00006.uasset" 4517
"F:/GitHub/SproutScape/SproutScape/Content/Developers/basde/Collections/SproutScapeDevFolderBas/Core/Assets/Drone2DAnims/shake/BeeBot_Shake/Shake_00006.uexp" 4518
"F:/GitHub/SproutScape/SproutScape/Content/Developers/basde/Collections/SproutScapeDevFolderBas/Core/Assets/Drone2DAnims/shake/BeeBot_Shake/Shake_00005.uasset" 4519
"F:/GitHub/SproutScape/SproutScape/Content/Developers/basde/Collections/SproutScapeDevFolderBas/Core/Assets/Drone2DAnims/shake/BeeBot_Shake/Shake_00005.uexp" 4520
"F:/GitHub/SproutScape/SproutScape/Content/Developers/basde/Collections/SproutScapeDevFolderBas/Core/Assets/Drone2DAnims/shake/BeeBot_Shake/Shake_00004.uasset" 4521
"F:/GitHub/SproutScape/SproutScape/Content/Developers/basde/Collections/SproutScapeDevFolderBas/Core/Assets/Drone2DAnims/shake/BeeBot_Shake/Shake_00004.uexp" 4522
"F:/GitHub/SproutScape/SproutScape/Content/Developers/basde/Collections/SproutScapeDevFolderBas/Core/Assets/Drone2DAnims/shake/BeeBot_Shake/Shake_00003.uasset" 4523
"F:/GitHub/SproutScape/SproutScape/Content/Developers/basde/Collections/SproutScapeDevFolderBas/Core/Assets/Drone2DAnims/shake/BeeBot_Shake/Shake_00003.uexp" 4524
"F:/GitHub/SproutScape/SproutScape/Content/Developers/basde/Collections/SproutScapeDevFolderBas/Core/Assets/Drone2DAnims/shake/BeeBot_Shake/Shake_00002.uasset" 4525
"F:/GitHub/SproutScape/SproutScape/Content/Developers/basde/Collections/SproutScapeDevFolderBas/Core/Assets/Drone2DAnims/shake/BeeBot_Shake/Shake_00002.uexp" 4526
"F:/GitHub/SproutScape/SproutScape/Content/Developers/basde/Collections/SproutScapeDevFolderBas/Core/Assets/Drone2DAnims/shake/BeeBot_Shake/Shake_00001.uasset" 4527
"F:/GitHub/SproutScape/SproutScape/Content/Developers/basde/Collections/SproutScapeDevFolderBas/Core/Assets/Drone2DAnims/shake/BeeBot_Shake/Shake_00001.uexp" 4528
"F:/GitHub/SproutScape/SproutScape/Content/Developers/basde/Collections/SproutScapeDevFolderBas/Core/Assets/Drone2DAnims/shake/BeeBot_Shake/Shake_00000.uasset" 4529
"F:/GitHub/SproutScape/SproutScape/Content/Developers/basde/Collections/SproutScapeDevFolderBas/Core/Assets/Drone2DAnims/shake/BeeBot_Shake/Shake_00000.uexp" 4530
"F:/GitHub/SproutScape/SproutScape/Content/Developers/basde/Collections/SproutScapeDevFolderBas/Core/Assets/Drone2DAnims/pickup/BeeBot_PickUp_Hold/Holding_PickUp_00029.uasset" 4531
"F:/GitHub/SproutScape/SproutScape/Content/Developers/basde/Collections/SproutScapeDevFolderBas/Core/Assets/Drone2DAnims/pickup/BeeBot_PickUp_Hold/Holding_PickUp_00029.uexp" 4532
"F:/GitHub/SproutScape/SproutScape/Content/Developers/basde/Collections/SproutScapeDevFolderBas/Core/Assets/Drone2DAnims/pickup/BeeBot_PickUp_Hold/Holding_PickUp_00028.uasset" 4533
"F:/GitHub/SproutScape/SproutScape/Content/Developers/basde/Collections/SproutScapeDevFolderBas/Core/Assets/Drone2DAnims/pickup/BeeBot_PickUp_Hold/Holding_PickUp_00028.uexp" 4534
"F:/GitHub/SproutScape/SproutScape/Content/Developers/basde/Collections/SproutScapeDevFolderBas/Core/Assets/Drone2DAnims/pickup/BeeBot_PickUp_Hold/Holding_PickUp_00027.uasset" 4535
"F:/GitHub/SproutScape/SproutScape/Content/Developers/basde/Collections/SproutScapeDevFolderBas/Core/Assets/Drone2DAnims/pickup/BeeBot_PickUp_Hold/Holding_PickUp_00027.uexp" 4536
"F:/GitHub/SproutScape/SproutScape/Content/Developers/basde/Collections/SproutScapeDevFolderBas/Core/Assets/Drone2DAnims/pickup/BeeBot_PickUp_Hold/Holding_PickUp_00026.uasset" 4537
"F:/GitHub/SproutScape/SproutScape/Content/Developers/basde/Collections/SproutScapeDevFolderBas/Core/Assets/Drone2DAnims/pickup/BeeBot_PickUp_Hold/Holding_PickUp_00026.uexp" 4538
"F:/GitHub/SproutScape/SproutScape/Content/Developers/basde/Collections/SproutScapeDevFolderBas/Core/Assets/Drone2DAnims/pickup/BeeBot_PickUp_Hold/Holding_PickUp_00025.uasset" 4539
"F:/GitHub/SproutScape/SproutScape/Content/Developers/basde/Collections/SproutScapeDevFolderBas/Core/Assets/Drone2DAnims/pickup/BeeBot_PickUp_Hold/Holding_PickUp_00025.uexp" 4540
"F:/GitHub/SproutScape/SproutScape/Content/Developers/basde/Collections/SproutScapeDevFolderBas/Core/Assets/Drone2DAnims/pickup/BeeBot_PickUp_Hold/Holding_PickUp_00024.uasset" 4541
"F:/GitHub/SproutScape/SproutScape/Content/Developers/basde/Collections/SproutScapeDevFolderBas/Core/Assets/Drone2DAnims/pickup/BeeBot_PickUp_Hold/Holding_PickUp_00024.uexp" 4542
"F:/GitHub/SproutScape/SproutScape/Content/Developers/basde/Collections/SproutScapeDevFolderBas/Core/Assets/Drone2DAnims/pickup/BeeBot_PickUp_Hold/Holding_PickUp_00023.uasset" 4543
"F:/GitHub/SproutScape/SproutScape/Content/Developers/basde/Collections/SproutScapeDevFolderBas/Core/Assets/Drone2DAnims/pickup/BeeBot_PickUp_Hold/Holding_PickUp_00023.uexp" 4544
"F:/GitHub/SproutScape/SproutScape/Content/Developers/basde/Collections/SproutScapeDevFolderBas/Core/Assets/Drone2DAnims/pickup/BeeBot_PickUp_Hold/Holding_PickUp_00022.uasset" 4545
"F:/GitHub/SproutScape/SproutScape/Content/Developers/basde/Collections/SproutScapeDevFolderBas/Core/Assets/Drone2DAnims/pickup/BeeBot_PickUp_Hold/Holding_PickUp_00022.uexp" 4546
"F:/GitHub/SproutScape/SproutScape/Content/Developers/basde/Collections/SproutScapeDevFolderBas/Core/Assets/Drone2DAnims/pickup/BeeBot_PickUp_Hold/Holding_PickUp_00021.uasset" 4547
"F:/GitHub/SproutScape/SproutScape/Content/Developers/basde/Collections/SproutScapeDevFolderBas/Core/Assets/Drone2DAnims/pickup/BeeBot_PickUp_Hold/Holding_PickUp_00021.uexp" 4548
"F:/GitHub/SproutScape/SproutScape/Content/Developers/basde/Collections/SproutScapeDevFolderBas/Core/Assets/Drone2DAnims/pickup/BeeBot_PickUp_Hold/Holding_PickUp_00020.uasset" 4549
"F:/GitHub/SproutScape/SproutScape/Content/Developers/basde/Collections/SproutScapeDevFolderBas/Core/Assets/Drone2DAnims/pickup/BeeBot_PickUp_Hold/Holding_PickUp_00020.uexp" 4550
"F:/GitHub/SproutScape/SproutScape/Content/Developers/basde/Collections/SproutScapeDevFolderBas/Core/Assets/Drone2DAnims/pickup/BeeBot_PickUp_Hold/Holding_PickUp_00019.uasset" 4551
"F:/GitHub/SproutScape/SproutScape/Content/Developers/basde/Collections/SproutScapeDevFolderBas/Core/Assets/Drone2DAnims/pickup/BeeBot_PickUp_Hold/Holding_PickUp_00019.uexp" 4552
"F:/GitHub/SproutScape/SproutScape/Content/Developers/basde/Collections/SproutScapeDevFolderBas/Core/Assets/Drone2DAnims/pickup/BeeBot_PickUp_Hold/Holding_PickUp_00018.uasset" 4553
"F:/GitHub/SproutScape/SproutScape/Content/Developers/basde/Collections/SproutScapeDevFolderBas/Core/Assets/Drone2DAnims/pickup/BeeBot_PickUp_Hold/Holding_PickUp_00018.uexp" 4554
"F:/GitHub/SproutScape/SproutScape/Content/Developers/basde/Collections/SproutScapeDevFolderBas/Core/Assets/Drone2DAnims/pickup/BeeBot_PickUp_Hold/Holding_PickUp_00017.uasset" 4555
"F:/GitHub/SproutScape/SproutScape/Content/Developers/basde/Collections/SproutScapeDevFolderBas/Core/Assets/Drone2DAnims/pickup/BeeBot_PickUp_Hold/Holding_PickUp_00017.uexp" 4556
"F:/GitHub/SproutScape/SproutScape/Content/Developers/basde/Collections/SproutScapeDevFolderBas/Core/Assets/Drone2DAnims/pickup/BeeBot_PickUp_Hold/Holding_PickUp_00016.uasset" 4557
"F:/GitHub/SproutScape/SproutScape/Content/Developers/basde/Collections/SproutScapeDevFolderBas/Core/Assets/Drone2DAnims/pickup/BeeBot_PickUp_Hold/Holding_PickUp_00016.uexp" 4558
"F:/GitHub/SproutScape/SproutScape/Content/Developers/basde/Collections/SproutScapeDevFolderBas/Core/Assets/Drone2DAnims/pickup/BeeBot_PickUp_Hold/Holding_PickUp_00015.uasset" 4559
"F:/GitHub/SproutScape/SproutScape/Content/Developers/basde/Collections/SproutScapeDevFolderBas/Core/Assets/Drone2DAnims/pickup/BeeBot_PickUp_Hold/Holding_PickUp_00015.uexp" 4560
"F:/GitHub/SproutScape/SproutScape/Content/Developers/basde/Collections/SproutScapeDevFolderBas/Core/Assets/Drone2DAnims/pickup/BeeBot_PickUp_Hold/Holding_PickUp_00014.uasset" 4561
"F:/GitHub/SproutScape/SproutScape/Content/Developers/basde/Collections/SproutScapeDevFolderBas/Core/Assets/Drone2DAnims/pickup/BeeBot_PickUp_Hold/Holding_PickUp_00014.uexp" 4562
"F:/GitHub/SproutScape/SproutScape/Content/Developers/basde/Collections/SproutScapeDevFolderBas/Core/Assets/Drone2DAnims/pickup/BeeBot_PickUp_Hold/Holding_PickUp_00013.uasset" 4563
"F:/GitHub/SproutScape/SproutScape/Content/Developers/basde/Collections/SproutScapeDevFolderBas/Core/Assets/Drone2DAnims/pickup/BeeBot_PickUp_Hold/Holding_PickUp_00013.uexp" 4564
"F:/GitHub/SproutScape/SproutScape/Content/Developers/basde/Collections/SproutScapeDevFolderBas/Core/Assets/Drone2DAnims/pickup/BeeBot_PickUp_Hold/Holding_PickUp_00012.uasset" 4565
"F:/GitHub/SproutScape/SproutScape/Content/Developers/basde/Collections/SproutScapeDevFolderBas/Core/Assets/Drone2DAnims/pickup/BeeBot_PickUp_Hold/Holding_PickUp_00012.uexp" 4566
"F:/GitHub/SproutScape/SproutScape/Content/Developers/basde/Collections/SproutScapeDevFolderBas/Core/Assets/Drone2DAnims/pickup/BeeBot_PickUp_Hold/Holding_PickUp_00011.uasset" 4567
"F:/GitHub/SproutScape/SproutScape/Content/Developers/basde/Collections/SproutScapeDevFolderBas/Core/Assets/Drone2DAnims/pickup/BeeBot_PickUp_Hold/Holding_PickUp_00011.uexp" 4568
"F:/GitHub/SproutScape/SproutScape/Content/Developers/basde/Collections/SproutScapeDevFolderBas/Core/Assets/Drone2DAnims/pickup/BeeBot_PickUp_Hold/Holding_PickUp_00010.uasset" 4569
"F:/GitHub/SproutScape/SproutScape/Content/Developers/basde/Collections/SproutScapeDevFolderBas/Core/Assets/Drone2DAnims/pickup/BeeBot_PickUp_Hold/Holding_PickUp_00010.uexp" 4570
"F:/GitHub/SproutScape/SproutScape/Content/Developers/basde/Collections/SproutScapeDevFolderBas/Core/Assets/Drone2DAnims/pickup/BeeBot_PickUp_Hold/Holding_PickUp_00009.uasset" 4571
"F:/GitHub/SproutScape/SproutScape/Content/Developers/basde/Collections/SproutScapeDevFolderBas/Core/Assets/Drone2DAnims/pickup/BeeBot_PickUp_Hold/Holding_PickUp_00009.uexp" 4572
"F:/GitHub/SproutScape/SproutScape/Content/Developers/basde/Collections/SproutScapeDevFolderBas/Core/Assets/Drone2DAnims/pickup/BeeBot_PickUp_Hold/Holding_PickUp_00008.uasset" 4573
"F:/GitHub/SproutScape/SproutScape/Content/Developers/basde/Collections/SproutScapeDevFolderBas/Core/Assets/Drone2DAnims/pickup/BeeBot_PickUp_Hold/Holding_PickUp_00008.uexp" 4574
"F:/GitHub/SproutScape/SproutScape/Content/Developers/basde/Collections/SproutScapeDevFolderBas/Core/Assets/Drone2DAnims/pickup/BeeBot_PickUp_Hold/Holding_PickUp_00007.uasset" 4575
"F:/GitHub/SproutScape/SproutScape/Content/Developers/basde/Collections/SproutScapeDevFolderBas/Core/Assets/Drone2DAnims/pickup/BeeBot_PickUp_Hold/Holding_PickUp_00007.uexp" 4576
"F:/GitHub/SproutScape/SproutScape/Content/Developers/basde/Collections/SproutScapeDevFolderBas/Core/Assets/Drone2DAnims/pickup/BeeBot_PickUp_Hold/Holding_PickUp_00006.uasset" 4577
"F:/GitHub/SproutScape/SproutScape/Content/Developers/basde/Collections/SproutScapeDevFolderBas/Core/Assets/Drone2DAnims/pickup/BeeBot_PickUp_Hold/Holding_PickUp_00006.uexp" 4578
"F:/GitHub/SproutScape/SproutScape/Content/Developers/basde/Collections/SproutScapeDevFolderBas/Core/Assets/Drone2DAnims/pickup/BeeBot_PickUp_Hold/Holding_PickUp_00005.uasset" 4579
"F:/GitHub/SproutScape/SproutScape/Content/Developers/basde/Collections/SproutScapeDevFolderBas/Core/Assets/Drone2DAnims/pickup/BeeBot_PickUp_Hold/Holding_PickUp_00005.uexp" 4580
"F:/GitHub/SproutScape/SproutScape/Content/Developers/basde/Collections/SproutScapeDevFolderBas/Core/Assets/Drone2DAnims/pickup/BeeBot_PickUp_Hold/Holding_PickUp_00004.uasset" 4581
"F:/GitHub/SproutScape/SproutScape/Content/Developers/basde/Collections/SproutScapeDevFolderBas/Core/Assets/Drone2DAnims/pickup/BeeBot_PickUp_Hold/Holding_PickUp_00004.uexp" 4582
"F:/GitHub/SproutScape/SproutScape/Content/Developers/basde/Collections/SproutScapeDevFolderBas/Core/Assets/Drone2DAnims/pickup/BeeBot_PickUp_Hold/Holding_PickUp_00003.uasset" 4583
"F:/GitHub/SproutScape/SproutScape/Content/Developers/basde/Collections/SproutScapeDevFolderBas/Core/Assets/Drone2DAnims/pickup/BeeBot_PickUp_Hold/Holding_PickUp_00003.uexp" 4584
"F:/GitHub/SproutScape/SproutScape/Content/Developers/basde/Collections/SproutScapeDevFolderBas/Core/Assets/Drone2DAnims/pickup/BeeBot_PickUp_Hold/Holding_PickUp_00002.uasset" 4585
"F:/GitHub/SproutScape/SproutScape/Content/Developers/basde/Collections/SproutScapeDevFolderBas/Core/Assets/Drone2DAnims/pickup/BeeBot_PickUp_Hold/Holding_PickUp_00002.uexp" 4586
"F:/GitHub/SproutScape/SproutScape/Content/Developers/basde/Collections/SproutScapeDevFolderBas/Core/Assets/Drone2DAnims/pickup/BeeBot_PickUp_Hold/Holding_PickUp_00001.uasset" 4587
"F:/GitHub/SproutScape/SproutScape/Content/Developers/basde/Collections/SproutScapeDevFolderBas/Core/Assets/Drone2DAnims/pickup/BeeBot_PickUp_Hold/Holding_PickUp_00001.uexp" 4588
"F:/GitHub/SproutScape/SproutScape/Content/Developers/basde/Collections/SproutScapeDevFolderBas/Core/Assets/Drone2DAnims/pickup/BeeBot_PickUp_Hold/Holding_PickUp_00000.uasset" 4589
"F:/GitHub/SproutScape/SproutScape/Content/Developers/basde/Collections/SproutScapeDevFolderBas/Core/Assets/Drone2DAnims/pickup/BeeBot_PickUp_Hold/Holding_PickUp_00000.uexp" 4590
"../../../Engine/Content/EngineResources/DefaultVolumeTexture2D.uasset" 4591
"../../../Engine/Content/EngineResources/DefaultVolumeTexture2D.uexp" 4592
"../../../Engine/Content/EngineResources/DefaultVolumeTexture.uasset" 4593
"../../../Engine/Content/EngineResources/DefaultVolumeTexture.uexp" 4594
"F:/GitHub/SproutScape/SproutScape/Content/Developers/basde/Collections/SproutScapeDevFolderBas/Core/Assets/Drone2DAnims/Move/BeeBot_Walk_2/Walk_00029.uasset" 4595
"F:/GitHub/SproutScape/SproutScape/Content/Developers/basde/Collections/SproutScapeDevFolderBas/Core/Assets/Drone2DAnims/Move/BeeBot_Walk_2/Walk_00029.uexp" 4596
"F:/GitHub/SproutScape/SproutScape/Content/Developers/basde/Collections/SproutScapeDevFolderBas/Core/Assets/Drone2DAnims/Move/BeeBot_Walk_2/Walk_00028.uasset" 4597
"F:/GitHub/SproutScape/SproutScape/Content/Developers/basde/Collections/SproutScapeDevFolderBas/Core/Assets/Drone2DAnims/Move/BeeBot_Walk_2/Walk_00028.uexp" 4598
"F:/GitHub/SproutScape/SproutScape/Content/Developers/basde/Collections/SproutScapeDevFolderBas/Core/Assets/Drone2DAnims/Move/BeeBot_Walk_2/Walk_00027.uasset" 4599
"F:/GitHub/SproutScape/SproutScape/Content/Developers/basde/Collections/SproutScapeDevFolderBas/Core/Assets/Drone2DAnims/Move/BeeBot_Walk_2/Walk_00027.uexp" 4600
"F:/GitHub/SproutScape/SproutScape/Content/Developers/basde/Collections/SproutScapeDevFolderBas/Core/Assets/Drone2DAnims/Move/BeeBot_Walk_2/Walk_00026.uasset" 4601
"F:/GitHub/SproutScape/SproutScape/Content/Developers/basde/Collections/SproutScapeDevFolderBas/Core/Assets/Drone2DAnims/Move/BeeBot_Walk_2/Walk_00026.uexp" 4602
"F:/GitHub/SproutScape/SproutScape/Content/Developers/basde/Collections/SproutScapeDevFolderBas/Core/Assets/Drone2DAnims/Move/BeeBot_Walk_2/Walk_00025.uasset" 4603
"F:/GitHub/SproutScape/SproutScape/Content/Developers/basde/Collections/SproutScapeDevFolderBas/Core/Assets/Drone2DAnims/Move/BeeBot_Walk_2/Walk_00025.uexp" 4604
"F:/GitHub/SproutScape/SproutScape/Content/Developers/basde/Collections/SproutScapeDevFolderBas/Core/Assets/Drone2DAnims/Move/BeeBot_Walk_2/Walk_00024.uasset" 4605
"F:/GitHub/SproutScape/SproutScape/Content/Developers/basde/Collections/SproutScapeDevFolderBas/Core/Assets/Drone2DAnims/Move/BeeBot_Walk_2/Walk_00024.uexp" 4606
"F:/GitHub/SproutScape/SproutScape/Content/Developers/basde/Collections/SproutScapeDevFolderBas/Core/Assets/Drone2DAnims/Move/BeeBot_Walk_2/Walk_00023.uasset" 4607
"F:/GitHub/SproutScape/SproutScape/Content/Developers/basde/Collections/SproutScapeDevFolderBas/Core/Assets/Drone2DAnims/Move/BeeBot_Walk_2/Walk_00023.uexp" 4608
"F:/GitHub/SproutScape/SproutScape/Content/Developers/basde/Collections/SproutScapeDevFolderBas/Core/Assets/Drone2DAnims/Move/BeeBot_Walk_2/Walk_00022.uasset" 4609
"F:/GitHub/SproutScape/SproutScape/Content/Developers/basde/Collections/SproutScapeDevFolderBas/Core/Assets/Drone2DAnims/Move/BeeBot_Walk_2/Walk_00022.uexp" 4610
"F:/GitHub/SproutScape/SproutScape/Content/Developers/basde/Collections/SproutScapeDevFolderBas/Core/Assets/Drone2DAnims/Move/BeeBot_Walk_2/Walk_00021.uasset" 4611
"F:/GitHub/SproutScape/SproutScape/Content/Developers/basde/Collections/SproutScapeDevFolderBas/Core/Assets/Drone2DAnims/Move/BeeBot_Walk_2/Walk_00021.uexp" 4612
"F:/GitHub/SproutScape/SproutScape/Content/Developers/basde/Collections/SproutScapeDevFolderBas/Core/Assets/Drone2DAnims/Move/BeeBot_Walk_2/Walk_00020.uasset" 4613
"F:/GitHub/SproutScape/SproutScape/Content/Developers/basde/Collections/SproutScapeDevFolderBas/Core/Assets/Drone2DAnims/Move/BeeBot_Walk_2/Walk_00020.uexp" 4614
"F:/GitHub/SproutScape/SproutScape/Content/Developers/basde/Collections/SproutScapeDevFolderBas/Core/Assets/Drone2DAnims/Move/BeeBot_Walk_2/Walk_00019.uasset" 4615
"F:/GitHub/SproutScape/SproutScape/Content/Developers/basde/Collections/SproutScapeDevFolderBas/Core/Assets/Drone2DAnims/Move/BeeBot_Walk_2/Walk_00019.uexp" 4616
"F:/GitHub/SproutScape/SproutScape/Content/Developers/basde/Collections/SproutScapeDevFolderBas/Core/Assets/Drone2DAnims/Move/BeeBot_Walk_2/Walk_00018.uasset" 4617
"F:/GitHub/SproutScape/SproutScape/Content/Developers/basde/Collections/SproutScapeDevFolderBas/Core/Assets/Drone2DAnims/Move/BeeBot_Walk_2/Walk_00018.uexp" 4618
"F:/GitHub/SproutScape/SproutScape/Content/Developers/basde/Collections/SproutScapeDevFolderBas/Core/Assets/Drone2DAnims/Move/BeeBot_Walk_2/Walk_00017.uasset" 4619
"F:/GitHub/SproutScape/SproutScape/Content/Developers/basde/Collections/SproutScapeDevFolderBas/Core/Assets/Drone2DAnims/Move/BeeBot_Walk_2/Walk_00017.uexp" 4620
"F:/GitHub/SproutScape/SproutScape/Content/Developers/basde/Collections/SproutScapeDevFolderBas/Core/Assets/Drone2DAnims/Move/BeeBot_Walk_2/Walk_00016.uasset" 4621
"F:/GitHub/SproutScape/SproutScape/Content/Developers/basde/Collections/SproutScapeDevFolderBas/Core/Assets/Drone2DAnims/Move/BeeBot_Walk_2/Walk_00016.uexp" 4622
"F:/GitHub/SproutScape/SproutScape/Content/Developers/basde/Collections/SproutScapeDevFolderBas/Core/Assets/Drone2DAnims/Move/BeeBot_Walk_2/Walk_00015.uasset" 4623
"F:/GitHub/SproutScape/SproutScape/Content/Developers/basde/Collections/SproutScapeDevFolderBas/Core/Assets/Drone2DAnims/Move/BeeBot_Walk_2/Walk_00015.uexp" 4624
"F:/GitHub/SproutScape/SproutScape/Content/Developers/basde/Collections/SproutScapeDevFolderBas/Core/Assets/Drone2DAnims/Move/BeeBot_Walk_2/Walk_00014.uasset" 4625
"F:/GitHub/SproutScape/SproutScape/Content/Developers/basde/Collections/SproutScapeDevFolderBas/Core/Assets/Drone2DAnims/Move/BeeBot_Walk_2/Walk_00014.uexp" 4626
"F:/GitHub/SproutScape/SproutScape/Content/Developers/basde/Collections/SproutScapeDevFolderBas/Core/Assets/Drone2DAnims/Move/BeeBot_Walk_2/Walk_00013.uasset" 4627
"F:/GitHub/SproutScape/SproutScape/Content/Developers/basde/Collections/SproutScapeDevFolderBas/Core/Assets/Drone2DAnims/Move/BeeBot_Walk_2/Walk_00013.uexp" 4628
"F:/GitHub/SproutScape/SproutScape/Content/Developers/basde/Collections/SproutScapeDevFolderBas/Core/Assets/Drone2DAnims/Move/BeeBot_Walk_2/Walk_00012.uasset" 4629
"F:/GitHub/SproutScape/SproutScape/Content/Developers/basde/Collections/SproutScapeDevFolderBas/Core/Assets/Drone2DAnims/Move/BeeBot_Walk_2/Walk_00012.uexp" 4630
"F:/GitHub/SproutScape/SproutScape/Content/Developers/basde/Collections/SproutScapeDevFolderBas/Core/Assets/Drone2DAnims/Move/BeeBot_Walk_2/Walk_00011.uasset" 4631
"F:/GitHub/SproutScape/SproutScape/Content/Developers/basde/Collections/SproutScapeDevFolderBas/Core/Assets/Drone2DAnims/Move/BeeBot_Walk_2/Walk_00011.uexp" 4632
"F:/GitHub/SproutScape/SproutScape/Content/Developers/basde/Collections/SproutScapeDevFolderBas/Core/Assets/Drone2DAnims/Move/BeeBot_Walk_2/Walk_00010.uasset" 4633
"F:/GitHub/SproutScape/SproutScape/Content/Developers/basde/Collections/SproutScapeDevFolderBas/Core/Assets/Drone2DAnims/Move/BeeBot_Walk_2/Walk_00010.uexp" 4634
"F:/GitHub/SproutScape/SproutScape/Content/Developers/basde/Collections/SproutScapeDevFolderBas/Core/Assets/Drone2DAnims/Move/BeeBot_Walk_2/Walk_00009.uasset" 4635
"F:/GitHub/SproutScape/SproutScape/Content/Developers/basde/Collections/SproutScapeDevFolderBas/Core/Assets/Drone2DAnims/Move/BeeBot_Walk_2/Walk_00009.uexp" 4636
"F:/GitHub/SproutScape/SproutScape/Content/Developers/basde/Collections/SproutScapeDevFolderBas/Core/Assets/Drone2DAnims/Move/BeeBot_Walk_2/Walk_00008.uasset" 4637
"F:/GitHub/SproutScape/SproutScape/Content/Developers/basde/Collections/SproutScapeDevFolderBas/Core/Assets/Drone2DAnims/Move/BeeBot_Walk_2/Walk_00008.uexp" 4638
"F:/GitHub/SproutScape/SproutScape/Content/Developers/basde/Collections/SproutScapeDevFolderBas/Core/Assets/Drone2DAnims/Move/BeeBot_Walk_2/Walk_00007.uasset" 4639
"F:/GitHub/SproutScape/SproutScape/Content/Developers/basde/Collections/SproutScapeDevFolderBas/Core/Assets/Drone2DAnims/Move/BeeBot_Walk_2/Walk_00007.uexp" 4640
"F:/GitHub/SproutScape/SproutScape/Content/Developers/basde/Collections/SproutScapeDevFolderBas/Core/Assets/Drone2DAnims/Move/BeeBot_Walk_2/Walk_00006.uasset" 4641
"F:/GitHub/SproutScape/SproutScape/Content/Developers/basde/Collections/SproutScapeDevFolderBas/Core/Assets/Drone2DAnims/Move/BeeBot_Walk_2/Walk_00006.uexp" 4642
"F:/GitHub/SproutScape/SproutScape/Content/Developers/basde/Collections/SproutScapeDevFolderBas/Core/Assets/Drone2DAnims/Move/BeeBot_Walk_2/Walk_00005.uasset" 4643
"F:/GitHub/SproutScape/SproutScape/Content/Developers/basde/Collections/SproutScapeDevFolderBas/Core/Assets/Drone2DAnims/Move/BeeBot_Walk_2/Walk_00005.uexp" 4644
"F:/GitHub/SproutScape/SproutScape/Content/Developers/basde/Collections/SproutScapeDevFolderBas/Core/Assets/Drone2DAnims/Move/BeeBot_Walk_2/Walk_00004.uasset" 4645
"F:/GitHub/SproutScape/SproutScape/Content/Developers/basde/Collections/SproutScapeDevFolderBas/Core/Assets/Drone2DAnims/Move/BeeBot_Walk_2/Walk_00004.uexp" 4646
"F:/GitHub/SproutScape/SproutScape/Content/Developers/basde/Collections/SproutScapeDevFolderBas/Core/Assets/Drone2DAnims/Move/BeeBot_Walk_2/Walk_00003.uasset" 4647
"F:/GitHub/SproutScape/SproutScape/Content/Developers/basde/Collections/SproutScapeDevFolderBas/Core/Assets/Drone2DAnims/Move/BeeBot_Walk_2/Walk_00003.uexp" 4648
"F:/GitHub/SproutScape/SproutScape/Content/Developers/basde/Collections/SproutScapeDevFolderBas/Core/Assets/Drone2DAnims/Move/BeeBot_Walk_2/Walk_00002.uasset" 4649
"F:/GitHub/SproutScape/SproutScape/Content/Developers/basde/Collections/SproutScapeDevFolderBas/Core/Assets/Drone2DAnims/Move/BeeBot_Walk_2/Walk_00002.uexp" 4650
"F:/GitHub/SproutScape/SproutScape/Content/Developers/basde/Collections/SproutScapeDevFolderBas/Core/Assets/Drone2DAnims/Move/BeeBot_Walk_2/Walk_00001.uasset" 4651
"F:/GitHub/SproutScape/SproutScape/Content/Developers/basde/Collections/SproutScapeDevFolderBas/Core/Assets/Drone2DAnims/Move/BeeBot_Walk_2/Walk_00001.uexp" 4652
"F:/GitHub/SproutScape/SproutScape/Content/Developers/basde/Collections/SproutScapeDevFolderBas/Core/Assets/Drone2DAnims/Move/BeeBot_Walk_2/Walk_00000.uasset" 4653
"F:/GitHub/SproutScape/SproutScape/Content/Developers/basde/Collections/SproutScapeDevFolderBas/Core/Assets/Drone2DAnims/Move/BeeBot_Walk_2/Walk_00000.uexp" 4654
"F:/GitHub/SproutScape/SproutScape/Content/Developers/NickvanLuyk/Collections/Core/Blueprints/Transparent_Seetrough.uasset" 4655
"F:/GitHub/SproutScape/SproutScape/Content/Developers/NickvanLuyk/Collections/Core/Blueprints/Transparent_Seetrough.uexp" 4656
"F:/GitHub/SproutScape/SproutScape/Content/Developers/colin/2D/Level_1/Level_01_papers.uasset" 4657
"F:/GitHub/SproutScape/SproutScape/Content/Developers/colin/2D/Level_1/Level_01_papers.uexp" 4658
"F:/GitHub/SproutScape/SproutScape/Content/Developers/colin/2D/Level_1/Level_01_papers_Mat.uasset" 4659
"F:/GitHub/SproutScape/SproutScape/Content/Developers/colin/2D/Level_1/Level_01_papers_Mat.uexp" 4660
"F:/GitHub/SproutScape/SproutScape/Content/Developers/colin/2D/Level_1/Level_01_robot_ton.uasset" 4661
"F:/GitHub/SproutScape/SproutScape/Content/Developers/colin/2D/Level_1/Level_01_robot_ton.uexp" 4662
"F:/GitHub/SproutScape/SproutScape/Content/Developers/colin/2D/Level_1/Level_01_robot_ton_Mat.uasset" 4663
"F:/GitHub/SproutScape/SproutScape/Content/Developers/colin/2D/Level_1/Level_01_robot_ton_Mat.uexp" 4664
"F:/GitHub/SproutScape/SproutScape/Content/Developers/milan/Collections/Materials/M_volumetricFog.uasset" 4665
"F:/GitHub/SproutScape/SproutScape/Content/Developers/milan/Collections/Materials/M_volumetricFog.uexp" 4666
"F:/GitHub/SproutScape/SproutScape/Content/Developers/milan/Collections/PostProcessing/PP_cellshading.uasset" 4667
"F:/GitHub/SproutScape/SproutScape/Content/Developers/milan/Collections/PostProcessing/PP_cellshading.uexp" 4668
"../../../Engine/Content/Functions/Engine_MaterialFunctions01/ImageAdjustment/BlurSampleOffsets.uasset" 4669
"../../../Engine/Content/Functions/Engine_MaterialFunctions01/ImageAdjustment/BlurSampleOffsets.uexp" 4670
"../../../Engine/Content/Functions/Engine_MaterialFunctions02/SampleSceneDepth.uasset" 4671
"../../../Engine/Content/Functions/Engine_MaterialFunctions02/SampleSceneDepth.uexp" 4672
"F:/GitHub/SproutScape/SproutScape/Content/Developers/milan/Collections/PostProcessing/PP_Outlineshader.uasset" 4673
"F:/GitHub/SproutScape/SproutScape/Content/Developers/milan/Collections/PostProcessing/PP_Outlineshader.uexp" 4674
"F:/GitHub/SproutScape/SproutScape/Content/Developers/colin/2D_Level/Level_01_back.uasset" 4675
"F:/GitHub/SproutScape/SproutScape/Content/Developers/colin/2D_Level/Level_01_back.uexp" 4676
"F:/GitHub/SproutScape/SproutScape/Content/Developers/colin/2D_Level/Level_01_back_Mat.uasset" 4677
"F:/GitHub/SproutScape/SproutScape/Content/Developers/colin/2D_Level/Level_01_back_Mat.uexp" 4678
"F:/GitHub/SproutScape/SproutScape/Content/Developers/colin/2D_Level/Level_01_ball.uasset" 4679
"F:/GitHub/SproutScape/SproutScape/Content/Developers/colin/2D_Level/Level_01_ball.uexp" 4680
"F:/GitHub/SproutScape/SproutScape/Content/Developers/colin/2D_Level/Level_01_ball_Mat.uasset" 4681
"F:/GitHub/SproutScape/SproutScape/Content/Developers/colin/2D_Level/Level_01_ball_Mat.uexp" 4682
"F:/GitHub/SproutScape/SproutScape/Content/Developers/colin/2D_Level/Level_01_cactus2.uasset" 4683
"F:/GitHub/SproutScape/SproutScape/Content/Developers/colin/2D_Level/Level_01_cactus2.uexp" 4684
"F:/GitHub/SproutScape/SproutScape/Content/Developers/colin/2D_Level/Level_01_cactus2_Mat.uasset" 4685
"F:/GitHub/SproutScape/SproutScape/Content/Developers/colin/2D_Level/Level_01_cactus2_Mat.uexp" 4686
"F:/GitHub/SproutScape/SproutScape/Content/Developers/colin/2D_Level/Level_01_cactus_1.uasset" 4687
"F:/GitHub/SproutScape/SproutScape/Content/Developers/colin/2D_Level/Level_01_cactus_1.uexp" 4688
"F:/GitHub/SproutScape/SproutScape/Content/Developers/colin/2D_Level/Level_01_cactus_1_Mat.uasset" 4689
"F:/GitHub/SproutScape/SproutScape/Content/Developers/colin/2D_Level/Level_01_cactus_1_Mat.uexp" 4690
"F:/GitHub/SproutScape/SproutScape/Content/Developers/colin/2D_Level/Level_01_hang_plants.uasset" 4691
"F:/GitHub/SproutScape/SproutScape/Content/Developers/colin/2D_Level/Level_01_hang_plants.uexp" 4692
"F:/GitHub/SproutScape/SproutScape/Content/Developers/colin/2D_Level/Level_01_hang_plants_Mat.uasset" 4693
"F:/GitHub/SproutScape/SproutScape/Content/Developers/colin/2D_Level/Level_01_hang_plants_Mat.uexp" 4694
"F:/GitHub/SproutScape/SproutScape/Content/Developers/colin/2D_Level/Level_01_kastje.uasset" 4695
"F:/GitHub/SproutScape/SproutScape/Content/Developers/colin/2D_Level/Level_01_kastje.uexp" 4696
"F:/GitHub/SproutScape/SproutScape/Content/Developers/colin/2D_Level/Level_01_kastje_Mat.uasset" 4697
"F:/GitHub/SproutScape/SproutScape/Content/Developers/colin/2D_Level/Level_01_kastje_Mat.uexp" 4698
"F:/GitHub/SproutScape/SproutScape/Content/Developers/colin/2D_Level/Level_01_kitchen.uasset" 4699
"F:/GitHub/SproutScape/SproutScape/Content/Developers/colin/2D_Level/Level_01_kitchen.uexp" 4700
"F:/GitHub/SproutScape/SproutScape/Content/Developers/colin/2D_Level/Level_01_kitchen_Mat.uasset" 4701
"F:/GitHub/SproutScape/SproutScape/Content/Developers/colin/2D_Level/Level_01_kitchen_Mat.uexp" 4702
"F:/GitHub/SproutScape/SproutScape/Content/Developers/colin/2D_Level/Level_01_kitchen_ware.uasset" 4703
"F:/GitHub/SproutScape/SproutScape/Content/Developers/colin/2D_Level/Level_01_kitchen_ware.uexp" 4704
"F:/GitHub/SproutScape/SproutScape/Content/Developers/colin/2D_Level/Level_01_kitchen_ware_Mat.uasset" 4705
"F:/GitHub/SproutScape/SproutScape/Content/Developers/colin/2D_Level/Level_01_kitchen_ware_Mat.uexp" 4706
"F:/GitHub/SproutScape/SproutScape/Content/Developers/colin/2D_Level/Level_01_krukje.uasset" 4707
"F:/GitHub/SproutScape/SproutScape/Content/Developers/colin/2D_Level/Level_01_krukje.uexp" 4708
"F:/GitHub/SproutScape/SproutScape/Content/Developers/colin/2D_Level/Level_01_krukje_Mat.uasset" 4709
"F:/GitHub/SproutScape/SproutScape/Content/Developers/colin/2D_Level/Level_01_krukje_Mat.uexp" 4710
"F:/GitHub/SproutScape/SproutScape/Content/Developers/colin/2D_Level/Level_01_LAMP.uasset" 4711
"F:/GitHub/SproutScape/SproutScape/Content/Developers/colin/2D_Level/Level_01_LAMP.uexp" 4712
"F:/GitHub/SproutScape/SproutScape/Content/Developers/colin/2D_Level/Level_01_LAMP_Mat.uasset" 4713
"F:/GitHub/SproutScape/SproutScape/Content/Developers/colin/2D_Level/Level_01_LAMP_Mat.uexp" 4714
"F:/GitHub/SproutScape/SproutScape/Content/Developers/colin/2D_Level/Level_01_mid.uasset" 4715
"F:/GitHub/SproutScape/SproutScape/Content/Developers/colin/2D_Level/Level_01_mid.uexp" 4716
"F:/GitHub/SproutScape/SproutScape/Content/Developers/colin/2D_Level/Level_01_mid_Mat.uasset" 4717
"F:/GitHub/SproutScape/SproutScape/Content/Developers/colin/2D_Level/Level_01_mid_Mat.uexp" 4718
"F:/GitHub/SproutScape/SproutScape/Content/Developers/colin/2D_Level/Level_01_papers.uasset" 4719
"F:/GitHub/SproutScape/SproutScape/Content/Developers/colin/2D_Level/Level_01_papers.uexp" 4720
"F:/GitHub/SproutScape/SproutScape/Content/Developers/colin/2D_Level/Level_01_papers_Mat.uasset" 4721
"F:/GitHub/SproutScape/SproutScape/Content/Developers/colin/2D_Level/Level_01_papers_Mat.uexp" 4722
"F:/GitHub/SproutScape/SproutScape/Content/Developers/colin/2D_Level/Level_01_plant1.uasset" 4723
"F:/GitHub/SproutScape/SproutScape/Content/Developers/colin/2D_Level/Level_01_plant1.uexp" 4724
"F:/GitHub/SproutScape/SproutScape/Content/Developers/colin/2D_Level/Level_01_plant1_Mat.uasset" 4725
"F:/GitHub/SproutScape/SproutScape/Content/Developers/colin/2D_Level/Level_01_plant1_Mat.uexp" 4726
"F:/GitHub/SproutScape/SproutScape/Content/Developers/colin/2D_Level/Level_01_plant2.uasset" 4727
"F:/GitHub/SproutScape/SproutScape/Content/Developers/colin/2D_Level/Level_01_plant2.uexp" 4728
"F:/GitHub/SproutScape/SproutScape/Content/Developers/colin/2D_Level/Level_01_plant2_Mat.uasset" 4729
"F:/GitHub/SproutScape/SproutScape/Content/Developers/colin/2D_Level/Level_01_plant2_Mat.uexp" 4730
"F:/GitHub/SproutScape/SproutScape/Content/Developers/colin/2D_Level/Level_01_plants_kitchen.uasset" 4731
"F:/GitHub/SproutScape/SproutScape/Content/Developers/colin/2D_Level/Level_01_plants_kitchen.uexp" 4732
"F:/GitHub/SproutScape/SproutScape/Content/Developers/colin/2D_Level/Level_01_plants_kitchen_Mat.uasset" 4733
"F:/GitHub/SproutScape/SproutScape/Content/Developers/colin/2D_Level/Level_01_plants_kitchen_Mat.uexp" 4734
"F:/GitHub/SproutScape/SproutScape/Content/Developers/colin/2D_Level/Level_01_robot_ton.uasset" 4735
"F:/GitHub/SproutScape/SproutScape/Content/Developers/colin/2D_Level/Level_01_robot_ton.uexp" 4736
"F:/GitHub/SproutScape/SproutScape/Content/Developers/colin/2D_Level/Level_01_robot_ton_Mat.uasset" 4737
"F:/GitHub/SproutScape/SproutScape/Content/Developers/colin/2D_Level/Level_01_robot_ton_Mat.uexp" 4738
"F:/GitHub/SproutScape/SproutScape/Content/Developers/colin/2D_Level/Level_01_stekker.uasset" 4739
"F:/GitHub/SproutScape/SproutScape/Content/Developers/colin/2D_Level/Level_01_stekker.uexp" 4740
"F:/GitHub/SproutScape/SproutScape/Content/Developers/colin/2D_Level/Level_01_stekker_Mat.uasset" 4741
"F:/GitHub/SproutScape/SproutScape/Content/Developers/colin/2D_Level/Level_01_stekker_Mat.uexp" 4742
"F:/GitHub/SproutScape/SproutScape/Content/Developers/colin/2D_Level/Level_01_stopcontact.uasset" 4743
"F:/GitHub/SproutScape/SproutScape/Content/Developers/colin/2D_Level/Level_01_stopcontact.uexp" 4744
"F:/GitHub/SproutScape/SproutScape/Content/Developers/colin/2D_Level/Level_01_stopcontact_Mat.uasset" 4745
"F:/GitHub/SproutScape/SproutScape/Content/Developers/colin/2D_Level/Level_01_stopcontact_Mat.uexp" 4746
"F:/GitHub/SproutScape/SproutScape/Content/Developers/colin/2D_Level/Level_01_table.uasset" 4747
"F:/GitHub/SproutScape/SproutScape/Content/Developers/colin/2D_Level/Level_01_table.uexp" 4748
"F:/GitHub/SproutScape/SproutScape/Content/Developers/colin/2D_Level/Level_01_table_Mat.uasset" 4749
"F:/GitHub/SproutScape/SproutScape/Content/Developers/colin/2D_Level/Level_01_table_Mat.uexp" 4750
"F:/GitHub/SproutScape/SproutScape/Content/Developers/colin/2D_Level/Level_01_trash_can.uasset" 4751
"F:/GitHub/SproutScape/SproutScape/Content/Developers/colin/2D_Level/Level_01_trash_can.uexp" 4752
"F:/GitHub/SproutScape/SproutScape/Content/Developers/colin/2D_Level/Level_01_trash_can_Mat.uasset" 4753
"F:/GitHub/SproutScape/SproutScape/Content/Developers/colin/2D_Level/Level_01_trash_can_Mat.uexp" 4754
"F:/GitHub/SproutScape/SproutScape/Content/Developers/colin/Materials/M_Vijver.uasset" 4755
"F:/GitHub/SproutScape/SproutScape/Content/Developers/colin/Materials/M_Vijver.uexp" 4756
"F:/GitHub/SproutScape/SproutScape/Content/Developers/edrik/Materials/M_Outline.uasset" 4757
"F:/GitHub/SproutScape/SproutScape/Content/Developers/edrik/Materials/M_Outline.uexp" 4758
"F:/GitHub/SproutScape/SproutScape/Content/Developers/Osa/Materials/PapierPropje_material.uasset" 4759
"F:/GitHub/SproutScape/SproutScape/Content/Developers/Osa/Materials/PapierPropje_material.uexp" 4760
"../../../Engine/Content/Functions/Engine_MaterialFunctions01/Shading/ConvertFromDiffSpec.uasset" 4761
"../../../Engine/Content/Functions/Engine_MaterialFunctions01/Shading/ConvertFromDiffSpec.uexp" 4762
"../../../Engine/Content/Functions/Engine_MaterialFunctions01/Shading/PowerToRoughness.uasset" 4763
"../../../Engine/Content/Functions/Engine_MaterialFunctions01/Shading/PowerToRoughness.uexp" 4764
"../../../Engine/Content/EngineMaterials/Substrate/Volume/SubstrateSimpleVolumeEnvLUT3D.uasset" 4765
"../../../Engine/Content/EngineMaterials/Substrate/Volume/SubstrateSimpleVolumeEnvLUT3D.uexp" 4766
"../../../Engine/Content/EngineMaterials/Substrate/Volume/SubstrateSimpleVolumeLUT3D.uasset" 4767
"../../../Engine/Content/EngineMaterials/Substrate/Volume/SubstrateSimpleVolumeLUT3D.uexp" 4768
"../../../Engine/Content/EditorMaterials/Dataflow/DataflowTwoSidedVertexMaterial.uasset" 4769
"../../../Engine/Content/EditorMaterials/Dataflow/DataflowTwoSidedVertexMaterial.uexp" 4770
"../../../Engine/Content/EditorMaterials/Dataflow/DataflowVertexMaterial.uasset" 4771
"../../../Engine/Content/EditorMaterials/Dataflow/DataflowVertexMaterial.uexp" 4772
"../../../Engine/Content/EditorMaterials/PhAT_NoCollisionMaterial.uasset" 4773
"../../../Engine/Content/EditorMaterials/PhAT_NoCollisionMaterial.uexp" 4774
"../../../Engine/Content/EditorMaterials/PhAT_UnselectedMaterial.uasset" 4775
"../../../Engine/Content/EditorMaterials/PhAT_UnselectedMaterial.uexp" 4776
"../../../Engine/Content/EditorMaterials/PreviewShadowIndicator.ubulk" 4777
"../../../Engine/Content/EditorMaterials/PreviewShadowIndicator.uasset" 4778
"../../../Engine/Content/EditorMaterials/PreviewShadowIndicator.uexp" 4779
"../../../Engine/Content/EditorMaterials/PreviewShadowIndicatorMaterial.uasset" 4780
"../../../Engine/Content/EditorMaterials/PreviewShadowIndicatorMaterial.uexp" 4781
"../../../Engine/Content/EngineDebugMaterials/DebugEditorMaterial.uasset" 4782
"../../../Engine/Content/EngineDebugMaterials/DebugEditorMaterial.uexp" 4783
"../../../Engine/Content/EngineDebugMaterials/DebugMeshMaterial.uasset" 4784
"../../../Engine/Content/EngineDebugMaterials/DebugMeshMaterial.uexp" 4785
"../../../Engine/Content/EngineDebugMaterials/M_SimpleUnlitTranslucent.uasset" 4786
"../../../Engine/Content/EngineDebugMaterials/M_SimpleUnlitTranslucent.uexp" 4787
"../../../Engine/Content/Functions/Engine_MaterialFunctions02/Utility/CameraDirectionVector.uasset" 4788
"../../../Engine/Content/Functions/Engine_MaterialFunctions02/Utility/CameraDirectionVector.uexp" 4789
"../../../Engine/Content/EngineDebugMaterials/VolumeToRender.uasset" 4790
"../../../Engine/Content/EngineDebugMaterials/VolumeToRender.uexp" 4791
"../../../Engine/Content/EngineDebugMaterials/M_VolumeRenderSphereTracePP.uasset" 4792
"../../../Engine/Content/EngineDebugMaterials/M_VolumeRenderSphereTracePP.uexp" 4793
"../../../Engine/Content/EngineMaterials/DefaultDiffuse.ubulk" 4794
"../../../Engine/Content/EngineMaterials/DefaultDiffuse.uasset" 4795
"../../../Engine/Content/EngineMaterials/DefaultDiffuse.uexp" 4796
"../../../Engine/Content/EngineMaterials/DefaultDeferredDecalMaterial.uasset" 4797
"../../../Engine/Content/EngineMaterials/DefaultDeferredDecalMaterial.uexp" 4798
"../../../Engine/Content/EngineMaterials/DefaultLightFunctionMaterial.uasset" 4799
"../../../Engine/Content/EngineMaterials/DefaultLightFunctionMaterial.uexp" 4800
"../../../Engine/Content/Functions/Engine_MaterialFunctions02/Utility/BreakOutFloat2Components.uasset" 4801
"../../../Engine/Content/Functions/Engine_MaterialFunctions02/Utility/BreakOutFloat2Components.uexp" 4802
"../../../Engine/Content/EngineMaterials/DefaultPostProcessMaterial.uasset" 4803
"../../../Engine/Content/EngineMaterials/DefaultPostProcessMaterial.uexp" 4804
"../../../Engine/Content/EngineFonts/RobotoDistanceField.uasset" 4805
"../../../Engine/Content/EngineFonts/RobotoDistanceField.uexp" 4806
"../../../Engine/Content/EngineMaterials/DefaultTextMaterialOpaque.uasset" 4807
"../../../Engine/Content/EngineMaterials/DefaultTextMaterialOpaque.uexp" 4808
"../../../Engine/Content/EngineMaterials/DefaultWhiteGrid_Low.uasset" 4809
"../../../Engine/Content/EngineMaterials/DefaultWhiteGrid_Low.uexp" 4810
"../../../Engine/Content/EngineMaterials/EmissiveMeshMaterial.uasset" 4811
"../../../Engine/Content/EngineMaterials/EmissiveMeshMaterial.uexp" 4812
"../../../Engine/Content/EngineMaterials/BaseFlattenNormalMap.uasset" 4813
"../../../Engine/Content/EngineMaterials/BaseFlattenNormalMap.uexp" 4814
"../../../Engine/Content/EngineMaterials/BaseFlattenGrayscaleMap.uasset" 4815
"../../../Engine/Content/EngineMaterials/BaseFlattenGrayscaleMap.uexp" 4816
"../../../Engine/Content/EngineMaterials/BaseFlattenDiffuseMap.uasset" 4817
"../../../Engine/Content/EngineMaterials/BaseFlattenDiffuseMap.uexp" 4818
"../../../Engine/Content/Functions/Engine_MaterialFunctions02/PivotPainter2/Black_1x1_EXR_Texture.uasset" 4819
"../../../Engine/Content/Functions/Engine_MaterialFunctions02/PivotPainter2/Black_1x1_EXR_Texture.uexp" 4820
"../../../Engine/Content/EngineMaterials/BaseFlattenEmissiveMap.uasset" 4821
"../../../Engine/Content/EngineMaterials/BaseFlattenEmissiveMap.uexp" 4822
"../../../Engine/Content/EngineMaterials/BaseFlattenLinearColor.uasset" 4823
"../../../Engine/Content/EngineMaterials/BaseFlattenLinearColor.uexp" 4824
"../../../Engine/Content/EngineMaterials/FlattenMaterial.uasset" 4825
"../../../Engine/Content/EngineMaterials/FlattenMaterial.uexp" 4826
"../../../Engine/Content/EngineMaterials/BaseFlattenEmissiveMap_VT.uasset" 4827
"../../../Engine/Content/EngineMaterials/BaseFlattenEmissiveMap_VT.uexp" 4828
"../../../Engine/Content/EngineMaterials/BaseFlattenGrayscaleMap_VT.uasset" 4829
"../../../Engine/Content/EngineMaterials/BaseFlattenGrayscaleMap_VT.uexp" 4830
"../../../Engine/Content/EngineMaterials/BaseFlattenLinearColor_VT.uasset" 4831
"../../../Engine/Content/EngineMaterials/BaseFlattenLinearColor_VT.uexp" 4832
"../../../Engine/Content/EngineMaterials/Black_1x1_EXR_Texture_VT.uasset" 4833
"../../../Engine/Content/EngineMaterials/Black_1x1_EXR_Texture_VT.uexp" 4834
"../../../Engine/Content/EngineMaterials/BaseFlattenDiffuseMap_VT.uasset" 4835
"../../../Engine/Content/EngineMaterials/BaseFlattenDiffuseMap_VT.uexp" 4836
"../../../Engine/Content/EngineMaterials/BaseFlattenNormalMap_VT.uasset" 4837
"../../../Engine/Content/EngineMaterials/BaseFlattenNormalMap_VT.uexp" 4838
"../../../Engine/Content/EngineMaterials/FlattenMaterial_VT.uasset" 4839
"../../../Engine/Content/EngineMaterials/FlattenMaterial_VT.uexp" 4840
"../../../Engine/Content/EngineMaterials/FlattenMaterial_WS_Normal_VT.uasset" 4841
"../../../Engine/Content/EngineMaterials/FlattenMaterial_WS_Normal_VT.uexp" 4842
"../../../Engine/Content/EngineMaterials/GizmoMaterial.uasset" 4843
"../../../Engine/Content/EngineMaterials/GizmoMaterial.uexp" 4844
"../../../Engine/Content/EngineMaterials/InvalidLightmapSettings.ubulk" 4845
"../../../Engine/Content/EngineMaterials/InvalidLightmapSettings.uasset" 4846
"../../../Engine/Content/EngineMaterials/InvalidLightmapSettings.uexp" 4847
"../../../Engine/Content/EngineMaterials/M_InvalidLightmapSettings.uasset" 4848
"../../../Engine/Content/EngineMaterials/M_InvalidLightmapSettings.uexp" 4849
"../../../Engine/Content/EngineMaterials/NaniteHiddenSectionMaterial.uasset" 4850
"../../../Engine/Content/EngineMaterials/NaniteHiddenSectionMaterial.uexp" 4851
"../../../Engine/Content/Functions/Engine_MaterialFunctions02/WorldPositionOffset/CameraOffset.uasset" 4852
"../../../Engine/Content/Functions/Engine_MaterialFunctions02/WorldPositionOffset/CameraOffset.uexp" 4853
"../../../Engine/Content/EngineMaterials/PhAT_JointLimitMaterial.uasset" 4854
"../../../Engine/Content/EngineMaterials/PhAT_JointLimitMaterial.uexp" 4855
"../../../Engine/Content/EngineMaterials/DefaultCalibrationColor.uasset" 4856
"../../../Engine/Content/EngineMaterials/DefaultCalibrationColor.uexp" 4857
"../../../Engine/Content/EngineMaterials/PPM_DefaultCalibrationColor.uasset" 4858
"../../../Engine/Content/EngineMaterials/PPM_DefaultCalibrationColor.uexp" 4859
"../../../Engine/Content/EngineMaterials/DefaultCalibrationGrayscale.uasset" 4860
"../../../Engine/Content/EngineMaterials/DefaultCalibrationGrayscale.uexp" 4861
"../../../Engine/Content/EngineMaterials/PPM_DefaultCalibrationGrayscale.uasset" 4862
"../../../Engine/Content/EngineMaterials/PPM_DefaultCalibrationGrayscale.uexp" 4863
"../../../Engine/Content/EngineMaterials/RemoveSurfaceMaterial.uasset" 4864
"../../../Engine/Content/EngineMaterials/RemoveSurfaceMaterial.uexp" 4865
"../../../Engine/Plugins/Animation/ControlRig/Content/Controls/ControlRigXRayMaterial.uasset" 4866
"../../../Engine/Plugins/Animation/ControlRig/Content/Controls/ControlRigXRayMaterial.uexp" 4867
"../../../Engine/Plugins/Editor/SpeedTreeImporter/Content/SpeedTree9/game_wind_noise.ubulk" 4868
"../../../Engine/Plugins/Editor/SpeedTreeImporter/Content/SpeedTree9/game_wind_noise.uasset" 4869
"../../../Engine/Plugins/Editor/SpeedTreeImporter/Content/SpeedTree9/game_wind_noise.uexp" 4870
"../../../Engine/Plugins/Editor/SpeedTreeImporter/Content/SpeedTree9/UnpackDirection.uasset" 4871
"../../../Engine/Plugins/Editor/SpeedTreeImporter/Content/SpeedTree9/UnpackDirection.uexp" 4872
"../../../Engine/Content/Functions/Engine_MaterialFunctions02/ObjectLocalBounds.uasset" 4873
"../../../Engine/Content/Functions/Engine_MaterialFunctions02/ObjectLocalBounds.uexp" 4874
"../../../Engine/Content/Functions/Engine_MaterialFunctions02/UVs/BoundingBoxBased_0-1_UVW.uasset" 4875
"../../../Engine/Content/Functions/Engine_MaterialFunctions02/UVs/BoundingBoxBased_0-1_UVW.uexp" 4876
"../../../Engine/Plugins/Editor/SpeedTreeImporter/Content/SpeedTree9/SpeedTreeBillboard.uasset" 4877
"../../../Engine/Plugins/Editor/SpeedTreeImporter/Content/SpeedTree9/SpeedTreeBillboard.uexp" 4878
"../../../Engine/Content/Functions/Engine_MaterialFunctions02/Utility/VectorLength.uasset" 4879
"../../../Engine/Content/Functions/Engine_MaterialFunctions02/Utility/VectorLength.uexp" 4880
"../../../Engine/Plugins/Editor/SpeedTreeImporter/Content/SpeedTree9/UnpackInteger3.uasset" 4881
"../../../Engine/Plugins/Editor/SpeedTreeImporter/Content/SpeedTree9/UnpackInteger3.uexp" 4882
"../../../Engine/Content/Functions/Engine_MaterialFunctions02/WorldPositionOffset/ObjectScale.uasset" 4883
"../../../Engine/Content/Functions/Engine_MaterialFunctions02/WorldPositionOffset/ObjectScale.uexp" 4884
"../../../Engine/Content/Functions/Engine_MaterialFunctions02/SafeNormalize.uasset" 4885
"../../../Engine/Content/Functions/Engine_MaterialFunctions02/SafeNormalize.uexp" 4886
"../../../Engine/Plugins/Editor/SpeedTreeImporter/Content/SpeedTree9/SpeedTreeWindMotion.uasset" 4887
"../../../Engine/Plugins/Editor/SpeedTreeImporter/Content/SpeedTree9/SpeedTreeWindMotion.uexp" 4888
"../../../Engine/Plugins/Editor/SpeedTreeImporter/Content/SpeedTree9/SpeedTreeBranchMotion.uasset" 4889
"../../../Engine/Plugins/Editor/SpeedTreeImporter/Content/SpeedTree9/SpeedTreeBranchMotion.uexp" 4890
"../../../Engine/Plugins/Editor/SpeedTreeImporter/Content/SpeedTree9/SpeedTreeWind.uasset" 4891
"../../../Engine/Plugins/Editor/SpeedTreeImporter/Content/SpeedTree9/SpeedTreeWind.uexp" 4892
"../../../Engine/Plugins/Editor/SpeedTreeImporter/Content/SpeedTree9/EmptyNormal.uasset" 4893
"../../../Engine/Plugins/Editor/SpeedTreeImporter/Content/SpeedTree9/EmptyNormal.uexp" 4894
"../../../Engine/Plugins/Editor/SpeedTreeImporter/Content/SpeedTree9/Empty.uasset" 4895
"../../../Engine/Plugins/Editor/SpeedTreeImporter/Content/SpeedTree9/Empty.uexp" 4896
"../../../Engine/Plugins/Editor/SpeedTreeImporter/Content/SpeedTree9/SpeedTreeBillboardMaster.uasset" 4897
"../../../Engine/Plugins/Editor/SpeedTreeImporter/Content/SpeedTree9/SpeedTreeBillboardMaster.uexp" 4898
"../../../Engine/Plugins/Editor/SpeedTreeImporter/Content/SpeedTree9/SpeedTreeCameraFacing.uasset" 4899
"../../../Engine/Plugins/Editor/SpeedTreeImporter/Content/SpeedTree9/SpeedTreeCameraFacing.uexp" 4900
"../../../Engine/Plugins/Editor/SpeedTreeImporter/Content/SpeedTree9/SpeedTreeMaster.uasset" 4901
"../../../Engine/Plugins/Editor/SpeedTreeImporter/Content/SpeedTree9/SpeedTreeMaster.uexp" 4902
"../../../Engine/Plugins/Interchange/Assets/Content/Functions/MX_AbsorptionVDF.uasset" 4903
"../../../Engine/Plugins/Interchange/Assets/Content/Functions/MX_AbsorptionVDF.uexp" 4904
"../../../Engine/Plugins/Interchange/Assets/Content/Functions/MX_AnisotropicVDF.uasset" 4905
"../../../Engine/Plugins/Interchange/Assets/Content/Functions/MX_AnisotropicVDF.uexp" 4906
"../../../Engine/Plugins/Interchange/Assets/Content/Functions/MX_BurleyDiffuseBSDF.uasset" 4907
"../../../Engine/Plugins/Interchange/Assets/Content/Functions/MX_BurleyDiffuseBSDF.uexp" 4908
"../../../Engine/Plugins/Interchange/Assets/Content/Functions/MX_ConductorBSDF.uasset" 4909
"../../../Engine/Plugins/Interchange/Assets/Content/Functions/MX_ConductorBSDF.uexp" 4910
"../../../Engine/Plugins/Interchange/Assets/Content/Functions/MX_ConicalEDF.uasset" 4911
"../../../Engine/Plugins/Interchange/Assets/Content/Functions/MX_ConicalEDF.uexp" 4912
"../../../Engine/Plugins/Interchange/Assets/Content/Functions/MX_DielectricBSDF.uasset" 4913
"../../../Engine/Plugins/Interchange/Assets/Content/Functions/MX_DielectricBSDF.uexp" 4914
"../../../Engine/Plugins/Interchange/Assets/Content/Functions/MX_GeneralizedSchlickBSDF.uasset" 4915
"../../../Engine/Plugins/Interchange/Assets/Content/Functions/MX_GeneralizedSchlickBSDF.uexp" 4916
"../../../Engine/Plugins/Interchange/Assets/Content/Functions/MX_MeasuredEDF.uasset" 4917
"../../../Engine/Plugins/Interchange/Assets/Content/Functions/MX_MeasuredEDF.uexp" 4918
"../../../Engine/Plugins/Interchange/Assets/Content/Utilities/New_LUT.uasset" 4919
"../../../Engine/Plugins/Interchange/Assets/Content/Utilities/New_LUT.uexp" 4920
"../../../Engine/Content/Functions/Engine_MaterialFunctions03/Math/RemapValueRange.uasset" 4921
"../../../Engine/Content/Functions/Engine_MaterialFunctions03/Math/RemapValueRange.uexp" 4922
"../../../Engine/Plugins/Interchange/Assets/Content/Functions/MF_Iridescence.uasset" 4923
"../../../Engine/Plugins/Interchange/Assets/Content/Functions/MF_Iridescence.uexp" 4924
"../../../Engine/Plugins/Interchange/Assets/Content/Functions/MX_StandardSurface.uasset" 4925
"../../../Engine/Plugins/Interchange/Assets/Content/Functions/MX_StandardSurface.uexp" 4926
"../../../Engine/Plugins/Interchange/Assets/Content/Functions/MX_OpenPBR_Opaque.uasset" 4927
"../../../Engine/Plugins/Interchange/Assets/Content/Functions/MX_OpenPBR_Opaque.uexp" 4928
"../../../Engine/Plugins/Interchange/Assets/Content/Functions/MX_TransmissionSurface.uasset" 4929
"../../../Engine/Plugins/Interchange/Assets/Content/Functions/MX_TransmissionSurface.uexp" 4930
"../../../Engine/Plugins/Interchange/Assets/Content/Functions/MX_OpenPBR_Translucent.uasset" 4931
"../../../Engine/Plugins/Interchange/Assets/Content/Functions/MX_OpenPBR_Translucent.uexp" 4932
"../../../Engine/Plugins/Interchange/Assets/Content/Functions/MX_OrenNayarBSDF.uasset" 4933
"../../../Engine/Plugins/Interchange/Assets/Content/Functions/MX_OrenNayarBSDF.uexp" 4934
"../../../Engine/Plugins/Interchange/Assets/Content/Functions/MX_SheenBSDF.uasset" 4935
"../../../Engine/Plugins/Interchange/Assets/Content/Functions/MX_SheenBSDF.uexp" 4936
"../../../Engine/Plugins/Interchange/Assets/Content/Functions/MX_SubsurfaceBSDF.uasset" 4937
"../../../Engine/Plugins/Interchange/Assets/Content/Functions/MX_SubsurfaceBSDF.uexp" 4938
"../../../Engine/Plugins/Interchange/Assets/Content/Functions/MX_Surface.uasset" 4939
"../../../Engine/Plugins/Interchange/Assets/Content/Functions/MX_Surface.uexp" 4940
"../../../Engine/Plugins/Interchange/Assets/Content/Functions/MX_SurfaceUnlit.uasset" 4941
"../../../Engine/Plugins/Interchange/Assets/Content/Functions/MX_SurfaceUnlit.uexp" 4942
"../../../Engine/Plugins/Interchange/Assets/Content/Functions/MX_ThinFilmBSDF.uasset" 4943
"../../../Engine/Plugins/Interchange/Assets/Content/Functions/MX_ThinFilmBSDF.uexp" 4944
"../../../Engine/Plugins/Interchange/Assets/Content/Functions/MX_TranslucentBSDF.uasset" 4945
"../../../Engine/Plugins/Interchange/Assets/Content/Functions/MX_TranslucentBSDF.uexp" 4946
"../../../Engine/Plugins/Interchange/Assets/Content/Functions/MX_UniformEDF.uasset" 4947
"../../../Engine/Plugins/Interchange/Assets/Content/Functions/MX_UniformEDF.uexp" 4948
"../../../Engine/Plugins/Interchange/Assets/Content/Functions/MX_UsdPreviewSurface.uasset" 4949
"../../../Engine/Plugins/Interchange/Assets/Content/Functions/MX_UsdPreviewSurface.uexp" 4950
"../../../Engine/Plugins/Runtime/HairStrands/Content/Materials/HairCardsDefaultMaterial.uasset" 4951
"../../../Engine/Plugins/Runtime/HairStrands/Content/Materials/HairCardsDefaultMaterial.uexp" 4952
"../../../Engine/Plugins/Runtime/HairStrands/Content/Materials/HairGroupColors.uasset" 4953
"../../../Engine/Plugins/Runtime/HairStrands/Content/Materials/HairGroupColors.uexp" 4954
"../../../Engine/Content/Functions/Engine_MaterialFunctions02/Utility/MakeFloat2.uasset" 4955
"../../../Engine/Content/Functions/Engine_MaterialFunctions02/Utility/MakeFloat2.uexp" 4956
"../../../Engine/Content/EngineMaterials/HairColorMap.uasset" 4957
"../../../Engine/Content/EngineMaterials/HairColorMap.uexp" 4958
"../../../Engine/Content/EngineMaterials/HairDebugColor.uasset" 4959
"../../../Engine/Content/EngineMaterials/HairDebugColor.uexp" 4960
"../../../Engine/Plugins/Runtime/HairStrands/Content/Materials/HairDebugMaterial.uasset" 4961
"../../../Engine/Plugins/Runtime/HairStrands/Content/Materials/HairDebugMaterial.uexp" 4962
"../../../Engine/Plugins/Runtime/HairStrands/Content/Materials/HairDefaultMaterial.uasset" 4963
"../../../Engine/Plugins/Runtime/HairStrands/Content/Materials/HairDefaultMaterial.uexp" 4964
"../../../Engine/Plugins/Runtime/HairStrands/Content/Materials/HairMeshesDefaultMaterial.uasset" 4965
"../../../Engine/Plugins/Runtime/HairStrands/Content/Materials/HairMeshesDefaultMaterial.uexp" 4966
"../../../Engine/Plugins/Runtime/MeshModelingToolset/Content/Materials/M_DynamicMeshComponentVtxColor.uasset" 4967
"../../../Engine/Plugins/Runtime/MeshModelingToolset/Content/Materials/M_DynamicMeshComponentVtxColor.uexp" 4968
"../../../Engine/Plugins/Animation/ControlRig/Content/M_Manip.uasset" 4969
"../../../Engine/Plugins/Animation/ControlRig/Content/M_Manip.uexp" 4970
"../../../Engine/Content/EngineMeshes/Sphere.uasset" 4971
"../../../Engine/Content/EngineMeshes/Sphere.uexp" 4972
"F:/GitHub/SproutScape/SproutScape/Content/Developers/basde/Collections/SproutScapeDevFolderBas/Core/Assets/Material.uasset" 4973
"F:/GitHub/SproutScape/SproutScape/Content/Developers/basde/Collections/SproutScapeDevFolderBas/Core/Assets/Material.uexp" 4974
"F:/GitHub/SproutScape/SproutScape/Content/Developers/basde/Collections/SproutScapeDevFolderBas/Core/Assets/Material_002.uasset" 4975
"F:/GitHub/SproutScape/SproutScape/Content/Developers/basde/Collections/SproutScapeDevFolderBas/Core/Assets/Material_002.uexp" 4976
"F:/GitHub/SproutScape/SproutScape/Content/Developers/basde/Collections/SproutScapeDevFolderBas/Core/Assets/Cube.uasset" 4977
"F:/GitHub/SproutScape/SproutScape/Content/Developers/basde/Collections/SproutScapeDevFolderBas/Core/Assets/Cube.uexp" 4978
"F:/GitHub/SproutScape/SproutScape/Content/Developers/basde/Collections/SproutScapeDevFolderBas/Core/Assets/Glass.uasset" 4979
"F:/GitHub/SproutScape/SproutScape/Content/Developers/basde/Collections/SproutScapeDevFolderBas/Core/Assets/Glass.uexp" 4980
"F:/GitHub/SproutScape/SproutScape/Content/Developers/basde/Collections/SproutScapeDevFolderBas/Core/Assets/metal.uasset" 4981
"F:/GitHub/SproutScape/SproutScape/Content/Developers/basde/Collections/SproutScapeDevFolderBas/Core/Assets/metal.uexp" 4982
"F:/GitHub/SproutScape/SproutScape/Content/Developers/basde/Collections/SproutScapeDevFolderBas/Core/Assets/Cube_001.uasset" 4983
"F:/GitHub/SproutScape/SproutScape/Content/Developers/basde/Collections/SproutScapeDevFolderBas/Core/Assets/Cube_001.uexp" 4984
"F:/GitHub/SproutScape/SproutScape/Content/Developers/basde/Collections/SproutScapeDevFolderBas/Core/Assets/Cube_002.uasset" 4985
"F:/GitHub/SproutScape/SproutScape/Content/Developers/basde/Collections/SproutScapeDevFolderBas/Core/Assets/Cube_002.uexp" 4986
"F:/GitHub/SproutScape/SproutScape/Content/Developers/basde/Collections/SproutScapeDevFolderBas/Core/Assets/Cube_003.uasset" 4987
"F:/GitHub/SproutScape/SproutScape/Content/Developers/basde/Collections/SproutScapeDevFolderBas/Core/Assets/Cube_003.uexp" 4988
"F:/GitHub/SproutScape/SproutScape/Content/Developers/basde/Collections/SproutScapeDevFolderBas/Core/Assets/Cylinder.ubulk" 4989
"F:/GitHub/SproutScape/SproutScape/Content/Developers/basde/Collections/SproutScapeDevFolderBas/Core/Assets/Cylinder.uasset" 4990
"F:/GitHub/SproutScape/SproutScape/Content/Developers/basde/Collections/SproutScapeDevFolderBas/Core/Assets/Cylinder.uexp" 4991
"F:/GitHub/SproutScape/SproutScape/Content/Developers/basde/Collections/SproutScapeDevFolderBas/Core/Assets/Plane.uasset" 4992
"F:/GitHub/SproutScape/SproutScape/Content/Developers/basde/Collections/SproutScapeDevFolderBas/Core/Assets/Plane.uexp" 4993
"F:/GitHub/SproutScape/SproutScape/Content/Developers/basde/Collections/SproutScapeDevFolderBas/Core/Assets/Plane_003.uasset" 4994
"F:/GitHub/SproutScape/SproutScape/Content/Developers/basde/Collections/SproutScapeDevFolderBas/Core/Assets/Plane_003.uexp" 4995
"F:/GitHub/SproutScape/SproutScape/Content/Developers/basde/Collections/SproutScapeDevFolderBas/Core/Assets/Roundcube_001.uasset" 4996
"F:/GitHub/SproutScape/SproutScape/Content/Developers/basde/Collections/SproutScapeDevFolderBas/Core/Assets/Roundcube_001.uexp" 4997
"F:/GitHub/SproutScape/SproutScape/Content/Developers/basde/Collections/SproutScapeDevFolderBas/Core/Assets/Roundcube_002.uasset" 4998
"F:/GitHub/SproutScape/SproutScape/Content/Developers/basde/Collections/SproutScapeDevFolderBas/Core/Assets/Roundcube_002.uexp" 4999
"F:/GitHub/SproutScape/SproutScape/Content/Developers/basde/Collections/SproutScapeDevFolderBas/Core/Assets/Sphere_006.uasset" 5000
"F:/GitHub/SproutScape/SproutScape/Content/Developers/basde/Collections/SproutScapeDevFolderBas/Core/Assets/Sphere_006.uexp" 5001
"F:/GitHub/SproutScape/SproutScape/Content/Developers/basde/Collections/SproutScapeDevFolderBas/Core/Assets/Sphere_007.uasset" 5002
"F:/GitHub/SproutScape/SproutScape/Content/Developers/basde/Collections/SproutScapeDevFolderBas/Core/Assets/Sphere_007.uexp" 5003
"F:/GitHub/SproutScape/SproutScape/Content/Developers/basde/Collections/SproutScapeDevFolderBas/Core/Assets/Sphere_008.uasset" 5004
"F:/GitHub/SproutScape/SproutScape/Content/Developers/basde/Collections/SproutScapeDevFolderBas/Core/Assets/Sphere_008.uexp" 5005
"F:/GitHub/SproutScape/SproutScape/Content/Developers/milan/Collections/Mesh/Character_ButterBot/ABP_Butterstick.uasset" 5006
"F:/GitHub/SproutScape/SproutScape/Content/Developers/milan/Collections/Mesh/Character_ButterBot/ABP_Butterstick.uexp" 5007
"F:/GitHub/SproutScape/SproutScape/Content/Developers/milan/Collections/Mesh/Character_ButterBot/BS_Butterbot_WalkToIdle.uasset" 5008
"F:/GitHub/SproutScape/SproutScape/Content/Developers/milan/Collections/Mesh/Character_ButterBot/BS_Butterbot_WalkToIdle.uexp" 5009
"F:/GitHub/SproutScape/SproutScape/Content/Developers/milan/Collections/Mesh/Character_ButterBot/Cube.ubulk" 5010
"F:/GitHub/SproutScape/SproutScape/Content/Developers/milan/Collections/Mesh/Character_ButterBot/Cube.uasset" 5011
"F:/GitHub/SproutScape/SproutScape/Content/Developers/milan/Collections/Mesh/Character_ButterBot/Cube.uexp" 5012
"../../../Engine/Plugins/Enterprise/DatasmithContent/Content/Materials/FBXImporter/VRED/ProcessNormal.uasset" 5013
"../../../Engine/Plugins/Enterprise/DatasmithContent/Content/Materials/FBXImporter/VRED/ProcessNormal.uexp" 5014
"../../../Engine/Content/Functions/Engine_MaterialFunctions02/ExampleContent/DebugNumberStrip.uasset" 5015
"../../../Engine/Content/Functions/Engine_MaterialFunctions02/ExampleContent/DebugNumberStrip.uexp" 5016
"../../../Engine/Content/Functions/Engine_MaterialFunctions01/Texturing/ComputeMipLevel.uasset" 5017
"../../../Engine/Content/Functions/Engine_MaterialFunctions01/Texturing/ComputeMipLevel.uexp" 5018
"../../../Engine/Content/Functions/Engine_MaterialFunctions01/Texturing/TextureCropping.uasset" 5019
"../../../Engine/Content/Functions/Engine_MaterialFunctions01/Texturing/TextureCropping.uexp" 5020
"../../../Engine/Content/Functions/Engine_MaterialFunctions02/ExampleContent/Textures/DebugNumberPeriod.uasset" 5021
"../../../Engine/Content/Functions/Engine_MaterialFunctions02/ExampleContent/Textures/DebugNumberPeriod.uexp" 5022
"../../../Engine/Content/Functions/Engine_MaterialFunctions02/Utility/DebugScalarValues.uasset" 5023
"../../../Engine/Content/Functions/Engine_MaterialFunctions02/Utility/DebugScalarValues.uexp" 5024
"../../../Engine/Content/Functions/Engine_MaterialFunctions02/Utility/DebugFloat3Values.uasset" 5025
"../../../Engine/Content/Functions/Engine_MaterialFunctions02/Utility/DebugFloat3Values.uexp" 5026
"../../../Engine/Content/Functions/Engine_MaterialFunctions02/Math/RGBtoHSV.uasset" 5027
"../../../Engine/Content/Functions/Engine_MaterialFunctions02/Math/RGBtoHSV.uexp" 5028
"../../../Engine/Content/Functions/Engine_MaterialFunctions02/WorldPositionOffset/LocalPosition.uasset" 5029
"../../../Engine/Content/Functions/Engine_MaterialFunctions02/WorldPositionOffset/LocalPosition.uexp" 5030
"../../../Engine/Plugins/Enterprise/DatasmithContent/Content/Materials/FBXImporter/VRED/VREDRepeatMode.uasset" 5031
"../../../Engine/Plugins/Enterprise/DatasmithContent/Content/Materials/FBXImporter/VRED/VREDRepeatMode.uexp" 5032
"../../../Engine/Plugins/Enterprise/DatasmithContent/Content/Materials/FBXImporter/VRED/PlanarMapping.uasset" 5033
"../../../Engine/Plugins/Enterprise/DatasmithContent/Content/Materials/FBXImporter/VRED/PlanarMapping.uexp" 5034
"../../../Engine/Plugins/Enterprise/DatasmithContent/Content/Materials/FBXImporter/VRED/UVMapping.uasset" 5035
"../../../Engine/Plugins/Enterprise/DatasmithContent/Content/Materials/FBXImporter/VRED/UVMapping.uexp" 5036
"../../../Engine/Plugins/Enterprise/DatasmithContent/Content/Materials/FBXImporter/VRED/TriplanarMapping.uasset" 5037
"../../../Engine/Plugins/Enterprise/DatasmithContent/Content/Materials/FBXImporter/VRED/TriplanarMapping.uexp" 5038
"../../../Engine/Plugins/Enterprise/DatasmithContent/Content/Materials/FBXImporter/VRED/VREDTextureRead.uasset" 5039
"../../../Engine/Plugins/Enterprise/DatasmithContent/Content/Materials/FBXImporter/VRED/VREDTextureRead.uexp" 5040
"../../../Engine/Content/Functions/Engine_MaterialFunctions02/Fresnel_Function.uasset" 5041
"../../../Engine/Content/Functions/Engine_MaterialFunctions02/Fresnel_Function.uexp" 5042
"../../../Engine/Content/Functions/Engine_MaterialFunctions01/Texturing/BakedDisplacement.uasset" 5043
"../../../Engine/Content/Functions/Engine_MaterialFunctions01/Texturing/BakedDisplacement.uexp" 5044
"../../../Engine/Plugins/Enterprise/DatasmithContent/Content/Materials/FBXImporter/VRED/Glass.uasset" 5045
"../../../Engine/Plugins/Enterprise/DatasmithContent/Content/Materials/FBXImporter/VRED/Glass.uexp" 5046
"F:/GitHub/SproutScape/SproutScape/Content/Developers/milan/Collections/Mesh/Character_ButterBot/Cube_001.uasset" 5047
"F:/GitHub/SproutScape/SproutScape/Content/Developers/milan/Collections/Mesh/Character_ButterBot/Cube_001.uexp" 5048
"F:/GitHub/SproutScape/SproutScape/Content/Developers/milan/Collections/Mesh/Character_ButterBot/NurbsPath_044.uasset" 5049
"F:/GitHub/SproutScape/SproutScape/Content/Developers/milan/Collections/Mesh/Character_ButterBot/NurbsPath_044.uexp" 5050
"F:/GitHub/SproutScape/SproutScape/Content/Developers/milan/Collections/Mesh/Character_ButterBot/Plane_067.ubulk" 5051
"F:/GitHub/SproutScape/SproutScape/Content/Developers/milan/Collections/Mesh/Character_ButterBot/Plane_067.uasset" 5052
"F:/GitHub/SproutScape/SproutScape/Content/Developers/milan/Collections/Mesh/Character_ButterBot/Plane_067.uexp" 5053
"F:/GitHub/SproutScape/SproutScape/Content/Developers/milan/Collections/Mesh/Character_ButterBot/StaticMesh.uasset" 5054
"F:/GitHub/SproutScape/SproutScape/Content/Developers/milan/Collections/Mesh/Character_ButterBot/StaticMesh.uexp" 5055
"../../../Engine/Content/MapTemplates/TilingNoise05.ubulk" 5056
"../../../Engine/Content/MapTemplates/TilingNoise05.uasset" 5057
"../../../Engine/Content/MapTemplates/TilingNoise05.uexp" 5058
"../../../Engine/Content/Functions/Engine_MaterialFunctions02/Utility/BreakOutFloat4Components.uasset" 5059
"../../../Engine/Content/Functions/Engine_MaterialFunctions02/Utility/BreakOutFloat4Components.uexp" 5060
"../../../Engine/Content/Functions/Engine_MaterialFunctions01/Opacity/AlphaOffset.uasset" 5061
"../../../Engine/Content/Functions/Engine_MaterialFunctions01/Opacity/AlphaOffset.uexp" 5062
"F:/GitHub/SproutScape/SproutScape/Content/Developers/NickvanLuyk/Collections/Core/Materials/MF_OcclusionMasking.uasset" 5063
"F:/GitHub/SproutScape/SproutScape/Content/Developers/NickvanLuyk/Collections/Core/Materials/MF_OcclusionMasking.uexp" 5064
"F:/GitHub/SproutScape/SproutScape/Content/Developers/NickvanLuyk/Collections/Core/Materials/M_TestMasking.uasset" 5065
"F:/GitHub/SproutScape/SproutScape/Content/Developers/NickvanLuyk/Collections/Core/Materials/M_TestMasking.uexp" 5066
"F:/GitHub/SproutScape/SproutScape/Content/Developers/NickvanLuyk/Collections/Core/Materials/MI_TestMasking.uasset" 5067
"F:/GitHub/SproutScape/SproutScape/Content/Developers/NickvanLuyk/Collections/Core/Materials/MI_TestMasking.uexp" 5068
"F:/GitHub/SproutScape/SproutScape/Content/Developers/colin/_GENERATED/colin/Box_D5F0C55E.ubulk" 5069
"F:/GitHub/SproutScape/SproutScape/Content/Developers/colin/_GENERATED/colin/Box_D5F0C55E.uasset" 5070
"F:/GitHub/SproutScape/SproutScape/Content/Developers/colin/_GENERATED/colin/Box_D5F0C55E.uexp" 5071
"F:/GitHub/SproutScape/SproutScape/Content/Developers/colin/_GENERATED/colin/Rectangle_00FA1026.ubulk" 5072
"F:/GitHub/SproutScape/SproutScape/Content/Developers/colin/_GENERATED/colin/Rectangle_00FA1026.uasset" 5073
"F:/GitHub/SproutScape/SproutScape/Content/Developers/colin/_GENERATED/colin/Rectangle_00FA1026.uexp" 5074
"F:/GitHub/SproutScape/SproutScape/Content/Developers/colin/_GENERATED/colin/Rectangle_0E21720A.ubulk" 5075
"F:/GitHub/SproutScape/SproutScape/Content/Developers/colin/_GENERATED/colin/Rectangle_0E21720A.uasset" 5076
"F:/GitHub/SproutScape/SproutScape/Content/Developers/colin/_GENERATED/colin/Rectangle_0E21720A.uexp" 5077
"F:/GitHub/SproutScape/SproutScape/Content/Developers/colin/_GENERATED/colin/Rectangle_1F858CB5.ubulk" 5078
"F:/GitHub/SproutScape/SproutScape/Content/Developers/colin/_GENERATED/colin/Rectangle_1F858CB5.uasset" 5079
"F:/GitHub/SproutScape/SproutScape/Content/Developers/colin/_GENERATED/colin/Rectangle_1F858CB5.uexp" 5080
"F:/GitHub/SproutScape/SproutScape/Content/Developers/colin/_GENERATED/colin/Rectangle_45ACF671.ubulk" 5081
"F:/GitHub/SproutScape/SproutScape/Content/Developers/colin/_GENERATED/colin/Rectangle_45ACF671.uasset" 5082
"F:/GitHub/SproutScape/SproutScape/Content/Developers/colin/_GENERATED/colin/Rectangle_45ACF671.uexp" 5083
"F:/GitHub/SproutScape/SproutScape/Content/Developers/colin/_GENERATED/colin/Rectangle_52677E06.ubulk" 5084
"F:/GitHub/SproutScape/SproutScape/Content/Developers/colin/_GENERATED/colin/Rectangle_52677E06.uasset" 5085
"F:/GitHub/SproutScape/SproutScape/Content/Developers/colin/_GENERATED/colin/Rectangle_52677E06.uexp" 5086
"F:/GitHub/SproutScape/SproutScape/Content/Developers/colin/_GENERATED/colin/Rectangle_553FE12A.ubulk" 5087
"F:/GitHub/SproutScape/SproutScape/Content/Developers/colin/_GENERATED/colin/Rectangle_553FE12A.uasset" 5088
"F:/GitHub/SproutScape/SproutScape/Content/Developers/colin/_GENERATED/colin/Rectangle_553FE12A.uexp" 5089
"F:/GitHub/SproutScape/SproutScape/Content/Developers/colin/_GENERATED/colin/Rectangle_844A8F27.ubulk" 5090
"F:/GitHub/SproutScape/SproutScape/Content/Developers/colin/_GENERATED/colin/Rectangle_844A8F27.uasset" 5091
"F:/GitHub/SproutScape/SproutScape/Content/Developers/colin/_GENERATED/colin/Rectangle_844A8F27.uexp" 5092
"F:/GitHub/SproutScape/SproutScape/Content/Developers/colin/_GENERATED/colin/Rectangle_86A1D600.ubulk" 5093
"F:/GitHub/SproutScape/SproutScape/Content/Developers/colin/_GENERATED/colin/Rectangle_86A1D600.uasset" 5094
"F:/GitHub/SproutScape/SproutScape/Content/Developers/colin/_GENERATED/colin/Rectangle_86A1D600.uexp" 5095
"F:/GitHub/SproutScape/SproutScape/Content/Developers/colin/_GENERATED/colin/Rectangle_CE3C17AA.ubulk" 5096
"F:/GitHub/SproutScape/SproutScape/Content/Developers/colin/_GENERATED/colin/Rectangle_CE3C17AA.uasset" 5097
"F:/GitHub/SproutScape/SproutScape/Content/Developers/colin/_GENERATED/colin/Rectangle_CE3C17AA.uexp" 5098
"F:/GitHub/SproutScape/SproutScape/Content/Developers/Osa/Models/Level_1_props/S_Letterblok_02.uasset" 5099
"F:/GitHub/SproutScape/SproutScape/Content/Developers/Osa/Models/Level_1_props/S_Letterblok_02.uexp" 5100
"F:/GitHub/SproutScape/SproutScape/Content/Developers/Osa/Textures/Level_2_props/FingerHoedje/T_Finerhoedje_ORM.ubulk" 5101
"F:/GitHub/SproutScape/SproutScape/Content/Developers/Osa/Textures/Level_2_props/FingerHoedje/T_Finerhoedje_ORM.uasset" 5102
"F:/GitHub/SproutScape/SproutScape/Content/Developers/Osa/Textures/Level_2_props/FingerHoedje/T_Finerhoedje_ORM.uexp" 5103
"F:/GitHub/SproutScape/SproutScape/Content/Developers/Osa/Textures/Level_2_props/FingerHoedje/T_Finerhoedje_N.ubulk" 5104
"F:/GitHub/SproutScape/SproutScape/Content/Developers/Osa/Textures/Level_2_props/FingerHoedje/T_Finerhoedje_N.uasset" 5105
"F:/GitHub/SproutScape/SproutScape/Content/Developers/Osa/Textures/Level_2_props/FingerHoedje/T_Finerhoedje_N.uexp" 5106
"F:/GitHub/SproutScape/SproutScape/Content/Developers/Osa/Textures/Level_2_props/FingerHoedje/T_Finerhoedje_D.ubulk" 5107
"F:/GitHub/SproutScape/SproutScape/Content/Developers/Osa/Textures/Level_2_props/FingerHoedje/T_Finerhoedje_D.uasset" 5108
"F:/GitHub/SproutScape/SproutScape/Content/Developers/Osa/Textures/Level_2_props/FingerHoedje/T_Finerhoedje_D.uexp" 5109
"F:/GitHub/SproutScape/SproutScape/Content/Developers/Osa/Materials/Level_2_props/M_Fingerhoedje.uasset" 5110
"F:/GitHub/SproutScape/SproutScape/Content/Developers/Osa/Materials/Level_2_props/M_Fingerhoedje.uexp" 5111
"F:/GitHub/SproutScape/SproutScape/Content/Developers/Osa/Models/Level_2_props/S_Fingerhoedje_01.uasset" 5112
"F:/GitHub/SproutScape/SproutScape/Content/Developers/Osa/Models/Level_2_props/S_Fingerhoedje_01.uexp" 5113
"F:/GitHub/SproutScape/SproutScape/Content/Developers/Osa/Textures/Level_2_props/TuinTavel/T_TuinTavel_ORM.ubulk" 5114
"F:/GitHub/SproutScape/SproutScape/Content/Developers/Osa/Textures/Level_2_props/TuinTavel/T_TuinTavel_ORM.uasset" 5115
"F:/GitHub/SproutScape/SproutScape/Content/Developers/Osa/Textures/Level_2_props/TuinTavel/T_TuinTavel_ORM.uexp" 5116
"F:/GitHub/SproutScape/SproutScape/Content/Developers/Osa/Textures/Level_2_props/TuinTavel/T_TuinTavel_N.ubulk" 5117
"F:/GitHub/SproutScape/SproutScape/Content/Developers/Osa/Textures/Level_2_props/TuinTavel/T_TuinTavel_N.uasset" 5118
"F:/GitHub/SproutScape/SproutScape/Content/Developers/Osa/Textures/Level_2_props/TuinTavel/T_TuinTavel_N.uexp" 5119
"F:/GitHub/SproutScape/SproutScape/Content/Developers/Osa/Textures/Level_2_props/TuinTavel/T_TuinTavel_D.ubulk" 5120
"F:/GitHub/SproutScape/SproutScape/Content/Developers/Osa/Textures/Level_2_props/TuinTavel/T_TuinTavel_D.uasset" 5121
"F:/GitHub/SproutScape/SproutScape/Content/Developers/Osa/Textures/Level_2_props/TuinTavel/T_TuinTavel_D.uexp" 5122
"F:/GitHub/SproutScape/SproutScape/Content/Developers/Osa/Materials/Level_2_props/M_TuinTavel.uasset" 5123
"F:/GitHub/SproutScape/SproutScape/Content/Developers/Osa/Materials/Level_2_props/M_TuinTavel.uexp" 5124
"F:/GitHub/SproutScape/SproutScape/Content/Developers/Osa/Models/Level_2_props/S_TuinTavel_01.uasset" 5125
"F:/GitHub/SproutScape/SproutScape/Content/Developers/Osa/Models/Level_2_props/S_TuinTavel_01.uexp" 5126
"F:/GitHub/SproutScape/SproutScape/Content/Developers/colin/Blockout_1/SM_Blokje_Blockout.uasset" 5127
"F:/GitHub/SproutScape/SproutScape/Content/Developers/colin/Blockout_1/SM_Blokje_Blockout.uexp" 5128
"F:/GitHub/SproutScape/SproutScape/Content/Developers/colin/Blockout_1/SM_Deegroller_Blockout.uasset" 5129
"F:/GitHub/SproutScape/SproutScape/Content/Developers/colin/Blockout_1/SM_Deegroller_Blockout.uexp" 5130
"F:/GitHub/SproutScape/SproutScape/Content/Developers/colin/Blockout_1/SM_Deurmat_Blockout.uasset" 5131
"F:/GitHub/SproutScape/SproutScape/Content/Developers/colin/Blockout_1/SM_Deurmat_Blockout.uexp" 5132
"F:/GitHub/SproutScape/SproutScape/Content/Developers/colin/Blockout_1/SM_DishBotDoos_Blockout.uasset" 5133
"F:/GitHub/SproutScape/SproutScape/Content/Developers/colin/Blockout_1/SM_DishBotDoos_Blockout.uexp" 5134
"F:/GitHub/SproutScape/SproutScape/Content/Developers/colin/Blockout_1/SM_DishBotKnop_Blockout.uasset" 5135
"F:/GitHub/SproutScape/SproutScape/Content/Developers/colin/Blockout_1/SM_DishBotKnop_Blockout.uexp" 5136
"F:/GitHub/SproutScape/SproutScape/Content/Developers/colin/Blockout_1/SM_HondenSpeeltje_Blockout.uasset" 5137
"F:/GitHub/SproutScape/SproutScape/Content/Developers/colin/Blockout_1/SM_HondenSpeeltje_Blockout.uexp" 5138
"F:/GitHub/SproutScape/SproutScape/Content/Developers/colin/Blockout_1/SM_Krant_Blockout.uasset" 5139
"F:/GitHub/SproutScape/SproutScape/Content/Developers/colin/Blockout_1/SM_Krant_Blockout.uexp" 5140
"F:/GitHub/SproutScape/SproutScape/Content/Developers/colin/Blockout_1/SM_Laars_Blockout.uasset" 5141
"F:/GitHub/SproutScape/SproutScape/Content/Developers/colin/Blockout_1/SM_Laars_Blockout.uexp" 5142
"F:/GitHub/SproutScape/SproutScape/Content/Developers/colin/Blockout_1/SM_Level1_Blockout.uasset" 5143
"F:/GitHub/SproutScape/SproutScape/Content/Developers/colin/Blockout_1/SM_Level1_Blockout.uexp" 5144
"F:/GitHub/SproutScape/SproutScape/Content/Developers/colin/Blockout_1/SM_Propje_Blockout.uasset" 5145
"F:/GitHub/SproutScape/SproutScape/Content/Developers/colin/Blockout_1/SM_Propje_Blockout.uexp" 5146
"F:/GitHub/SproutScape/SproutScape/Content/Developers/colin/Blockout_1/SM_RoombaStation_Blockout.uasset" 5147
"F:/GitHub/SproutScape/SproutScape/Content/Developers/colin/Blockout_1/SM_RoombaStation_Blockout.uexp" 5148
"F:/GitHub/SproutScape/SproutScape/Content/Developers/colin/Blockout_1/SM_RoombaStof_Blockout.uasset" 5149
"F:/GitHub/SproutScape/SproutScape/Content/Developers/colin/Blockout_1/SM_RoombaStof_Blockout.uexp" 5150
"F:/GitHub/SproutScape/SproutScape/Content/Developers/colin/Blockout_1/SM_Roomba_Blockout.uasset" 5151
"F:/GitHub/SproutScape/SproutScape/Content/Developers/colin/Blockout_1/SM_Roomba_Blockout.uexp" 5152
"F:/GitHub/SproutScape/SproutScape/Content/Developers/colin/Models/SM_Backdoor.ubulk" 5153
"F:/GitHub/SproutScape/SproutScape/Content/Developers/colin/Models/SM_Backdoor.uasset" 5154
"F:/GitHub/SproutScape/SproutScape/Content/Developers/colin/Models/SM_Backdoor.uexp" 5155
"F:/GitHub/SproutScape/SproutScape/Content/Developers/colin/Materials/M_Blockout_Level1.uasset" 5156
"F:/GitHub/SproutScape/SproutScape/Content/Developers/colin/Materials/M_Blockout_Level1.uexp" 5157
"F:/GitHub/SproutScape/SproutScape/Content/Developers/colin/Models/SM_Blokje_Blockout.uasset" 5158
"F:/GitHub/SproutScape/SproutScape/Content/Developers/colin/Models/SM_Blokje_Blockout.uexp" 5159
"F:/GitHub/SproutScape/SproutScape/Content/Developers/colin/Models/SM_CatDoor.uasset" 5160
"F:/GitHub/SproutScape/SproutScape/Content/Developers/colin/Models/SM_CatDoor.uexp" 5161
"F:/GitHub/SproutScape/SproutScape/Content/Developers/colin/Models/SM_Deegroller_Blockout.uasset" 5162
"F:/GitHub/SproutScape/SproutScape/Content/Developers/colin/Models/SM_Deegroller_Blockout.uexp" 5163
"F:/GitHub/SproutScape/SproutScape/Content/Developers/colin/Models/SM_Deurmat_Blockout.uasset" 5164
"F:/GitHub/SproutScape/SproutScape/Content/Developers/colin/Models/SM_Deurmat_Blockout.uexp" 5165
"F:/GitHub/SproutScape/SproutScape/Content/Developers/colin/Models/SM_DishBotDoos_Blockout.uasset" 5166
"F:/GitHub/SproutScape/SproutScape/Content/Developers/colin/Models/SM_DishBotDoos_Blockout.uexp" 5167
"F:/GitHub/SproutScape/SproutScape/Content/Developers/colin/Models/SM_DishBotKnop_Blockout.uasset" 5168
"F:/GitHub/SproutScape/SproutScape/Content/Developers/colin/Models/SM_DishBotKnop_Blockout.uexp" 5169
"F:/GitHub/SproutScape/SproutScape/Content/Developers/colin/Models/SM_Frontdoor.ubulk" 5170
"F:/GitHub/SproutScape/SproutScape/Content/Developers/colin/Models/SM_Frontdoor.uasset" 5171
"F:/GitHub/SproutScape/SproutScape/Content/Developers/colin/Models/SM_Frontdoor.uexp" 5172
"F:/GitHub/SproutScape/SproutScape/Content/Developers/colin/Models/SM_Fundering.uasset" 5173
"F:/GitHub/SproutScape/SproutScape/Content/Developers/colin/Models/SM_Fundering.uexp" 5174
"F:/GitHub/SproutScape/SproutScape/Content/Developers/colin/Models/SM_Fundering_Aarde.uasset" 5175
"F:/GitHub/SproutScape/SproutScape/Content/Developers/colin/Models/SM_Fundering_Aarde.uexp" 5176
"F:/GitHub/SproutScape/SproutScape/Content/Developers/colin/Models/SM_HondenSpeeltje_Blockout.uasset" 5177
"F:/GitHub/SproutScape/SproutScape/Content/Developers/colin/Models/SM_HondenSpeeltje_Blockout.uexp" 5178
"F:/GitHub/SproutScape/SproutScape/Content/Developers/colin/Models/SM_Huisvloer_Balk.uasset" 5179
"F:/GitHub/SproutScape/SproutScape/Content/Developers/colin/Models/SM_Huisvloer_Balk.uexp" 5180
"F:/GitHub/SproutScape/SproutScape/Content/Developers/colin/Models/SM_Huisvloer_Planken.uasset" 5181
"F:/GitHub/SproutScape/SproutScape/Content/Developers/colin/Models/SM_Huisvloer_Planken.uexp" 5182
"F:/GitHub/SproutScape/SproutScape/Content/Developers/colin/Models/SM_Huisvloer_Tegels.uasset" 5183
"F:/GitHub/SproutScape/SproutScape/Content/Developers/colin/Models/SM_Huisvloer_Tegels.uexp" 5184
"F:/GitHub/SproutScape/SproutScape/Content/Developers/colin/Models/SM_Krant_Blockout.uasset" 5185
"F:/GitHub/SproutScape/SproutScape/Content/Developers/colin/Models/SM_Krant_Blockout.uexp" 5186
"F:/GitHub/SproutScape/SproutScape/Content/Developers/colin/Models/SM_Laars_Blockout.uasset" 5187
"F:/GitHub/SproutScape/SproutScape/Content/Developers/colin/Models/SM_Laars_Blockout.uexp" 5188
"F:/GitHub/SproutScape/SproutScape/Content/Developers/colin/Models/SM_Level1_Blockout.uasset" 5189
"F:/GitHub/SproutScape/SproutScape/Content/Developers/colin/Models/SM_Level1_Blockout.uexp" 5190
"F:/GitHub/SproutScape/SproutScape/Content/Developers/colin/Models/SM_Muren.uasset" 5191
"F:/GitHub/SproutScape/SproutScape/Content/Developers/colin/Models/SM_Muren.uexp" 5192
"F:/GitHub/SproutScape/SproutScape/Content/Developers/colin/Models/SM_Propje_Blockout.uasset" 5193
"F:/GitHub/SproutScape/SproutScape/Content/Developers/colin/Models/SM_Propje_Blockout.uexp" 5194
"F:/GitHub/SproutScape/SproutScape/Content/Developers/colin/Models/SM_RoombaStation_Blockout.uasset" 5195
"F:/GitHub/SproutScape/SproutScape/Content/Developers/colin/Models/SM_RoombaStation_Blockout.uexp" 5196
"F:/GitHub/SproutScape/SproutScape/Content/Developers/colin/Models/SM_RoombaStof_Blockout.uasset" 5197
"F:/GitHub/SproutScape/SproutScape/Content/Developers/colin/Models/SM_RoombaStof_Blockout.uexp" 5198
"F:/GitHub/SproutScape/SproutScape/Content/Developers/colin/Models/SM_Roomba_Blockout.uasset" 5199
"F:/GitHub/SproutScape/SproutScape/Content/Developers/colin/Models/SM_Roomba_Blockout.uexp" 5200
"../../../Engine/Content/ArtTools/RenderToTexture/Meshes/S_1_Unit_Plane.uasset" 5201
"../../../Engine/Content/ArtTools/RenderToTexture/Meshes/S_1_Unit_Plane.uexp" 5202
"../../../Engine/Content/EngineMaterials/Substrate/GLints/AGlintTex2dArray.uasset" 5203
"../../../Engine/Content/EngineMaterials/Substrate/GLints/AGlintTex2dArray.uexp" 5204
"../../../Engine/Content/EngineMaterials/Substrate/GLints2/AGlintTex2dArray2.uasset" 5205
"../../../Engine/Content/EngineMaterials/Substrate/GLints2/AGlintTex2dArray2.uexp" 5206
"../../../Engine/Content/EditorMaterials/Camera/CineMat.uasset" 5207
"../../../Engine/Content/EditorMaterials/Camera/CineMat.uexp" 5208
"../../../Engine/Content/EditorMaterials/Camera/MI_CineMat_Rig.uasset" 5209
"../../../Engine/Content/EditorMaterials/Camera/MI_CineMat_Rig.uexp" 5210
"../../../Engine/Content/EditorMeshes/Camera/SM_CraneRig_Arm.uasset" 5211
"../../../Engine/Content/EditorMeshes/Camera/SM_CraneRig_Arm.uexp" 5212
"../../../Engine/Content/EditorMeshes/Camera/SM_CraneRig_Base.uasset" 5213
"../../../Engine/Content/EditorMeshes/Camera/SM_CraneRig_Base.uexp" 5214
"../../../Engine/Content/EditorMeshes/Camera/SM_CraneRig_Body.uasset" 5215
"../../../Engine/Content/EditorMeshes/Camera/SM_CraneRig_Body.uexp" 5216
"../../../Engine/Content/EditorMeshes/Camera/SM_CraneRig_Mount.uasset" 5217
"../../../Engine/Content/EditorMeshes/Camera/SM_CraneRig_Mount.uexp" 5218
"../../../Engine/Content/EditorMeshes/Camera/SM_RailRig_Mount.uasset" 5219
"../../../Engine/Content/EditorMeshes/Camera/SM_RailRig_Mount.uexp" 5220
"../../../Engine/Content/EditorMeshes/Camera/SM_RailRig_Track.uasset" 5221
"../../../Engine/Content/EditorMeshes/Camera/SM_RailRig_Track.uexp" 5222
"../../../Engine/Content/EngineSky/VolumetricClouds/T_CloudMask.ubulk" 5223
"../../../Engine/Content/EngineSky/VolumetricClouds/T_CloudMask.uasset" 5224
"../../../Engine/Content/EngineSky/VolumetricClouds/T_CloudMask.uexp" 5225
"../../../Engine/Content/EngineSky/VolumetricClouds/VT_Lightning.uasset" 5226
"../../../Engine/Content/EngineSky/VolumetricClouds/VT_Lightning.uexp" 5227
"../../../Engine/Content/EngineSky/VolumetricClouds/T_Profile_08.ubulk" 5228
"../../../Engine/Content/EngineSky/VolumetricClouds/T_Profile_08.uasset" 5229
"../../../Engine/Content/EngineSky/VolumetricClouds/T_Profile_08.uexp" 5230
"../../../Engine/Content/Functions/Engine_MaterialFunctions02/Utility/MakeFloat4.uasset" 5231
"../../../Engine/Content/Functions/Engine_MaterialFunctions02/Utility/MakeFloat4.uexp" 5232
"../../../Engine/Content/Functions/Engine_MaterialFunctions01/Units/Km-to-Cm.uasset" 5233
"../../../Engine/Content/Functions/Engine_MaterialFunctions01/Units/Km-to-Cm.uexp" 5234
"../../../Engine/Content/EngineSky/VolumetricClouds/T_CloudPattern.ubulk" 5235
"../../../Engine/Content/EngineSky/VolumetricClouds/T_CloudPattern.uasset" 5236
"../../../Engine/Content/EngineSky/VolumetricClouds/T_CloudPattern.uexp" 5237
"../../../Engine/Content/EngineSky/VolumetricClouds/VT_PerlinWorley_Balanced.uasset" 5238
"../../../Engine/Content/EngineSky/VolumetricClouds/VT_PerlinWorley_Balanced.uexp" 5239
"../../../Engine/Content/EngineSky/VolumetricClouds/m_SimpleVolumetricCloud.uasset" 5240
"../../../Engine/Content/EngineSky/VolumetricClouds/m_SimpleVolumetricCloud.uexp" 5241
"../../../Engine/Content/EngineSky/VolumetricClouds/m_SimpleVolumetricCloud_Inst.uasset" 5242
"../../../Engine/Content/EngineSky/VolumetricClouds/m_SimpleVolumetricCloud_Inst.uexp" 5243
"../../../Engine/Content/VREditor/LaserPointer/VR_LaserPower_01.ubulk" 5244
"../../../Engine/Content/VREditor/LaserPointer/VR_LaserPower_01.uasset" 5245
"../../../Engine/Content/VREditor/LaserPointer/VR_LaserPower_01.uexp" 5246
"../../../Engine/Content/VREditor/TransformGizmo/TransformGizmoMaterial.uasset" 5247
"../../../Engine/Content/VREditor/TransformGizmo/TransformGizmoMaterial.uexp" 5248
"../../../Engine/Content/VREditor/TransformGizmo/TranslucentTransformGizmoMaterial.uasset" 5249
"../../../Engine/Content/VREditor/TransformGizmo/TranslucentTransformGizmoMaterial.uexp" 5250
"../../../Engine/Content/VREditor/TransformGizmo/BoundingBoxCorner.uasset" 5251
"../../../Engine/Content/VREditor/TransformGizmo/BoundingBoxCorner.uexp" 5252
"../../../Engine/Content/VREditor/TransformGizmo/BoundingBoxEdge.uasset" 5253
"../../../Engine/Content/VREditor/TransformGizmo/BoundingBoxEdge.uexp" 5254
"../../../Engine/Content/VREditor/TransformGizmo/Main.uasset" 5255
"../../../Engine/Content/VREditor/TransformGizmo/Main.uexp" 5256
"../../../Engine/Content/VREditor/TransformGizmo/Xray.uasset" 5257
"../../../Engine/Content/VREditor/TransformGizmo/Xray.uexp" 5258
"../../../Engine/Content/VREditor/TransformGizmo/SM_Sequencer_Node.uasset" 5259
"../../../Engine/Content/VREditor/TransformGizmo/SM_Sequencer_Node.uexp" 5260
"../../../Engine/Content/Functions/Engine_MaterialFunctions02/Math/Transform3x3Matrix.uasset" 5261
"../../../Engine/Content/Functions/Engine_MaterialFunctions02/Math/Transform3x3Matrix.uexp" 5262
"../../../Engine/Plugins/Interchange/Assets/Content/gltf/Textures/T_White_srgb.uasset" 5263
"../../../Engine/Plugins/Interchange/Assets/Content/gltf/Textures/T_White_srgb.uexp" 5264
"../../../Engine/Plugins/Interchange/Assets/Content/gltf/MaterialFunctions/MF_Specular.uasset" 5265
"../../../Engine/Plugins/Interchange/Assets/Content/gltf/MaterialFunctions/MF_Specular.uexp" 5266
"../../../Engine/Plugins/Interchange/Assets/Content/gltf/Textures/T_Anisotropy_Direction_Linear.uasset" 5267
"../../../Engine/Plugins/Interchange/Assets/Content/gltf/Textures/T_Anisotropy_Direction_Linear.uexp" 5268
"../../../Engine/Plugins/Interchange/Assets/Content/gltf/MaterialFunctions/MF_SpecularAnisotropy.uasset" 5269
"../../../Engine/Plugins/Interchange/Assets/Content/gltf/MaterialFunctions/MF_SpecularAnisotropy.uexp" 5270
"../../../Engine/Plugins/Interchange/Assets/Content/gltf/Textures/T_White_Linear.uasset" 5271
"../../../Engine/Plugins/Interchange/Assets/Content/gltf/Textures/T_White_Linear.uexp" 5272
"../../../Engine/Plugins/Interchange/Assets/Content/gltf/MaterialFunctions/MF_MetallicRoughness.uasset" 5273
"../../../Engine/Plugins/Interchange/Assets/Content/gltf/MaterialFunctions/MF_MetallicRoughness.uexp" 5274
"../../../Engine/Plugins/Interchange/Assets/Content/gltf/Textures/T_Generic_N.uasset" 5275
"../../../Engine/Plugins/Interchange/Assets/Content/gltf/Textures/T_Generic_N.uexp" 5276
"../../../Engine/Plugins/Interchange/Assets/Content/gltf/MaterialFunctions/MF_ScaleNormal.uasset" 5277
"../../../Engine/Plugins/Interchange/Assets/Content/gltf/MaterialFunctions/MF_ScaleNormal.uexp" 5278
"../../../Engine/Plugins/Interchange/Assets/Content/gltf/MaterialFunctions/MF_BaseColor.uasset" 5279
"../../../Engine/Plugins/Interchange/Assets/Content/gltf/MaterialFunctions/MF_BaseColor.uexp" 5280
"../../../Engine/Plugins/Interchange/Assets/Content/gltf/MaterialFunctions/MF_Iridescence.uasset" 5281
"../../../Engine/Plugins/Interchange/Assets/Content/gltf/MaterialFunctions/MF_Iridescence.uexp" 5282
"../../../Engine/Plugins/Interchange/Assets/Content/gltf/MaterialFunctions/MF_Occlusion.uasset" 5283
"../../../Engine/Plugins/Interchange/Assets/Content/gltf/MaterialFunctions/MF_Occlusion.uexp" 5284
"../../../Engine/Plugins/Interchange/Assets/Content/gltf/MaterialFunctions/MF_IOR.uasset" 5285
"../../../Engine/Plugins/Interchange/Assets/Content/gltf/MaterialFunctions/MF_IOR.uexp" 5286
"../../../Engine/Plugins/Interchange/Assets/Content/gltf/MaterialFunctions/MF_RotateV2.uasset" 5287
"../../../Engine/Plugins/Interchange/Assets/Content/gltf/MaterialFunctions/MF_RotateV2.uexp" 5288
"../../../Engine/Plugins/Interchange/Assets/Content/gltf/MaterialFunctions/MF_TransformUVs.uasset" 5289
"../../../Engine/Plugins/Interchange/Assets/Content/gltf/MaterialFunctions/MF_TransformUVs.uexp" 5290
"../../../Engine/Plugins/Interchange/Assets/Content/gltf/MaterialFunctions/MF_Emissive.uasset" 5291
"../../../Engine/Plugins/Interchange/Assets/Content/gltf/MaterialFunctions/MF_Emissive.uexp" 5292
"../../../Engine/Plugins/Interchange/Assets/Content/gltf/MaterialFunctions/MF_RotateNormals_TS.uasset" 5293
"../../../Engine/Plugins/Interchange/Assets/Content/gltf/MaterialFunctions/MF_RotateNormals_TS.uexp" 5294
"../../../Engine/Plugins/Interchange/Assets/Content/gltf/MaterialFunctions/MF_Normals.uasset" 5295
"../../../Engine/Plugins/Interchange/Assets/Content/gltf/MaterialFunctions/MF_Normals.uexp" 5296
"../../../Engine/Plugins/Interchange/Assets/Content/gltf/MaterialFunctions/MF_Clearcoat.uasset" 5297
"../../../Engine/Plugins/Interchange/Assets/Content/gltf/MaterialFunctions/MF_Clearcoat.uexp" 5298
"../../../Engine/Plugins/Interchange/Assets/Content/gltf/MaterialBodies/MF_ClearCoat_Body.uasset" 5299
"../../../Engine/Plugins/Interchange/Assets/Content/gltf/MaterialBodies/MF_ClearCoat_Body.uexp" 5300
"../../../Engine/Plugins/Interchange/Assets/Content/gltf/M_ClearCoat.uasset" 5301
"../../../Engine/Plugins/Interchange/Assets/Content/gltf/M_ClearCoat.uexp" 5302
"../../../Engine/Plugins/Interchange/Assets/Content/gltf/MaterialInstances/MI_ClearCoat_Blend.uasset" 5303
"../../../Engine/Plugins/Interchange/Assets/Content/gltf/MaterialInstances/MI_ClearCoat_Blend.uexp" 5304
"../../../Engine/Plugins/Interchange/Assets/Content/gltf/MaterialInstances/MI_ClearCoat_Blend_DS.uasset" 5305
"../../../Engine/Plugins/Interchange/Assets/Content/gltf/MaterialInstances/MI_ClearCoat_Blend_DS.uexp" 5306
"../../../Engine/Plugins/Interchange/Assets/Content/gltf/MaterialInstances/MI_ClearCoat_Mask.uasset" 5307
"../../../Engine/Plugins/Interchange/Assets/Content/gltf/MaterialInstances/MI_ClearCoat_Mask.uexp" 5308
"../../../Engine/Plugins/Interchange/Assets/Content/gltf/MaterialInstances/MI_ClearCoat_Mask_DS.uasset" 5309
"../../../Engine/Plugins/Interchange/Assets/Content/gltf/MaterialInstances/MI_ClearCoat_Mask_DS.uexp" 5310
"../../../Engine/Plugins/Interchange/Assets/Content/gltf/MaterialInstances/MI_ClearCoat_Opaque.uasset" 5311
"../../../Engine/Plugins/Interchange/Assets/Content/gltf/MaterialInstances/MI_ClearCoat_Opaque.uexp" 5312
"../../../Engine/Plugins/Interchange/Assets/Content/gltf/MaterialInstances/MI_ClearCoat_Opaque_DS.uasset" 5313
"../../../Engine/Plugins/Interchange/Assets/Content/gltf/MaterialInstances/MI_ClearCoat_Opaque_DS.uexp" 5314
"../../../Engine/Plugins/Interchange/Assets/Content/gltf/MaterialBodies/MF_Default_Body.uasset" 5315
"../../../Engine/Plugins/Interchange/Assets/Content/gltf/MaterialBodies/MF_Default_Body.uexp" 5316
"../../../Engine/Plugins/Interchange/Assets/Content/gltf/M_Default.uasset" 5317
"../../../Engine/Plugins/Interchange/Assets/Content/gltf/M_Default.uexp" 5318
"../../../Engine/Plugins/Interchange/Assets/Content/gltf/MaterialInstances/MI_Default_Blend.uasset" 5319
"../../../Engine/Plugins/Interchange/Assets/Content/gltf/MaterialInstances/MI_Default_Blend.uexp" 5320
"../../../Engine/Plugins/Interchange/Assets/Content/gltf/MaterialInstances/MI_Default_Blend_DS.uasset" 5321
"../../../Engine/Plugins/Interchange/Assets/Content/gltf/MaterialInstances/MI_Default_Blend_DS.uexp" 5322
"../../../Engine/Plugins/Interchange/Assets/Content/gltf/MaterialInstances/MI_Default_Mask.uasset" 5323
"../../../Engine/Plugins/Interchange/Assets/Content/gltf/MaterialInstances/MI_Default_Mask.uexp" 5324
"../../../Engine/Plugins/Interchange/Assets/Content/gltf/MaterialInstances/MI_Default_Mask_DS.uasset" 5325
"../../../Engine/Plugins/Interchange/Assets/Content/gltf/MaterialInstances/MI_Default_Mask_DS.uexp" 5326
"../../../Engine/Plugins/Interchange/Assets/Content/gltf/MaterialInstances/MI_Default_Opaque.uasset" 5327
"../../../Engine/Plugins/Interchange/Assets/Content/gltf/MaterialInstances/MI_Default_Opaque.uexp" 5328
"../../../Engine/Plugins/Interchange/Assets/Content/gltf/MaterialInstances/MI_Default_Opaque_DS.uasset" 5329
"../../../Engine/Plugins/Interchange/Assets/Content/gltf/MaterialInstances/MI_Default_Opaque_DS.uexp" 5330
"../../../Engine/Plugins/Interchange/Assets/Content/gltf/MaterialFunctions/MF_Sheen.uasset" 5331
"../../../Engine/Plugins/Interchange/Assets/Content/gltf/MaterialFunctions/MF_Sheen.uexp" 5332
"../../../Engine/Plugins/Interchange/Assets/Content/gltf/MaterialBodies/MF_Sheen_Body.uasset" 5333
"../../../Engine/Plugins/Interchange/Assets/Content/gltf/MaterialBodies/MF_Sheen_Body.uexp" 5334
"../../../Engine/Plugins/Interchange/Assets/Content/gltf/M_Sheen.uasset" 5335
"../../../Engine/Plugins/Interchange/Assets/Content/gltf/M_Sheen.uexp" 5336
"../../../Engine/Plugins/Interchange/Assets/Content/gltf/MaterialInstances/MI_Sheen_Blend.uasset" 5337
"../../../Engine/Plugins/Interchange/Assets/Content/gltf/MaterialInstances/MI_Sheen_Blend.uexp" 5338
"../../../Engine/Plugins/Interchange/Assets/Content/gltf/MaterialInstances/MI_Sheen_Blend_DS.uasset" 5339
"../../../Engine/Plugins/Interchange/Assets/Content/gltf/MaterialInstances/MI_Sheen_Blend_DS.uexp" 5340
"../../../Engine/Plugins/Interchange/Assets/Content/gltf/MaterialInstances/MI_Sheen_Mask.uasset" 5341
"../../../Engine/Plugins/Interchange/Assets/Content/gltf/MaterialInstances/MI_Sheen_Mask.uexp" 5342
"../../../Engine/Plugins/Interchange/Assets/Content/gltf/MaterialInstances/MI_Sheen_Mask_DS.uasset" 5343
"../../../Engine/Plugins/Interchange/Assets/Content/gltf/MaterialInstances/MI_Sheen_Mask_DS.uexp" 5344
"../../../Engine/Plugins/Interchange/Assets/Content/gltf/MaterialInstances/MI_Sheen_Opaque.uasset" 5345
"../../../Engine/Plugins/Interchange/Assets/Content/gltf/MaterialInstances/MI_Sheen_Opaque.uexp" 5346
"../../../Engine/Plugins/Interchange/Assets/Content/gltf/MaterialInstances/MI_Sheen_Opaque_DS.uasset" 5347
"../../../Engine/Plugins/Interchange/Assets/Content/gltf/MaterialInstances/MI_Sheen_Opaque_DS.uexp" 5348
"../../../Engine/Content/Functions/Engine_MaterialFunctions02/Math/AddComponents.uasset" 5349
"../../../Engine/Content/Functions/Engine_MaterialFunctions02/Math/AddComponents.uexp" 5350
"../../../Engine/Plugins/Interchange/Assets/Content/gltf/MaterialFunctions/MF_DiffuseSpecGloss.uasset" 5351
"../../../Engine/Plugins/Interchange/Assets/Content/gltf/MaterialFunctions/MF_DiffuseSpecGloss.uexp" 5352
"../../../Engine/Plugins/Interchange/Assets/Content/gltf/MaterialFunctions/MF_PerceivedBrightness.uasset" 5353
"../../../Engine/Plugins/Interchange/Assets/Content/gltf/MaterialFunctions/MF_PerceivedBrightness.uexp" 5354
"../../../Engine/Plugins/Interchange/Assets/Content/gltf/MaterialFunctions/MF_SpecGlossToMetalRoughness.uasset" 5355
"../../../Engine/Plugins/Interchange/Assets/Content/gltf/MaterialFunctions/MF_SpecGlossToMetalRoughness.uexp" 5356
"../../../Engine/Plugins/Interchange/Assets/Content/gltf/MaterialFunctions/MF_MaxComponentValue.uasset" 5357
"../../../Engine/Plugins/Interchange/Assets/Content/gltf/MaterialFunctions/MF_MaxComponentValue.uexp" 5358
"../../../Engine/Plugins/Interchange/Assets/Content/gltf/MaterialBodies/MF_SpecularGlossiness_Body.uasset" 5359
"../../../Engine/Plugins/Interchange/Assets/Content/gltf/MaterialBodies/MF_SpecularGlossiness_Body.uexp" 5360
"../../../Engine/Plugins/Interchange/Assets/Content/gltf/M_SpecularGlossiness.uasset" 5361
"../../../Engine/Plugins/Interchange/Assets/Content/gltf/M_SpecularGlossiness.uexp" 5362
"../../../Engine/Plugins/Interchange/Assets/Content/gltf/MaterialInstances/MI_SpecularGlossiness_Blend.uasset" 5363
"../../../Engine/Plugins/Interchange/Assets/Content/gltf/MaterialInstances/MI_SpecularGlossiness_Blend.uexp" 5364
"../../../Engine/Plugins/Interchange/Assets/Content/gltf/MaterialInstances/MI_SpecularGlossiness_Blend_DS.uasset" 5365
"../../../Engine/Plugins/Interchange/Assets/Content/gltf/MaterialInstances/MI_SpecularGlossiness_Blend_DS.uexp" 5366
"../../../Engine/Plugins/Interchange/Assets/Content/gltf/MaterialInstances/MI_SpecularGlossiness_Mask.uasset" 5367
"../../../Engine/Plugins/Interchange/Assets/Content/gltf/MaterialInstances/MI_SpecularGlossiness_Mask.uexp" 5368
"../../../Engine/Plugins/Interchange/Assets/Content/gltf/MaterialInstances/MI_SpecularGlossiness_Mask_DS.uasset" 5369
"../../../Engine/Plugins/Interchange/Assets/Content/gltf/MaterialInstances/MI_SpecularGlossiness_Mask_DS.uexp" 5370
"../../../Engine/Plugins/Interchange/Assets/Content/gltf/MaterialInstances/MI_SpecularGlossiness_Opaque.uasset" 5371
"../../../Engine/Plugins/Interchange/Assets/Content/gltf/MaterialInstances/MI_SpecularGlossiness_Opaque.uexp" 5372
"../../../Engine/Plugins/Interchange/Assets/Content/gltf/MaterialInstances/MI_SpecularGlossiness_Opaque_DS.uasset" 5373
"../../../Engine/Plugins/Interchange/Assets/Content/gltf/MaterialInstances/MI_SpecularGlossiness_Opaque_DS.uexp" 5374
"../../../Engine/Content/EngineMaterials/Good64x64TilingNoiseHighFreq.uasset" 5375
"../../../Engine/Content/EngineMaterials/Good64x64TilingNoiseHighFreq.uexp" 5376
"../../../Engine/Content/Functions/Engine_MaterialFunctions02/Texturing/ScreenAlignedPixelToPixelUVs.uasset" 5377
"../../../Engine/Content/Functions/Engine_MaterialFunctions02/Texturing/ScreenAlignedPixelToPixelUVs.uexp" 5378
"../../../Engine/Plugins/Interchange/Assets/Content/gltf/MaterialFunctions/MF_Temporal_Blur.uasset" 5379
"../../../Engine/Plugins/Interchange/Assets/Content/gltf/MaterialFunctions/MF_Temporal_Blur.uexp" 5380
"../../../Engine/Plugins/Interchange/Assets/Content/gltf/MaterialFunctions/MF_Fresnel_DS.uasset" 5381
"../../../Engine/Plugins/Interchange/Assets/Content/gltf/MaterialFunctions/MF_Fresnel_DS.uexp" 5382
"../../../Engine/Plugins/Interchange/Assets/Content/gltf/MaterialFunctions/MF_Transmission.uasset" 5383
"../../../Engine/Plugins/Interchange/Assets/Content/gltf/MaterialFunctions/MF_Transmission.uexp" 5384
"../../../Engine/Plugins/Interchange/Assets/Content/gltf/MaterialBodies/MF_Transmission_Body.uasset" 5385
"../../../Engine/Plugins/Interchange/Assets/Content/gltf/MaterialBodies/MF_Transmission_Body.uexp" 5386
"../../../Engine/Plugins/Interchange/Assets/Content/gltf/M_Transmission.uasset" 5387
"../../../Engine/Plugins/Interchange/Assets/Content/gltf/M_Transmission.uexp" 5388
"../../../Engine/Plugins/Interchange/Assets/Content/gltf/MaterialInstances/MI_Transmission.uasset" 5389
"../../../Engine/Plugins/Interchange/Assets/Content/gltf/MaterialInstances/MI_Transmission.uexp" 5390
"../../../Engine/Plugins/Interchange/Assets/Content/gltf/MaterialInstances/MI_Transmission_DS.uasset" 5391
"../../../Engine/Plugins/Interchange/Assets/Content/gltf/MaterialInstances/MI_Transmission_DS.uexp" 5392
"../../../Engine/Plugins/Interchange/Assets/Content/gltf/MaterialBodies/MF_Unlit_Body.uasset" 5393
"../../../Engine/Plugins/Interchange/Assets/Content/gltf/MaterialBodies/MF_Unlit_Body.uexp" 5394
"../../../Engine/Plugins/Interchange/Assets/Content/gltf/M_Unlit.uasset" 5395
"../../../Engine/Plugins/Interchange/Assets/Content/gltf/M_Unlit.uexp" 5396
"../../../Engine/Plugins/Interchange/Assets/Content/gltf/MaterialInstances/MI_Unlit_Blend.uasset" 5397
"../../../Engine/Plugins/Interchange/Assets/Content/gltf/MaterialInstances/MI_Unlit_Blend.uexp" 5398
"../../../Engine/Plugins/Interchange/Assets/Content/gltf/MaterialInstances/MI_Unlit_Blend_DS.uasset" 5399
"../../../Engine/Plugins/Interchange/Assets/Content/gltf/MaterialInstances/MI_Unlit_Blend_DS.uexp" 5400
"../../../Engine/Plugins/Interchange/Assets/Content/gltf/MaterialInstances/MI_Unlit_Mask.uasset" 5401
"../../../Engine/Plugins/Interchange/Assets/Content/gltf/MaterialInstances/MI_Unlit_Mask.uexp" 5402
"../../../Engine/Plugins/Interchange/Assets/Content/gltf/MaterialInstances/MI_Unlit_Mask_DS.uasset" 5403
"../../../Engine/Plugins/Interchange/Assets/Content/gltf/MaterialInstances/MI_Unlit_Mask_DS.uexp" 5404
"../../../Engine/Plugins/Interchange/Assets/Content/gltf/MaterialInstances/MI_Unlit_Opaque.uasset" 5405
"../../../Engine/Plugins/Interchange/Assets/Content/gltf/MaterialInstances/MI_Unlit_Opaque.uexp" 5406
"../../../Engine/Plugins/Interchange/Assets/Content/gltf/MaterialInstances/MI_Unlit_Opaque_DS.uasset" 5407
"../../../Engine/Plugins/Interchange/Assets/Content/gltf/MaterialInstances/MI_Unlit_Opaque_DS.uexp" 5408
"../../../Engine/Content/EditorLandscapeResources/SplineEditorMeshMat.uasset" 5409
"../../../Engine/Content/EditorLandscapeResources/SplineEditorMeshMat.uexp" 5410
"../../../Engine/Content/EditorLandscapeResources/SplineEditorMesh.uasset" 5411
"../../../Engine/Content/EditorLandscapeResources/SplineEditorMesh.uexp" 5412
"../../../Engine/Content/EngineMaterials/WeightMapPlaceholderTexture.uasset" 5413
"../../../Engine/Content/EngineMaterials/WeightMapPlaceholderTexture.uexp" 5414
"../../../Engine/Content/EngineMaterials/WeightMapArrayPlaceholderTexture.uasset" 5415
"../../../Engine/Content/EngineMaterials/WeightMapArrayPlaceholderTexture.uexp" 5416
"../../../Engine/Content/EngineResources/WhiteSquareTexture.uasset" 5417
"../../../Engine/Content/EngineResources/WhiteSquareTexture.uexp" 5418
"../../../Engine/Content/EngineMaterials/Widget3DPassThrough.uasset" 5419
"../../../Engine/Content/EngineMaterials/Widget3DPassThrough.uexp" 5420
"../../../Engine/Content/EngineMaterials/Widget3DPassThrough_Masked.uasset" 5421
"../../../Engine/Content/EngineMaterials/Widget3DPassThrough_Masked.uexp" 5422
"../../../Engine/Content/EngineMaterials/Widget3DPassThrough_Opaque.uasset" 5423
"../../../Engine/Content/EngineMaterials/Widget3DPassThrough_Opaque.uexp" 5424
"../../../Engine/Content/EngineMaterials/Widget3DPassThrough_Masked_OneSided.uasset" 5425
"../../../Engine/Content/EngineMaterials/Widget3DPassThrough_Masked_OneSided.uexp" 5426
"../../../Engine/Content/EngineMaterials/Widget3DPassThrough_Opaque_OneSided.uasset" 5427
"../../../Engine/Content/EngineMaterials/Widget3DPassThrough_Opaque_OneSided.uexp" 5428
"../../../Engine/Content/EngineMaterials/Widget3DPassThrough_Translucent.uasset" 5429
"../../../Engine/Content/EngineMaterials/Widget3DPassThrough_Translucent.uexp" 5430
"../../../Engine/Content/EngineMaterials/Widget3DPassThrough_Translucent_OneSided.uasset" 5431
"../../../Engine/Content/EngineMaterials/Widget3DPassThrough_Translucent_OneSided.uexp" 5432
"../../../Engine/Plugins/Animation/ControlRig/Content/Controls/ControlRig_Arrow2_1mm.uasset" 5433
"../../../Engine/Plugins/Animation/ControlRig/Content/Controls/ControlRig_Arrow2_1mm.uexp" 5434
"../../../Engine/Plugins/Animation/ControlRig/Content/Controls/ControlRig_Arrow2_3mm.uasset" 5435
"../../../Engine/Plugins/Animation/ControlRig/Content/Controls/ControlRig_Arrow2_3mm.uexp" 5436
"../../../Engine/Plugins/Animation/ControlRig/Content/Controls/ControlRig_Arrow2_solid.uasset" 5437
"../../../Engine/Plugins/Animation/ControlRig/Content/Controls/ControlRig_Arrow2_solid.uexp" 5438
"../../../Engine/Plugins/Animation/ControlRig/Content/Controls/ControlRig_Arrow4_1mm.uasset" 5439
"../../../Engine/Plugins/Animation/ControlRig/Content/Controls/ControlRig_Arrow4_1mm.uexp" 5440
"../../../Engine/Plugins/Animation/ControlRig/Content/Controls/ControlRig_Arrow4_3mm.uasset" 5441
"../../../Engine/Plugins/Animation/ControlRig/Content/Controls/ControlRig_Arrow4_3mm.uexp" 5442
"../../../Engine/Plugins/Animation/ControlRig/Content/Controls/ControlRig_Arrow4_solid.uasset" 5443
"../../../Engine/Plugins/Animation/ControlRig/Content/Controls/ControlRig_Arrow4_solid.uexp" 5444
"../../../Engine/Plugins/Animation/ControlRig/Content/Controls/ControlRig_Arrow_1mm.uasset" 5445
"../../../Engine/Plugins/Animation/ControlRig/Content/Controls/ControlRig_Arrow_1mm.uexp" 5446
"../../../Engine/Plugins/Animation/ControlRig/Content/Controls/ControlRig_Arrow_3mm.uasset" 5447
"../../../Engine/Plugins/Animation/ControlRig/Content/Controls/ControlRig_Arrow_3mm.uexp" 5448
"../../../Engine/Plugins/Animation/ControlRig/Content/Controls/ControlRig_Arrow_solid.uasset" 5449
"../../../Engine/Plugins/Animation/ControlRig/Content/Controls/ControlRig_Arrow_solid.uexp" 5450
"../../../Engine/Plugins/Animation/ControlRig/Content/Controls/ControlRig_Box_1mm.uasset" 5451
"../../../Engine/Plugins/Animation/ControlRig/Content/Controls/ControlRig_Box_1mm.uexp" 5452
"../../../Engine/Plugins/Animation/ControlRig/Content/Controls/ControlRig_Box_3mm.uasset" 5453
"../../../Engine/Plugins/Animation/ControlRig/Content/Controls/ControlRig_Box_3mm.uexp" 5454
"../../../Engine/Plugins/Animation/ControlRig/Content/Controls/ControlRig_Box_solid.uasset" 5455
"../../../Engine/Plugins/Animation/ControlRig/Content/Controls/ControlRig_Box_solid.uexp" 5456
"../../../Engine/Plugins/Animation/ControlRig/Content/Controls/ControlRig_Circle_1mm.uasset" 5457
"../../../Engine/Plugins/Animation/ControlRig/Content/Controls/ControlRig_Circle_1mm.uexp" 5458
"../../../Engine/Plugins/Animation/ControlRig/Content/Controls/ControlRig_Circle_3mm.uasset" 5459
"../../../Engine/Plugins/Animation/ControlRig/Content/Controls/ControlRig_Circle_3mm.uexp" 5460
"../../../Engine/Plugins/Animation/ControlRig/Content/Controls/ControlRig_Circle_solid.uasset" 5461
"../../../Engine/Plugins/Animation/ControlRig/Content/Controls/ControlRig_Circle_solid.uexp" 5462
"../../../Engine/Plugins/Animation/ControlRig/Content/Controls/ControlRig_Diamond_1mm.uasset" 5463
"../../../Engine/Plugins/Animation/ControlRig/Content/Controls/ControlRig_Diamond_1mm.uexp" 5464
"../../../Engine/Plugins/Animation/ControlRig/Content/Controls/ControlRig_Diamond_3mm.uasset" 5465
"../../../Engine/Plugins/Animation/ControlRig/Content/Controls/ControlRig_Diamond_3mm.uexp" 5466
"../../../Engine/Plugins/Animation/ControlRig/Content/Controls/ControlRig_Diamond_solid.uasset" 5467
"../../../Engine/Plugins/Animation/ControlRig/Content/Controls/ControlRig_Diamond_solid.uexp" 5468
"../../../Engine/Plugins/Animation/ControlRig/Content/Controls/ControlRig_HalfCircle_1mm.uasset" 5469
"../../../Engine/Plugins/Animation/ControlRig/Content/Controls/ControlRig_HalfCircle_1mm.uexp" 5470
"../../../Engine/Plugins/Animation/ControlRig/Content/Controls/ControlRig_HalfCircle_3mm.uasset" 5471
"../../../Engine/Plugins/Animation/ControlRig/Content/Controls/ControlRig_HalfCircle_3mm.uexp" 5472
"../../../Engine/Plugins/Animation/ControlRig/Content/Controls/ControlRig_HalfCircle_solid.uasset" 5473
"../../../Engine/Plugins/Animation/ControlRig/Content/Controls/ControlRig_HalfCircle_solid.uexp" 5474
"../../../Engine/Plugins/Animation/ControlRig/Content/Controls/ControlRig_Hexagon_1mm.uasset" 5475
"../../../Engine/Plugins/Animation/ControlRig/Content/Controls/ControlRig_Hexagon_1mm.uexp" 5476
"../../../Engine/Plugins/Animation/ControlRig/Content/Controls/ControlRig_Hexagon_3mm.uasset" 5477
"../../../Engine/Plugins/Animation/ControlRig/Content/Controls/ControlRig_Hexagon_3mm.uexp" 5478
"../../../Engine/Plugins/Animation/ControlRig/Content/Controls/ControlRig_Hexagon_solid.uasset" 5479
"../../../Engine/Plugins/Animation/ControlRig/Content/Controls/ControlRig_Hexagon_solid.uexp" 5480
"../../../Engine/Plugins/Animation/ControlRig/Content/Controls/ControlRig_Octagon_1mm.uasset" 5481
"../../../Engine/Plugins/Animation/ControlRig/Content/Controls/ControlRig_Octagon_1mm.uexp" 5482
"../../../Engine/Plugins/Animation/ControlRig/Content/Controls/ControlRig_Octagon_3mm.uasset" 5483
"../../../Engine/Plugins/Animation/ControlRig/Content/Controls/ControlRig_Octagon_3mm.uexp" 5484
"../../../Engine/Plugins/Animation/ControlRig/Content/Controls/ControlRig_Octagon_solid.uasset" 5485
"../../../Engine/Plugins/Animation/ControlRig/Content/Controls/ControlRig_Octagon_solid.uexp" 5486
"../../../Engine/Plugins/Animation/ControlRig/Content/Controls/ControlRig_Pyramid_1mm.uasset" 5487
"../../../Engine/Plugins/Animation/ControlRig/Content/Controls/ControlRig_Pyramid_1mm.uexp" 5488
"../../../Engine/Plugins/Animation/ControlRig/Content/Controls/ControlRig_Pyramid_3mm.uasset" 5489
"../../../Engine/Plugins/Animation/ControlRig/Content/Controls/ControlRig_Pyramid_3mm.uexp" 5490
"../../../Engine/Plugins/Animation/ControlRig/Content/Controls/ControlRig_Pyramid_solid.uasset" 5491
"../../../Engine/Plugins/Animation/ControlRig/Content/Controls/ControlRig_Pyramid_solid.uexp" 5492
"../../../Engine/Plugins/Animation/ControlRig/Content/Controls/ControlRig_QuarterCircle_1mm.uasset" 5493
"../../../Engine/Plugins/Animation/ControlRig/Content/Controls/ControlRig_QuarterCircle_1mm.uexp" 5494
"../../../Engine/Plugins/Animation/ControlRig/Content/Controls/ControlRig_QuarterCircle_3mm.uasset" 5495
"../../../Engine/Plugins/Animation/ControlRig/Content/Controls/ControlRig_QuarterCircle_3mm.uexp" 5496
"../../../Engine/Plugins/Animation/ControlRig/Content/Controls/ControlRig_QuarterCircle_solid.uasset" 5497
"../../../Engine/Plugins/Animation/ControlRig/Content/Controls/ControlRig_QuarterCircle_solid.uexp" 5498
"../../../Engine/Plugins/Animation/ControlRig/Content/Controls/ControlRig_RoundedSquare_1mm.uasset" 5499
"../../../Engine/Plugins/Animation/ControlRig/Content/Controls/ControlRig_RoundedSquare_1mm.uexp" 5500
"../../../Engine/Plugins/Animation/ControlRig/Content/Controls/ControlRig_RoundedSquare_3mm.uasset" 5501
"../../../Engine/Plugins/Animation/ControlRig/Content/Controls/ControlRig_RoundedSquare_3mm.uexp" 5502
"../../../Engine/Plugins/Animation/ControlRig/Content/Controls/ControlRig_RoundedSquare_solid.uasset" 5503
"../../../Engine/Plugins/Animation/ControlRig/Content/Controls/ControlRig_RoundedSquare_solid.uexp" 5504
"../../../Engine/Plugins/Animation/ControlRig/Content/Controls/ControlRig_RoundedTriangle_1mm.uasset" 5505
"../../../Engine/Plugins/Animation/ControlRig/Content/Controls/ControlRig_RoundedTriangle_1mm.uexp" 5506
"../../../Engine/Plugins/Animation/ControlRig/Content/Controls/ControlRig_RoundedTriangle_3mm.uasset" 5507
"../../../Engine/Plugins/Animation/ControlRig/Content/Controls/ControlRig_RoundedTriangle_3mm.uexp" 5508
"../../../Engine/Plugins/Animation/ControlRig/Content/Controls/ControlRig_RoundedTriangle_solid.uasset" 5509
"../../../Engine/Plugins/Animation/ControlRig/Content/Controls/ControlRig_RoundedTriangle_solid.uexp" 5510
"../../../Engine/Plugins/Animation/ControlRig/Content/Controls/ControlRig_Sphere_1mm.uasset" 5511
"../../../Engine/Plugins/Animation/ControlRig/Content/Controls/ControlRig_Sphere_1mm.uexp" 5512
"../../../Engine/Plugins/Animation/ControlRig/Content/Controls/ControlRig_Sphere_3mm.uasset" 5513
"../../../Engine/Plugins/Animation/ControlRig/Content/Controls/ControlRig_Sphere_3mm.uexp" 5514
"../../../Engine/Plugins/Animation/ControlRig/Content/Controls/ControlRig_Sphere_solid.uasset" 5515
"../../../Engine/Plugins/Animation/ControlRig/Content/Controls/ControlRig_Sphere_solid.uexp" 5516
"../../../Engine/Plugins/Animation/ControlRig/Content/Controls/ControlRig_Square_1mm.uasset" 5517
"../../../Engine/Plugins/Animation/ControlRig/Content/Controls/ControlRig_Square_1mm.uexp" 5518
"../../../Engine/Plugins/Animation/ControlRig/Content/Controls/ControlRig_Square_3mm.uasset" 5519
"../../../Engine/Plugins/Animation/ControlRig/Content/Controls/ControlRig_Square_3mm.uexp" 5520
"../../../Engine/Plugins/Animation/ControlRig/Content/Controls/ControlRig_Square_solid.uasset" 5521
"../../../Engine/Plugins/Animation/ControlRig/Content/Controls/ControlRig_Square_solid.uexp" 5522
"../../../Engine/Plugins/Animation/ControlRig/Content/Controls/ControlRig_Star4_1mm.uasset" 5523
"../../../Engine/Plugins/Animation/ControlRig/Content/Controls/ControlRig_Star4_1mm.uexp" 5524
"../../../Engine/Plugins/Animation/ControlRig/Content/Controls/ControlRig_Star4_3mm.uasset" 5525
"../../../Engine/Plugins/Animation/ControlRig/Content/Controls/ControlRig_Star4_3mm.uexp" 5526
"../../../Engine/Plugins/Animation/ControlRig/Content/Controls/ControlRig_Star4_solid.uasset" 5527
"../../../Engine/Plugins/Animation/ControlRig/Content/Controls/ControlRig_Star4_solid.uexp" 5528
"../../../Engine/Plugins/Animation/ControlRig/Content/Controls/ControlRig_Triangle_1mm.uasset" 5529
"../../../Engine/Plugins/Animation/ControlRig/Content/Controls/ControlRig_Triangle_1mm.uexp" 5530
"../../../Engine/Plugins/Animation/ControlRig/Content/Controls/ControlRig_Triangle_3mm.uasset" 5531
"../../../Engine/Plugins/Animation/ControlRig/Content/Controls/ControlRig_Triangle_3mm.uexp" 5532
"../../../Engine/Plugins/Animation/ControlRig/Content/Controls/ControlRig_Triangle_solid.uasset" 5533
"../../../Engine/Plugins/Animation/ControlRig/Content/Controls/ControlRig_Triangle_solid.uexp" 5534
"../../../Engine/Plugins/Animation/ControlRig/Content/Controls/ControlRig_Wedge_1mm.uasset" 5535
"../../../Engine/Plugins/Animation/ControlRig/Content/Controls/ControlRig_Wedge_1mm.uexp" 5536
"../../../Engine/Plugins/Animation/ControlRig/Content/Controls/ControlRig_Wedge_3mm.uasset" 5537
"../../../Engine/Plugins/Animation/ControlRig/Content/Controls/ControlRig_Wedge_3mm.uexp" 5538
"../../../Engine/Plugins/Animation/ControlRig/Content/Controls/ControlRig_Wedge_solid.uasset" 5539
"../../../Engine/Plugins/Animation/ControlRig/Content/Controls/ControlRig_Wedge_solid.uexp" 5540
"../../../Engine/Content/Functions/Engine_MaterialFunctions01/Texturing/ScaleUVsByCenter.uasset" 5541
"../../../Engine/Content/Functions/Engine_MaterialFunctions01/Texturing/ScaleUVsByCenter.uexp" 5542
"../../../Engine/Content/Functions/Engine_MaterialFunctions01/Gradient/GeneratedRoundRect.uasset" 5543
"../../../Engine/Content/Functions/Engine_MaterialFunctions01/Gradient/GeneratedRoundRect.uexp" 5544
"../../../Engine/Content/Functions/Engine_MaterialFunctions01/Gradient/SphereGradient-2D.uasset" 5545
"../../../Engine/Content/Functions/Engine_MaterialFunctions01/Gradient/SphereGradient-2D.uexp" 5546
"../../../Engine/Plugins/Runtime/AudioWidgets/Content/AudioMaterialSlate/Functions/MF_DotOutlined.uasset" 5547
"../../../Engine/Plugins/Runtime/AudioWidgets/Content/AudioMaterialSlate/Functions/MF_DotOutlined.uexp" 5548
"../../../Engine/Plugins/Runtime/AudioWidgets/Content/AudioMaterialSlate/M_AudioMaterialEnvelope_ADSR.uasset" 5549
"../../../Engine/Plugins/Runtime/AudioWidgets/Content/AudioMaterialSlate/M_AudioMaterialEnvelope_ADSR.uexp" 5550
"../../../Engine/Plugins/Runtime/AudioWidgets/Content/AudioMaterialSlate/MI_AudioMaterialEnvelope_ADSR.uasset" 5551
"../../../Engine/Plugins/Runtime/AudioWidgets/Content/AudioMaterialSlate/MI_AudioMaterialEnvelope_ADSR.uexp" 5552
"../../../Engine/Plugins/Runtime/AudioWidgets/Content/AudioMaterialSlate/Functions/MF_SingleLine_Smooth.uasset" 5553
"../../../Engine/Plugins/Runtime/AudioWidgets/Content/AudioMaterialSlate/Functions/MF_SingleLine_Smooth.uexp" 5554
"../../../Engine/Plugins/Runtime/AudioWidgets/Content/AudioMaterialSlate/Functions/MF_AngleGradient.uasset" 5555
"../../../Engine/Plugins/Runtime/AudioWidgets/Content/AudioMaterialSlate/Functions/MF_AngleGradient.uexp" 5556
"../../../Engine/Content/Functions/Engine_MaterialFunctions02/Lerp_3Color.uasset" 5557
"../../../Engine/Content/Functions/Engine_MaterialFunctions02/Lerp_3Color.uexp" 5558
"../../../Engine/Plugins/Runtime/AudioWidgets/Content/AudioMaterialSlate/M_AudioMaterialKnob.uasset" 5559
"../../../Engine/Plugins/Runtime/AudioWidgets/Content/AudioMaterialSlate/M_AudioMaterialKnob.uexp" 5560
"../../../Engine/Plugins/Runtime/AudioWidgets/Content/AudioMaterialSlate/MI_AudioMaterialKnob.uasset" 5561
"../../../Engine/Plugins/Runtime/AudioWidgets/Content/AudioMaterialSlate/MI_AudioMaterialKnob.uexp" 5562
"../../../Engine/Plugins/Runtime/AudioWidgets/Content/AudioMaterialSlate/Functions/MF_Lines.uasset" 5563
"../../../Engine/Plugins/Runtime/AudioWidgets/Content/AudioMaterialSlate/Functions/MF_Lines.uexp" 5564
"../../../Engine/Plugins/Runtime/AudioWidgets/Content/AudioMaterialSlate/M_AudioMaterialMeter.uasset" 5565
"../../../Engine/Plugins/Runtime/AudioWidgets/Content/AudioMaterialSlate/M_AudioMaterialMeter.uexp" 5566
"../../../Engine/Plugins/Runtime/AudioWidgets/Content/AudioMaterialSlate/MI_AudioMaterialMeter.uasset" 5567
"../../../Engine/Plugins/Runtime/AudioWidgets/Content/AudioMaterialSlate/MI_AudioMaterialMeter.uexp" 5568
"../../../Engine/Plugins/Runtime/AudioWidgets/Content/AudioMaterialSlate/M_AudioMaterialRoundedSlider.uasset" 5569
"../../../Engine/Plugins/Runtime/AudioWidgets/Content/AudioMaterialSlate/M_AudioMaterialRoundedSlider.uexp" 5570
"../../../Engine/Plugins/Runtime/AudioWidgets/Content/AudioMaterialSlate/MI_AudioMaterialRoundedSlider.uasset" 5571
"../../../Engine/Plugins/Runtime/AudioWidgets/Content/AudioMaterialSlate/MI_AudioMaterialRoundedSlider.uexp" 5572
"../../../Engine/Plugins/Runtime/AudioWidgets/Content/AudioMaterialSlate/Functions/MF_SingleLine.uasset" 5573
"../../../Engine/Plugins/Runtime/AudioWidgets/Content/AudioMaterialSlate/Functions/MF_SingleLine.uexp" 5574
"../../../Engine/Plugins/Runtime/AudioWidgets/Content/AudioMaterialSlate/M_AudioMaterialToggleButton.uasset" 5575
"../../../Engine/Plugins/Runtime/AudioWidgets/Content/AudioMaterialSlate/M_AudioMaterialToggleButton.uexp" 5576
"../../../Engine/Plugins/Runtime/AudioWidgets/Content/AudioMaterialSlate/MI_AudioMaterialToggleButton.uasset" 5577
"../../../Engine/Plugins/Runtime/AudioWidgets/Content/AudioMaterialSlate/MI_AudioMaterialToggleButton.uexp" 5578
"../../../Engine/Plugins/2D/Paper2D/Content/OpaqueUnlitSpriteMaterial.uasset" 5579
"../../../Engine/Plugins/2D/Paper2D/Content/OpaqueUnlitSpriteMaterial.uexp" 5580
"../../../Engine/Plugins/Media/MediaPlate/Content/SM_MediaPlateScreen.uasset" 5581
"../../../Engine/Plugins/Media/MediaPlate/Content/SM_MediaPlateScreen.uexp" 5582
"../../../Engine/Plugins/NNE/NNEDenoiser/Content/NNEDIM_ColorAlbedoNormal_Alpha.uasset" 5583
"../../../Engine/Plugins/NNE/NNEDenoiser/Content/NNEDIM_ColorAlbedoNormal_Alpha.uexp" 5584
"../../../Engine/Plugins/NNE/NNEDenoiser/Content/NNEDIM_ColorAlbedoNormal_Default.uasset" 5585
"../../../Engine/Plugins/NNE/NNEDenoiser/Content/NNEDIM_ColorAlbedoNormal_Default.uexp" 5586
"../../../Engine/Plugins/NNE/NNEDenoiser/Content/NNEDIM_HighQuality_Alpha.uasset" 5587
"../../../Engine/Plugins/NNE/NNEDenoiser/Content/NNEDIM_HighQuality_Alpha.uexp" 5588
"../../../Engine/Plugins/NNE/NNEDenoiser/Content/NNEDIM_HighQuality_Default.uasset" 5589
"../../../Engine/Plugins/NNE/NNEDenoiser/Content/NNEDIM_HighQuality_Default.uexp" 5590
"../../../Engine/Plugins/NNE/NNEDenoiser/Content/NNEDOM_Output_Alpha.uasset" 5591
"../../../Engine/Plugins/NNE/NNEDenoiser/Content/NNEDOM_Output_Alpha.uexp" 5592
"../../../Engine/Plugins/NNE/NNEDenoiser/Content/NNEDOM_Output_Default.uasset" 5593
"../../../Engine/Plugins/NNE/NNEDenoiser/Content/NNEDOM_Output_Default.uexp" 5594
"../../../Engine/Plugins/NNE/NNEDenoiser/Content/NNEDTIM_ColorAlbedoNormal_Alpha.uasset" 5595
"../../../Engine/Plugins/NNE/NNEDenoiser/Content/NNEDTIM_ColorAlbedoNormal_Alpha.uexp" 5596
"../../../Engine/Plugins/NNE/NNEDenoiser/Content/NNEDTIM_ColorAlbedoNormal_Default.uasset" 5597
"../../../Engine/Plugins/NNE/NNEDenoiser/Content/NNEDTIM_ColorAlbedoNormal_Default.uexp" 5598
"../../../Engine/Plugins/NNE/NNEDenoiser/Content/NNEDTOM_Output_Alpha.uasset" 5599
"../../../Engine/Plugins/NNE/NNEDenoiser/Content/NNEDTOM_Output_Alpha.uexp" 5600
"../../../Engine/Plugins/NNE/NNEDenoiser/Content/NNEDTOM_Output_Default.uasset" 5601
"../../../Engine/Plugins/NNE/NNEDenoiser/Content/NNEDTOM_Output_Default.uexp" 5602
"F:/GitHub/SproutScape/SproutScape/Content/Developers/milan/Collections/Mesh/Character_ButterBot/Butterstick_PhysicsAsset.uasset" 5603
"F:/GitHub/SproutScape/SproutScape/Content/Developers/milan/Collections/Mesh/Character_ButterBot/Butterstick_PhysicsAsset.uexp" 5604
"F:/GitHub/SproutScape/SproutScape/Content/Developers/milan/Collections/Mesh/Character_ButterBot/Butterstick.uasset" 5605
"F:/GitHub/SproutScape/SproutScape/Content/Developers/milan/Collections/Mesh/Character_ButterBot/Butterstick.uexp" 5606
"F:/GitHub/SproutScape/SproutScape/Content/Developers/basde/Collections/SproutScapeDevFolderBas/Core/Assets/Drone2DAnims/pickup/BeeBot_PickUp_Hold/Holding_PickUp_00000_Sprite.uasset" 5607
"F:/GitHub/SproutScape/SproutScape/Content/Developers/basde/Collections/SproutScapeDevFolderBas/Core/Assets/Drone2DAnims/pickup/BeeBot_PickUp_Hold/Holding_PickUp_00000_Sprite.uexp" 5608
"F:/GitHub/SproutScape/SproutScape/Content/Developers/basde/Collections/SproutScapeDevFolderBas/Core/Assets/Drone2DAnims/pickup/BeeBot_PickUp_Hold/Holding_PickUp_00001_Sprite.uasset" 5609
"F:/GitHub/SproutScape/SproutScape/Content/Developers/basde/Collections/SproutScapeDevFolderBas/Core/Assets/Drone2DAnims/pickup/BeeBot_PickUp_Hold/Holding_PickUp_00001_Sprite.uexp" 5610
"F:/GitHub/SproutScape/SproutScape/Content/Developers/basde/Collections/SproutScapeDevFolderBas/Core/Assets/Drone2DAnims/pickup/BeeBot_PickUp_Hold/Holding_PickUp_00002_Sprite.uasset" 5611
"F:/GitHub/SproutScape/SproutScape/Content/Developers/basde/Collections/SproutScapeDevFolderBas/Core/Assets/Drone2DAnims/pickup/BeeBot_PickUp_Hold/Holding_PickUp_00002_Sprite.uexp" 5612
"F:/GitHub/SproutScape/SproutScape/Content/Developers/basde/Collections/SproutScapeDevFolderBas/Core/Assets/Drone2DAnims/pickup/BeeBot_PickUp_Hold/Holding_PickUp_00003_Sprite.uasset" 5613
"F:/GitHub/SproutScape/SproutScape/Content/Developers/basde/Collections/SproutScapeDevFolderBas/Core/Assets/Drone2DAnims/pickup/BeeBot_PickUp_Hold/Holding_PickUp_00003_Sprite.uexp" 5614
"F:/GitHub/SproutScape/SproutScape/Content/Developers/basde/Collections/SproutScapeDevFolderBas/Core/Assets/Drone2DAnims/pickup/BeeBot_PickUp_Hold/Holding_PickUp_00004_Sprite.uasset" 5615
"F:/GitHub/SproutScape/SproutScape/Content/Developers/basde/Collections/SproutScapeDevFolderBas/Core/Assets/Drone2DAnims/pickup/BeeBot_PickUp_Hold/Holding_PickUp_00004_Sprite.uexp" 5616
"F:/GitHub/SproutScape/SproutScape/Content/Developers/basde/Collections/SproutScapeDevFolderBas/Core/Assets/Drone2DAnims/pickup/BeeBot_PickUp_Hold/Holding_PickUp_00005_Sprite.uasset" 5617
"F:/GitHub/SproutScape/SproutScape/Content/Developers/basde/Collections/SproutScapeDevFolderBas/Core/Assets/Drone2DAnims/pickup/BeeBot_PickUp_Hold/Holding_PickUp_00005_Sprite.uexp" 5618
"F:/GitHub/SproutScape/SproutScape/Content/Developers/basde/Collections/SproutScapeDevFolderBas/Core/Assets/Drone2DAnims/pickup/BeeBot_PickUp_Hold/Holding_PickUp_00006_Sprite.uasset" 5619
"F:/GitHub/SproutScape/SproutScape/Content/Developers/basde/Collections/SproutScapeDevFolderBas/Core/Assets/Drone2DAnims/pickup/BeeBot_PickUp_Hold/Holding_PickUp_00006_Sprite.uexp" 5620
"F:/GitHub/SproutScape/SproutScape/Content/Developers/basde/Collections/SproutScapeDevFolderBas/Core/Assets/Drone2DAnims/pickup/BeeBot_PickUp_Hold/Holding_PickUp_00007_Sprite.uasset" 5621
"F:/GitHub/SproutScape/SproutScape/Content/Developers/basde/Collections/SproutScapeDevFolderBas/Core/Assets/Drone2DAnims/pickup/BeeBot_PickUp_Hold/Holding_PickUp_00007_Sprite.uexp" 5622
"F:/GitHub/SproutScape/SproutScape/Content/Developers/basde/Collections/SproutScapeDevFolderBas/Core/Assets/Drone2DAnims/pickup/BeeBot_PickUp_Hold/Holding_PickUp_00008_Sprite.uasset" 5623
"F:/GitHub/SproutScape/SproutScape/Content/Developers/basde/Collections/SproutScapeDevFolderBas/Core/Assets/Drone2DAnims/pickup/BeeBot_PickUp_Hold/Holding_PickUp_00008_Sprite.uexp" 5624
"F:/GitHub/SproutScape/SproutScape/Content/Developers/basde/Collections/SproutScapeDevFolderBas/Core/Assets/Drone2DAnims/pickup/BeeBot_PickUp_Hold/Holding_PickUp_00009_Sprite.uasset" 5625
"F:/GitHub/SproutScape/SproutScape/Content/Developers/basde/Collections/SproutScapeDevFolderBas/Core/Assets/Drone2DAnims/pickup/BeeBot_PickUp_Hold/Holding_PickUp_00009_Sprite.uexp" 5626
"F:/GitHub/SproutScape/SproutScape/Content/Developers/basde/Collections/SproutScapeDevFolderBas/Core/Assets/Drone2DAnims/pickup/BeeBot_PickUp_Hold/Holding_PickUp_00010_Sprite.uasset" 5627
"F:/GitHub/SproutScape/SproutScape/Content/Developers/basde/Collections/SproutScapeDevFolderBas/Core/Assets/Drone2DAnims/pickup/BeeBot_PickUp_Hold/Holding_PickUp_00010_Sprite.uexp" 5628
"F:/GitHub/SproutScape/SproutScape/Content/Developers/basde/Collections/SproutScapeDevFolderBas/Core/Assets/Drone2DAnims/pickup/BeeBot_PickUp_Hold/Holding_PickUp_00011_Sprite.uasset" 5629
"F:/GitHub/SproutScape/SproutScape/Content/Developers/basde/Collections/SproutScapeDevFolderBas/Core/Assets/Drone2DAnims/pickup/BeeBot_PickUp_Hold/Holding_PickUp_00011_Sprite.uexp" 5630
"F:/GitHub/SproutScape/SproutScape/Content/Developers/basde/Collections/SproutScapeDevFolderBas/Core/Assets/Drone2DAnims/pickup/BeeBot_PickUp_Hold/Holding_PickUp_00012_Sprite.uasset" 5631
"F:/GitHub/SproutScape/SproutScape/Content/Developers/basde/Collections/SproutScapeDevFolderBas/Core/Assets/Drone2DAnims/pickup/BeeBot_PickUp_Hold/Holding_PickUp_00012_Sprite.uexp" 5632
"F:/GitHub/SproutScape/SproutScape/Content/Developers/basde/Collections/SproutScapeDevFolderBas/Core/Assets/Drone2DAnims/pickup/BeeBot_PickUp_Hold/Holding_PickUp_00013_Sprite.uasset" 5633
"F:/GitHub/SproutScape/SproutScape/Content/Developers/basde/Collections/SproutScapeDevFolderBas/Core/Assets/Drone2DAnims/pickup/BeeBot_PickUp_Hold/Holding_PickUp_00013_Sprite.uexp" 5634
"F:/GitHub/SproutScape/SproutScape/Content/Developers/basde/Collections/SproutScapeDevFolderBas/Core/Assets/Drone2DAnims/pickup/BeeBot_PickUp_Hold/Holding_PickUp_00014_Sprite.uasset" 5635
"F:/GitHub/SproutScape/SproutScape/Content/Developers/basde/Collections/SproutScapeDevFolderBas/Core/Assets/Drone2DAnims/pickup/BeeBot_PickUp_Hold/Holding_PickUp_00014_Sprite.uexp" 5636
"F:/GitHub/SproutScape/SproutScape/Content/Developers/basde/Collections/SproutScapeDevFolderBas/Core/Assets/Drone2DAnims/pickup/BeeBot_PickUp_Hold/Holding_PickUp_00015_Sprite.uasset" 5637
"F:/GitHub/SproutScape/SproutScape/Content/Developers/basde/Collections/SproutScapeDevFolderBas/Core/Assets/Drone2DAnims/pickup/BeeBot_PickUp_Hold/Holding_PickUp_00015_Sprite.uexp" 5638
"F:/GitHub/SproutScape/SproutScape/Content/Developers/basde/Collections/SproutScapeDevFolderBas/Core/Assets/Drone2DAnims/pickup/BeeBot_PickUp_Hold/Holding_PickUp_00016_Sprite.uasset" 5639
"F:/GitHub/SproutScape/SproutScape/Content/Developers/basde/Collections/SproutScapeDevFolderBas/Core/Assets/Drone2DAnims/pickup/BeeBot_PickUp_Hold/Holding_PickUp_00016_Sprite.uexp" 5640
"F:/GitHub/SproutScape/SproutScape/Content/Developers/basde/Collections/SproutScapeDevFolderBas/Core/Assets/Drone2DAnims/pickup/BeeBot_PickUp_Hold/Holding_PickUp_00017_Sprite.uasset" 5641
"F:/GitHub/SproutScape/SproutScape/Content/Developers/basde/Collections/SproutScapeDevFolderBas/Core/Assets/Drone2DAnims/pickup/BeeBot_PickUp_Hold/Holding_PickUp_00017_Sprite.uexp" 5642
"F:/GitHub/SproutScape/SproutScape/Content/Developers/basde/Collections/SproutScapeDevFolderBas/Core/Assets/Drone2DAnims/pickup/BeeBot_PickUp_Hold/Holding_PickUp_00018_Sprite.uasset" 5643
"F:/GitHub/SproutScape/SproutScape/Content/Developers/basde/Collections/SproutScapeDevFolderBas/Core/Assets/Drone2DAnims/pickup/BeeBot_PickUp_Hold/Holding_PickUp_00018_Sprite.uexp" 5644
"F:/GitHub/SproutScape/SproutScape/Content/Developers/basde/Collections/SproutScapeDevFolderBas/Core/Assets/Drone2DAnims/pickup/BeeBot_PickUp_Hold/Holding_PickUp_00019_Sprite.uasset" 5645
"F:/GitHub/SproutScape/SproutScape/Content/Developers/basde/Collections/SproutScapeDevFolderBas/Core/Assets/Drone2DAnims/pickup/BeeBot_PickUp_Hold/Holding_PickUp_00019_Sprite.uexp" 5646
"F:/GitHub/SproutScape/SproutScape/Content/Developers/basde/Collections/SproutScapeDevFolderBas/Core/Assets/Drone2DAnims/pickup/BeeBot_PickUp_Hold/Holding_PickUp_00020_Sprite.uasset" 5647
"F:/GitHub/SproutScape/SproutScape/Content/Developers/basde/Collections/SproutScapeDevFolderBas/Core/Assets/Drone2DAnims/pickup/BeeBot_PickUp_Hold/Holding_PickUp_00020_Sprite.uexp" 5648
"F:/GitHub/SproutScape/SproutScape/Content/Developers/basde/Collections/SproutScapeDevFolderBas/Core/Assets/Drone2DAnims/pickup/BeeBot_PickUp_Hold/Holding_PickUp_00021_Sprite.uasset" 5649
"F:/GitHub/SproutScape/SproutScape/Content/Developers/basde/Collections/SproutScapeDevFolderBas/Core/Assets/Drone2DAnims/pickup/BeeBot_PickUp_Hold/Holding_PickUp_00021_Sprite.uexp" 5650
"F:/GitHub/SproutScape/SproutScape/Content/Developers/basde/Collections/SproutScapeDevFolderBas/Core/Assets/Drone2DAnims/pickup/BeeBot_PickUp_Hold/Holding_PickUp_00022_Sprite.uasset" 5651
"F:/GitHub/SproutScape/SproutScape/Content/Developers/basde/Collections/SproutScapeDevFolderBas/Core/Assets/Drone2DAnims/pickup/BeeBot_PickUp_Hold/Holding_PickUp_00022_Sprite.uexp" 5652
"F:/GitHub/SproutScape/SproutScape/Content/Developers/basde/Collections/SproutScapeDevFolderBas/Core/Assets/Drone2DAnims/pickup/BeeBot_PickUp_Hold/Holding_PickUp_00023_Sprite.uasset" 5653
"F:/GitHub/SproutScape/SproutScape/Content/Developers/basde/Collections/SproutScapeDevFolderBas/Core/Assets/Drone2DAnims/pickup/BeeBot_PickUp_Hold/Holding_PickUp_00023_Sprite.uexp" 5654
"F:/GitHub/SproutScape/SproutScape/Content/Developers/basde/Collections/SproutScapeDevFolderBas/Core/Assets/Drone2DAnims/pickup/BeeBot_PickUp_Hold/Holding_PickUp_00024_Sprite.uasset" 5655
"F:/GitHub/SproutScape/SproutScape/Content/Developers/basde/Collections/SproutScapeDevFolderBas/Core/Assets/Drone2DAnims/pickup/BeeBot_PickUp_Hold/Holding_PickUp_00024_Sprite.uexp" 5656
"F:/GitHub/SproutScape/SproutScape/Content/Developers/basde/Collections/SproutScapeDevFolderBas/Core/Assets/Drone2DAnims/pickup/BeeBot_PickUp_Hold/Holding_PickUp_00025_Sprite.uasset" 5657
"F:/GitHub/SproutScape/SproutScape/Content/Developers/basde/Collections/SproutScapeDevFolderBas/Core/Assets/Drone2DAnims/pickup/BeeBot_PickUp_Hold/Holding_PickUp_00025_Sprite.uexp" 5658
"F:/GitHub/SproutScape/SproutScape/Content/Developers/basde/Collections/SproutScapeDevFolderBas/Core/Assets/Drone2DAnims/pickup/BeeBot_PickUp_Hold/Holding_PickUp_00026_Sprite.uasset" 5659
"F:/GitHub/SproutScape/SproutScape/Content/Developers/basde/Collections/SproutScapeDevFolderBas/Core/Assets/Drone2DAnims/pickup/BeeBot_PickUp_Hold/Holding_PickUp_00026_Sprite.uexp" 5660
"F:/GitHub/SproutScape/SproutScape/Content/Developers/basde/Collections/SproutScapeDevFolderBas/Core/Assets/Drone2DAnims/pickup/BeeBot_PickUp_Hold/Holding_PickUp_00027_Sprite.uasset" 5661
"F:/GitHub/SproutScape/SproutScape/Content/Developers/basde/Collections/SproutScapeDevFolderBas/Core/Assets/Drone2DAnims/pickup/BeeBot_PickUp_Hold/Holding_PickUp_00027_Sprite.uexp" 5662
"F:/GitHub/SproutScape/SproutScape/Content/Developers/basde/Collections/SproutScapeDevFolderBas/Core/Assets/Drone2DAnims/pickup/BeeBot_PickUp_Hold/Holding_PickUp_00028_Sprite.uasset" 5663
"F:/GitHub/SproutScape/SproutScape/Content/Developers/basde/Collections/SproutScapeDevFolderBas/Core/Assets/Drone2DAnims/pickup/BeeBot_PickUp_Hold/Holding_PickUp_00028_Sprite.uexp" 5664
"F:/GitHub/SproutScape/SproutScape/Content/Developers/basde/Collections/SproutScapeDevFolderBas/Core/Assets/Drone2DAnims/pickup/BeeBot_PickUp_Hold/Holding_PickUp_00029_Sprite.uasset" 5665
"F:/GitHub/SproutScape/SproutScape/Content/Developers/basde/Collections/SproutScapeDevFolderBas/Core/Assets/Drone2DAnims/pickup/BeeBot_PickUp_Hold/Holding_PickUp_00029_Sprite.uexp" 5666
"F:/GitHub/SproutScape/SproutScape/Content/Developers/basde/Collections/SproutScapeDevFolderBas/Core/Assets/Drone2DAnims/trow/BeeBot_Throw/Empty_Handed/Throw_00065.uasset" 5667
"F:/GitHub/SproutScape/SproutScape/Content/Developers/basde/Collections/SproutScapeDevFolderBas/Core/Assets/Drone2DAnims/trow/BeeBot_Throw/Empty_Handed/Throw_00065.uexp" 5668
"F:/GitHub/SproutScape/SproutScape/Content/Developers/basde/Collections/SproutScapeDevFolderBas/Core/Assets/Drone2DAnims/trow/BeeBot_Throw/Empty_Handed/Throw_00065_Sprite.uasset" 5669
"F:/GitHub/SproutScape/SproutScape/Content/Developers/basde/Collections/SproutScapeDevFolderBas/Core/Assets/Drone2DAnims/trow/BeeBot_Throw/Empty_Handed/Throw_00065_Sprite.uexp" 5670
"F:/GitHub/SproutScape/SproutScape/Content/Developers/basde/Collections/SproutScapeDevFolderBas/Core/Assets/Drone2DAnims/trow/BeeBot_Throw/Empty_Handed/Throw_00074.uasset" 5671
"F:/GitHub/SproutScape/SproutScape/Content/Developers/basde/Collections/SproutScapeDevFolderBas/Core/Assets/Drone2DAnims/trow/BeeBot_Throw/Empty_Handed/Throw_00074.uexp" 5672
"F:/GitHub/SproutScape/SproutScape/Content/Developers/basde/Collections/SproutScapeDevFolderBas/Core/Assets/Drone2DAnims/trow/BeeBot_Throw/Empty_Handed/Throw_00074_Sprite.uasset" 5673
"F:/GitHub/SproutScape/SproutScape/Content/Developers/basde/Collections/SproutScapeDevFolderBas/Core/Assets/Drone2DAnims/trow/BeeBot_Throw/Empty_Handed/Throw_00074_Sprite.uexp" 5674
"F:/GitHub/SproutScape/SproutScape/Content/Developers/basde/Collections/SproutScapeDevFolderBas/Core/Assets/Drone2DAnims/trow/BeeBot_Throw/Empty_Handed/Throw_00054.uasset" 5675
"F:/GitHub/SproutScape/SproutScape/Content/Developers/basde/Collections/SproutScapeDevFolderBas/Core/Assets/Drone2DAnims/trow/BeeBot_Throw/Empty_Handed/Throw_00054.uexp" 5676
"F:/GitHub/SproutScape/SproutScape/Content/Developers/basde/Collections/SproutScapeDevFolderBas/Core/Assets/Drone2DAnims/trow/BeeBot_Throw/Empty_Handed/Throw_00054_Sprite.uasset" 5677
"F:/GitHub/SproutScape/SproutScape/Content/Developers/basde/Collections/SproutScapeDevFolderBas/Core/Assets/Drone2DAnims/trow/BeeBot_Throw/Empty_Handed/Throw_00054_Sprite.uexp" 5678
"F:/GitHub/SproutScape/SproutScape/Content/Developers/basde/Collections/SproutScapeDevFolderBas/Core/Assets/Drone2DAnims/trow/BeeBot_Throw/Empty_Handed/Throw_00088.uasset" 5679
"F:/GitHub/SproutScape/SproutScape/Content/Developers/basde/Collections/SproutScapeDevFolderBas/Core/Assets/Drone2DAnims/trow/BeeBot_Throw/Empty_Handed/Throw_00088.uexp" 5680
"F:/GitHub/SproutScape/SproutScape/Content/Developers/basde/Collections/SproutScapeDevFolderBas/Core/Assets/Drone2DAnims/trow/BeeBot_Throw/Empty_Handed/Throw_00088_Sprite.uasset" 5681
"F:/GitHub/SproutScape/SproutScape/Content/Developers/basde/Collections/SproutScapeDevFolderBas/Core/Assets/Drone2DAnims/trow/BeeBot_Throw/Empty_Handed/Throw_00088_Sprite.uexp" 5682
"F:/GitHub/SproutScape/SproutScape/Content/Developers/basde/Collections/SproutScapeDevFolderBas/Core/Assets/Drone2DAnims/trow/BeeBot_Throw/Empty_Handed/Throw_00066.uasset" 5683
"F:/GitHub/SproutScape/SproutScape/Content/Developers/basde/Collections/SproutScapeDevFolderBas/Core/Assets/Drone2DAnims/trow/BeeBot_Throw/Empty_Handed/Throw_00066.uexp" 5684
"F:/GitHub/SproutScape/SproutScape/Content/Developers/basde/Collections/SproutScapeDevFolderBas/Core/Assets/Drone2DAnims/trow/BeeBot_Throw/Empty_Handed/Throw_00066_Sprite.uasset" 5685
"F:/GitHub/SproutScape/SproutScape/Content/Developers/basde/Collections/SproutScapeDevFolderBas/Core/Assets/Drone2DAnims/trow/BeeBot_Throw/Empty_Handed/Throw_00066_Sprite.uexp" 5686
"F:/GitHub/SproutScape/SproutScape/Content/Developers/basde/Collections/SproutScapeDevFolderBas/Core/Assets/Drone2DAnims/trow/BeeBot_Throw/Empty_Handed/Throw_00068.uasset" 5687
"F:/GitHub/SproutScape/SproutScape/Content/Developers/basde/Collections/SproutScapeDevFolderBas/Core/Assets/Drone2DAnims/trow/BeeBot_Throw/Empty_Handed/Throw_00068.uexp" 5688
"F:/GitHub/SproutScape/SproutScape/Content/Developers/basde/Collections/SproutScapeDevFolderBas/Core/Assets/Drone2DAnims/trow/BeeBot_Throw/Empty_Handed/Throw_00068_Sprite.uasset" 5689
"F:/GitHub/SproutScape/SproutScape/Content/Developers/basde/Collections/SproutScapeDevFolderBas/Core/Assets/Drone2DAnims/trow/BeeBot_Throw/Empty_Handed/Throw_00068_Sprite.uexp" 5690
"F:/GitHub/SproutScape/SproutScape/Content/Developers/basde/Collections/SproutScapeDevFolderBas/Core/Assets/Drone2DAnims/trow/BeeBot_Throw/Empty_Handed/Throw_00061.uasset" 5691
"F:/GitHub/SproutScape/SproutScape/Content/Developers/basde/Collections/SproutScapeDevFolderBas/Core/Assets/Drone2DAnims/trow/BeeBot_Throw/Empty_Handed/Throw_00061.uexp" 5692
"F:/GitHub/SproutScape/SproutScape/Content/Developers/basde/Collections/SproutScapeDevFolderBas/Core/Assets/Drone2DAnims/trow/BeeBot_Throw/Empty_Handed/Throw_00061_Sprite.uasset" 5693
"F:/GitHub/SproutScape/SproutScape/Content/Developers/basde/Collections/SproutScapeDevFolderBas/Core/Assets/Drone2DAnims/trow/BeeBot_Throw/Empty_Handed/Throw_00061_Sprite.uexp" 5694
"F:/GitHub/SproutScape/SproutScape/Content/Developers/basde/Collections/SproutScapeDevFolderBas/Core/Assets/Drone2DAnims/trow/BeeBot_Throw/Empty_Handed/Throw_00050.uasset" 5695
"F:/GitHub/SproutScape/SproutScape/Content/Developers/basde/Collections/SproutScapeDevFolderBas/Core/Assets/Drone2DAnims/trow/BeeBot_Throw/Empty_Handed/Throw_00050.uexp" 5696
"F:/GitHub/SproutScape/SproutScape/Content/Developers/basde/Collections/SproutScapeDevFolderBas/Core/Assets/Drone2DAnims/trow/BeeBot_Throw/Empty_Handed/Throw_00050_Sprite.uasset" 5697
"F:/GitHub/SproutScape/SproutScape/Content/Developers/basde/Collections/SproutScapeDevFolderBas/Core/Assets/Drone2DAnims/trow/BeeBot_Throw/Empty_Handed/Throw_00050_Sprite.uexp" 5698
"F:/GitHub/SproutScape/SproutScape/Content/Developers/basde/Collections/SproutScapeDevFolderBas/Core/Assets/Drone2DAnims/trow/BeeBot_Throw/Empty_Handed/Throw_00077.uasset" 5699
"F:/GitHub/SproutScape/SproutScape/Content/Developers/basde/Collections/SproutScapeDevFolderBas/Core/Assets/Drone2DAnims/trow/BeeBot_Throw/Empty_Handed/Throw_00077.uexp" 5700
"F:/GitHub/SproutScape/SproutScape/Content/Developers/basde/Collections/SproutScapeDevFolderBas/Core/Assets/Drone2DAnims/trow/BeeBot_Throw/Empty_Handed/Throw_00077_Sprite.uasset" 5701
"F:/GitHub/SproutScape/SproutScape/Content/Developers/basde/Collections/SproutScapeDevFolderBas/Core/Assets/Drone2DAnims/trow/BeeBot_Throw/Empty_Handed/Throw_00077_Sprite.uexp" 5702
"F:/GitHub/SproutScape/SproutScape/Content/Developers/basde/Collections/SproutScapeDevFolderBas/Core/Assets/Drone2DAnims/trow/BeeBot_Throw/Empty_Handed/Throw_00097.uasset" 5703
"F:/GitHub/SproutScape/SproutScape/Content/Developers/basde/Collections/SproutScapeDevFolderBas/Core/Assets/Drone2DAnims/trow/BeeBot_Throw/Empty_Handed/Throw_00097.uexp" 5704
"F:/GitHub/SproutScape/SproutScape/Content/Developers/basde/Collections/SproutScapeDevFolderBas/Core/Assets/Drone2DAnims/trow/BeeBot_Throw/Empty_Handed/Throw_00097_Sprite.uasset" 5705
"F:/GitHub/SproutScape/SproutScape/Content/Developers/basde/Collections/SproutScapeDevFolderBas/Core/Assets/Drone2DAnims/trow/BeeBot_Throw/Empty_Handed/Throw_00097_Sprite.uexp" 5706
"F:/GitHub/SproutScape/SproutScape/Content/Developers/basde/Collections/SproutScapeDevFolderBas/Core/Assets/Drone2DAnims/trow/BeeBot_Throw/Empty_Handed/Throw_00062.uasset" 5707
"F:/GitHub/SproutScape/SproutScape/Content/Developers/basde/Collections/SproutScapeDevFolderBas/Core/Assets/Drone2DAnims/trow/BeeBot_Throw/Empty_Handed/Throw_00062.uexp" 5708
"F:/GitHub/SproutScape/SproutScape/Content/Developers/basde/Collections/SproutScapeDevFolderBas/Core/Assets/Drone2DAnims/trow/BeeBot_Throw/Empty_Handed/Throw_00062_Sprite.uasset" 5709
"F:/GitHub/SproutScape/SproutScape/Content/Developers/basde/Collections/SproutScapeDevFolderBas/Core/Assets/Drone2DAnims/trow/BeeBot_Throw/Empty_Handed/Throw_00062_Sprite.uexp" 5710
"F:/GitHub/SproutScape/SproutScape/Content/Developers/basde/Collections/SproutScapeDevFolderBas/Core/Assets/Drone2DAnims/trow/BeeBot_Throw/Empty_Handed/Throw_00093.uasset" 5711
"F:/GitHub/SproutScape/SproutScape/Content/Developers/basde/Collections/SproutScapeDevFolderBas/Core/Assets/Drone2DAnims/trow/BeeBot_Throw/Empty_Handed/Throw_00093.uexp" 5712
"F:/GitHub/SproutScape/SproutScape/Content/Developers/basde/Collections/SproutScapeDevFolderBas/Core/Assets/Drone2DAnims/trow/BeeBot_Throw/Empty_Handed/Throw_00093_Sprite.uasset" 5713
"F:/GitHub/SproutScape/SproutScape/Content/Developers/basde/Collections/SproutScapeDevFolderBas/Core/Assets/Drone2DAnims/trow/BeeBot_Throw/Empty_Handed/Throw_00093_Sprite.uexp" 5714
"F:/GitHub/SproutScape/SproutScape/Content/Developers/basde/Collections/SproutScapeDevFolderBas/Core/Assets/Drone2DAnims/trow/BeeBot_Throw/Empty_Handed/Throw_00105.uasset" 5715
"F:/GitHub/SproutScape/SproutScape/Content/Developers/basde/Collections/SproutScapeDevFolderBas/Core/Assets/Drone2DAnims/trow/BeeBot_Throw/Empty_Handed/Throw_00105.uexp" 5716
"F:/GitHub/SproutScape/SproutScape/Content/Developers/basde/Collections/SproutScapeDevFolderBas/Core/Assets/Drone2DAnims/trow/BeeBot_Throw/Empty_Handed/Throw_00105_Sprite.uasset" 5717
"F:/GitHub/SproutScape/SproutScape/Content/Developers/basde/Collections/SproutScapeDevFolderBas/Core/Assets/Drone2DAnims/trow/BeeBot_Throw/Empty_Handed/Throw_00105_Sprite.uexp" 5718
"F:/GitHub/SproutScape/SproutScape/Content/Developers/basde/Collections/SproutScapeDevFolderBas/Core/Assets/Drone2DAnims/trow/BeeBot_Throw/Empty_Handed/Throw_00053.uasset" 5719
"F:/GitHub/SproutScape/SproutScape/Content/Developers/basde/Collections/SproutScapeDevFolderBas/Core/Assets/Drone2DAnims/trow/BeeBot_Throw/Empty_Handed/Throw_00053.uexp" 5720
"F:/GitHub/SproutScape/SproutScape/Content/Developers/basde/Collections/SproutScapeDevFolderBas/Core/Assets/Drone2DAnims/trow/BeeBot_Throw/Empty_Handed/Throw_00053_Sprite.uasset" 5721
"F:/GitHub/SproutScape/SproutScape/Content/Developers/basde/Collections/SproutScapeDevFolderBas/Core/Assets/Drone2DAnims/trow/BeeBot_Throw/Empty_Handed/Throw_00053_Sprite.uexp" 5722
"F:/GitHub/SproutScape/SproutScape/Content/Developers/basde/Collections/SproutScapeDevFolderBas/Core/Assets/Drone2DAnims/trow/BeeBot_Throw/Empty_Handed/Throw_00099.uasset" 5723
"F:/GitHub/SproutScape/SproutScape/Content/Developers/basde/Collections/SproutScapeDevFolderBas/Core/Assets/Drone2DAnims/trow/BeeBot_Throw/Empty_Handed/Throw_00099.uexp" 5724
"F:/GitHub/SproutScape/SproutScape/Content/Developers/basde/Collections/SproutScapeDevFolderBas/Core/Assets/Drone2DAnims/trow/BeeBot_Throw/Empty_Handed/Throw_00099_Sprite.uasset" 5725
"F:/GitHub/SproutScape/SproutScape/Content/Developers/basde/Collections/SproutScapeDevFolderBas/Core/Assets/Drone2DAnims/trow/BeeBot_Throw/Empty_Handed/Throw_00099_Sprite.uexp" 5726
"F:/GitHub/SproutScape/SproutScape/Content/Developers/basde/Collections/SproutScapeDevFolderBas/Core/Assets/Drone2DAnims/trow/BeeBot_Throw/Empty_Handed/Throw_00091.uasset" 5727
"F:/GitHub/SproutScape/SproutScape/Content/Developers/basde/Collections/SproutScapeDevFolderBas/Core/Assets/Drone2DAnims/trow/BeeBot_Throw/Empty_Handed/Throw_00091.uexp" 5728
"F:/GitHub/SproutScape/SproutScape/Content/Developers/basde/Collections/SproutScapeDevFolderBas/Core/Assets/Drone2DAnims/trow/BeeBot_Throw/Empty_Handed/Throw_00091_Sprite.uasset" 5729
"F:/GitHub/SproutScape/SproutScape/Content/Developers/basde/Collections/SproutScapeDevFolderBas/Core/Assets/Drone2DAnims/trow/BeeBot_Throw/Empty_Handed/Throw_00091_Sprite.uexp" 5730
"F:/GitHub/SproutScape/SproutScape/Content/Developers/basde/Collections/SproutScapeDevFolderBas/Core/Assets/Drone2DAnims/trow/BeeBot_Throw/Empty_Handed/Throw_00100.uasset" 5731
"F:/GitHub/SproutScape/SproutScape/Content/Developers/basde/Collections/SproutScapeDevFolderBas/Core/Assets/Drone2DAnims/trow/BeeBot_Throw/Empty_Handed/Throw_00100.uexp" 5732
"F:/GitHub/SproutScape/SproutScape/Content/Developers/basde/Collections/SproutScapeDevFolderBas/Core/Assets/Drone2DAnims/trow/BeeBot_Throw/Empty_Handed/Throw_00100_Sprite.uasset" 5733
"F:/GitHub/SproutScape/SproutScape/Content/Developers/basde/Collections/SproutScapeDevFolderBas/Core/Assets/Drone2DAnims/trow/BeeBot_Throw/Empty_Handed/Throw_00100_Sprite.uexp" 5734
"F:/GitHub/SproutScape/SproutScape/Content/Developers/basde/Collections/SproutScapeDevFolderBas/Core/Assets/Drone2DAnims/trow/BeeBot_Throw/Empty_Handed/Throw_00095.uasset" 5735
"F:/GitHub/SproutScape/SproutScape/Content/Developers/basde/Collections/SproutScapeDevFolderBas/Core/Assets/Drone2DAnims/trow/BeeBot_Throw/Empty_Handed/Throw_00095.uexp" 5736
"F:/GitHub/SproutScape/SproutScape/Content/Developers/basde/Collections/SproutScapeDevFolderBas/Core/Assets/Drone2DAnims/trow/BeeBot_Throw/Empty_Handed/Throw_00095_Sprite.uasset" 5737
"F:/GitHub/SproutScape/SproutScape/Content/Developers/basde/Collections/SproutScapeDevFolderBas/Core/Assets/Drone2DAnims/trow/BeeBot_Throw/Empty_Handed/Throw_00095_Sprite.uexp" 5738
"F:/GitHub/SproutScape/SproutScape/Content/Developers/basde/Collections/SproutScapeDevFolderBas/Core/Assets/Drone2DAnims/trow/BeeBot_Throw/Empty_Handed/Throw_00102.uasset" 5739
"F:/GitHub/SproutScape/SproutScape/Content/Developers/basde/Collections/SproutScapeDevFolderBas/Core/Assets/Drone2DAnims/trow/BeeBot_Throw/Empty_Handed/Throw_00102.uexp" 5740
"F:/GitHub/SproutScape/SproutScape/Content/Developers/basde/Collections/SproutScapeDevFolderBas/Core/Assets/Drone2DAnims/trow/BeeBot_Throw/Empty_Handed/Throw_00102_Sprite.uasset" 5741
"F:/GitHub/SproutScape/SproutScape/Content/Developers/basde/Collections/SproutScapeDevFolderBas/Core/Assets/Drone2DAnims/trow/BeeBot_Throw/Empty_Handed/Throw_00102_Sprite.uexp" 5742
"F:/GitHub/SproutScape/SproutScape/Content/Developers/basde/Collections/SproutScapeDevFolderBas/Core/Assets/Drone2DAnims/trow/BeeBot_Throw/Empty_Handed/Throw_00067.uasset" 5743
"F:/GitHub/SproutScape/SproutScape/Content/Developers/basde/Collections/SproutScapeDevFolderBas/Core/Assets/Drone2DAnims/trow/BeeBot_Throw/Empty_Handed/Throw_00067.uexp" 5744
"F:/GitHub/SproutScape/SproutScape/Content/Developers/basde/Collections/SproutScapeDevFolderBas/Core/Assets/Drone2DAnims/trow/BeeBot_Throw/Empty_Handed/Throw_00067_Sprite.uasset" 5745
"F:/GitHub/SproutScape/SproutScape/Content/Developers/basde/Collections/SproutScapeDevFolderBas/Core/Assets/Drone2DAnims/trow/BeeBot_Throw/Empty_Handed/Throw_00067_Sprite.uexp" 5746
"F:/GitHub/SproutScape/SproutScape/Content/Developers/basde/Collections/SproutScapeDevFolderBas/Core/Assets/Drone2DAnims/trow/BeeBot_Throw/Empty_Handed/Throw_00045.uasset" 5747
"F:/GitHub/SproutScape/SproutScape/Content/Developers/basde/Collections/SproutScapeDevFolderBas/Core/Assets/Drone2DAnims/trow/BeeBot_Throw/Empty_Handed/Throw_00045.uexp" 5748
"F:/GitHub/SproutScape/SproutScape/Content/Developers/basde/Collections/SproutScapeDevFolderBas/Core/Assets/Drone2DAnims/trow/BeeBot_Throw/Empty_Handed/Throw_00045_Sprite.uasset" 5749
"F:/GitHub/SproutScape/SproutScape/Content/Developers/basde/Collections/SproutScapeDevFolderBas/Core/Assets/Drone2DAnims/trow/BeeBot_Throw/Empty_Handed/Throw_00045_Sprite.uexp" 5750
"F:/GitHub/SproutScape/SproutScape/Content/Developers/basde/Collections/SproutScapeDevFolderBas/Core/Assets/Drone2DAnims/trow/BeeBot_Throw/Empty_Handed/Throw_00104.uasset" 5751
"F:/GitHub/SproutScape/SproutScape/Content/Developers/basde/Collections/SproutScapeDevFolderBas/Core/Assets/Drone2DAnims/trow/BeeBot_Throw/Empty_Handed/Throw_00104.uexp" 5752
"F:/GitHub/SproutScape/SproutScape/Content/Developers/basde/Collections/SproutScapeDevFolderBas/Core/Assets/Drone2DAnims/trow/BeeBot_Throw/Empty_Handed/Throw_00104_Sprite.uasset" 5753
"F:/GitHub/SproutScape/SproutScape/Content/Developers/basde/Collections/SproutScapeDevFolderBas/Core/Assets/Drone2DAnims/trow/BeeBot_Throw/Empty_Handed/Throw_00104_Sprite.uexp" 5754
"F:/GitHub/SproutScape/SproutScape/Content/Developers/basde/Collections/SproutScapeDevFolderBas/Core/Assets/Drone2DAnims/trow/BeeBot_Throw/Empty_Handed/Throw_00048.uasset" 5755
"F:/GitHub/SproutScape/SproutScape/Content/Developers/basde/Collections/SproutScapeDevFolderBas/Core/Assets/Drone2DAnims/trow/BeeBot_Throw/Empty_Handed/Throw_00048.uexp" 5756
"F:/GitHub/SproutScape/SproutScape/Content/Developers/basde/Collections/SproutScapeDevFolderBas/Core/Assets/Drone2DAnims/trow/BeeBot_Throw/Empty_Handed/Throw_00048_Sprite.uasset" 5757
"F:/GitHub/SproutScape/SproutScape/Content/Developers/basde/Collections/SproutScapeDevFolderBas/Core/Assets/Drone2DAnims/trow/BeeBot_Throw/Empty_Handed/Throw_00048_Sprite.uexp" 5758
"F:/GitHub/SproutScape/SproutScape/Content/Developers/basde/Collections/SproutScapeDevFolderBas/Core/Assets/Drone2DAnims/trow/BeeBot_Throw/Empty_Handed/Throw_00101.uasset" 5759
"F:/GitHub/SproutScape/SproutScape/Content/Developers/basde/Collections/SproutScapeDevFolderBas/Core/Assets/Drone2DAnims/trow/BeeBot_Throw/Empty_Handed/Throw_00101.uexp" 5760
"F:/GitHub/SproutScape/SproutScape/Content/Developers/basde/Collections/SproutScapeDevFolderBas/Core/Assets/Drone2DAnims/trow/BeeBot_Throw/Empty_Handed/Throw_00101_Sprite.uasset" 5761
"F:/GitHub/SproutScape/SproutScape/Content/Developers/basde/Collections/SproutScapeDevFolderBas/Core/Assets/Drone2DAnims/trow/BeeBot_Throw/Empty_Handed/Throw_00101_Sprite.uexp" 5762
"F:/GitHub/SproutScape/SproutScape/Content/Developers/basde/Collections/SproutScapeDevFolderBas/Core/Assets/Drone2DAnims/trow/BeeBot_Throw/Empty_Handed/Throw_00063.uasset" 5763
"F:/GitHub/SproutScape/SproutScape/Content/Developers/basde/Collections/SproutScapeDevFolderBas/Core/Assets/Drone2DAnims/trow/BeeBot_Throw/Empty_Handed/Throw_00063.uexp" 5764
"F:/GitHub/SproutScape/SproutScape/Content/Developers/basde/Collections/SproutScapeDevFolderBas/Core/Assets/Drone2DAnims/trow/BeeBot_Throw/Empty_Handed/Throw_00063_Sprite.uasset" 5765
"F:/GitHub/SproutScape/SproutScape/Content/Developers/basde/Collections/SproutScapeDevFolderBas/Core/Assets/Drone2DAnims/trow/BeeBot_Throw/Empty_Handed/Throw_00063_Sprite.uexp" 5766
"F:/GitHub/SproutScape/SproutScape/Content/Developers/basde/Collections/SproutScapeDevFolderBas/Core/Assets/Drone2DAnims/trow/BeeBot_Throw/Empty_Handed/Throw_00057.uasset" 5767
"F:/GitHub/SproutScape/SproutScape/Content/Developers/basde/Collections/SproutScapeDevFolderBas/Core/Assets/Drone2DAnims/trow/BeeBot_Throw/Empty_Handed/Throw_00057.uexp" 5768
"F:/GitHub/SproutScape/SproutScape/Content/Developers/basde/Collections/SproutScapeDevFolderBas/Core/Assets/Drone2DAnims/trow/BeeBot_Throw/Empty_Handed/Throw_00057_Sprite.uasset" 5769
"F:/GitHub/SproutScape/SproutScape/Content/Developers/basde/Collections/SproutScapeDevFolderBas/Core/Assets/Drone2DAnims/trow/BeeBot_Throw/Empty_Handed/Throw_00057_Sprite.uexp" 5770
"F:/GitHub/SproutScape/SproutScape/Content/Developers/basde/Collections/SproutScapeDevFolderBas/Core/Assets/Drone2DAnims/trow/BeeBot_Throw/Empty_Handed/Throw_00086.uasset" 5771
"F:/GitHub/SproutScape/SproutScape/Content/Developers/basde/Collections/SproutScapeDevFolderBas/Core/Assets/Drone2DAnims/trow/BeeBot_Throw/Empty_Handed/Throw_00086.uexp" 5772
"F:/GitHub/SproutScape/SproutScape/Content/Developers/basde/Collections/SproutScapeDevFolderBas/Core/Assets/Drone2DAnims/trow/BeeBot_Throw/Empty_Handed/Throw_00086_Sprite.uasset" 5773
"F:/GitHub/SproutScape/SproutScape/Content/Developers/basde/Collections/SproutScapeDevFolderBas/Core/Assets/Drone2DAnims/trow/BeeBot_Throw/Empty_Handed/Throw_00086_Sprite.uexp" 5774
"F:/GitHub/SproutScape/SproutScape/Content/Developers/basde/Collections/SproutScapeDevFolderBas/Core/Assets/Drone2DAnims/trow/BeeBot_Throw/Empty_Handed/Throw_00087.uasset" 5775
"F:/GitHub/SproutScape/SproutScape/Content/Developers/basde/Collections/SproutScapeDevFolderBas/Core/Assets/Drone2DAnims/trow/BeeBot_Throw/Empty_Handed/Throw_00087.uexp" 5776
"F:/GitHub/SproutScape/SproutScape/Content/Developers/basde/Collections/SproutScapeDevFolderBas/Core/Assets/Drone2DAnims/trow/BeeBot_Throw/Empty_Handed/Throw_00087_Sprite.uasset" 5777
"F:/GitHub/SproutScape/SproutScape/Content/Developers/basde/Collections/SproutScapeDevFolderBas/Core/Assets/Drone2DAnims/trow/BeeBot_Throw/Empty_Handed/Throw_00087_Sprite.uexp" 5778
"F:/GitHub/SproutScape/SproutScape/Content/Developers/basde/Collections/SproutScapeDevFolderBas/Core/Assets/Drone2DAnims/trow/BeeBot_Throw/Empty_Handed/Throw_00103.uasset" 5779
"F:/GitHub/SproutScape/SproutScape/Content/Developers/basde/Collections/SproutScapeDevFolderBas/Core/Assets/Drone2DAnims/trow/BeeBot_Throw/Empty_Handed/Throw_00103.uexp" 5780
"F:/GitHub/SproutScape/SproutScape/Content/Developers/basde/Collections/SproutScapeDevFolderBas/Core/Assets/Drone2DAnims/trow/BeeBot_Throw/Empty_Handed/Throw_00103_Sprite.uasset" 5781
"F:/GitHub/SproutScape/SproutScape/Content/Developers/basde/Collections/SproutScapeDevFolderBas/Core/Assets/Drone2DAnims/trow/BeeBot_Throw/Empty_Handed/Throw_00103_Sprite.uexp" 5782
"F:/GitHub/SproutScape/SproutScape/Content/Developers/basde/Collections/SproutScapeDevFolderBas/Core/Assets/Drone2DAnims/trow/BeeBot_Throw/Empty_Handed/Throw_00058.uasset" 5783
"F:/GitHub/SproutScape/SproutScape/Content/Developers/basde/Collections/SproutScapeDevFolderBas/Core/Assets/Drone2DAnims/trow/BeeBot_Throw/Empty_Handed/Throw_00058.uexp" 5784
"F:/GitHub/SproutScape/SproutScape/Content/Developers/basde/Collections/SproutScapeDevFolderBas/Core/Assets/Drone2DAnims/trow/BeeBot_Throw/Empty_Handed/Throw_00058_Sprite.uasset" 5785
"F:/GitHub/SproutScape/SproutScape/Content/Developers/basde/Collections/SproutScapeDevFolderBas/Core/Assets/Drone2DAnims/trow/BeeBot_Throw/Empty_Handed/Throw_00058_Sprite.uexp" 5786
"F:/GitHub/SproutScape/SproutScape/Content/Developers/basde/Collections/SproutScapeDevFolderBas/Core/Assets/Drone2DAnims/trow/BeeBot_Throw/Empty_Handed/Throw_00049.uasset" 5787
"F:/GitHub/SproutScape/SproutScape/Content/Developers/basde/Collections/SproutScapeDevFolderBas/Core/Assets/Drone2DAnims/trow/BeeBot_Throw/Empty_Handed/Throw_00049.uexp" 5788
"F:/GitHub/SproutScape/SproutScape/Content/Developers/basde/Collections/SproutScapeDevFolderBas/Core/Assets/Drone2DAnims/trow/BeeBot_Throw/Empty_Handed/Throw_00049_Sprite.uasset" 5789
"F:/GitHub/SproutScape/SproutScape/Content/Developers/basde/Collections/SproutScapeDevFolderBas/Core/Assets/Drone2DAnims/trow/BeeBot_Throw/Empty_Handed/Throw_00049_Sprite.uexp" 5790
"F:/GitHub/SproutScape/SproutScape/Content/Developers/basde/Collections/SproutScapeDevFolderBas/Core/Assets/Drone2DAnims/trow/BeeBot_Throw/Empty_Handed/Throw_00046.uasset" 5791
"F:/GitHub/SproutScape/SproutScape/Content/Developers/basde/Collections/SproutScapeDevFolderBas/Core/Assets/Drone2DAnims/trow/BeeBot_Throw/Empty_Handed/Throw_00046.uexp" 5792
"F:/GitHub/SproutScape/SproutScape/Content/Developers/basde/Collections/SproutScapeDevFolderBas/Core/Assets/Drone2DAnims/trow/BeeBot_Throw/Empty_Handed/Throw_00046_Sprite.uasset" 5793
"F:/GitHub/SproutScape/SproutScape/Content/Developers/basde/Collections/SproutScapeDevFolderBas/Core/Assets/Drone2DAnims/trow/BeeBot_Throw/Empty_Handed/Throw_00046_Sprite.uexp" 5794
"F:/GitHub/SproutScape/SproutScape/Content/Developers/basde/Collections/SproutScapeDevFolderBas/Core/Assets/Drone2DAnims/trow/BeeBot_Throw/Empty_Handed/Throw_00092.uasset" 5795
"F:/GitHub/SproutScape/SproutScape/Content/Developers/basde/Collections/SproutScapeDevFolderBas/Core/Assets/Drone2DAnims/trow/BeeBot_Throw/Empty_Handed/Throw_00092.uexp" 5796
"F:/GitHub/SproutScape/SproutScape/Content/Developers/basde/Collections/SproutScapeDevFolderBas/Core/Assets/Drone2DAnims/trow/BeeBot_Throw/Empty_Handed/Throw_00092_Sprite.uasset" 5797
"F:/GitHub/SproutScape/SproutScape/Content/Developers/basde/Collections/SproutScapeDevFolderBas/Core/Assets/Drone2DAnims/trow/BeeBot_Throw/Empty_Handed/Throw_00092_Sprite.uexp" 5798
"F:/GitHub/SproutScape/SproutScape/Content/Developers/basde/Collections/SproutScapeDevFolderBas/Core/Assets/Drone2DAnims/trow/BeeBot_Throw/Empty_Handed/Throw_00052.uasset" 5799
"F:/GitHub/SproutScape/SproutScape/Content/Developers/basde/Collections/SproutScapeDevFolderBas/Core/Assets/Drone2DAnims/trow/BeeBot_Throw/Empty_Handed/Throw_00052.uexp" 5800
"F:/GitHub/SproutScape/SproutScape/Content/Developers/basde/Collections/SproutScapeDevFolderBas/Core/Assets/Drone2DAnims/trow/BeeBot_Throw/Empty_Handed/Throw_00052_Sprite.uasset" 5801
"F:/GitHub/SproutScape/SproutScape/Content/Developers/basde/Collections/SproutScapeDevFolderBas/Core/Assets/Drone2DAnims/trow/BeeBot_Throw/Empty_Handed/Throw_00052_Sprite.uexp" 5802
"F:/GitHub/SproutScape/SproutScape/Content/Developers/basde/Collections/SproutScapeDevFolderBas/Core/Assets/Drone2DAnims/trow/BeeBot_Throw/Empty_Handed/Throw_00089.uasset" 5803
"F:/GitHub/SproutScape/SproutScape/Content/Developers/basde/Collections/SproutScapeDevFolderBas/Core/Assets/Drone2DAnims/trow/BeeBot_Throw/Empty_Handed/Throw_00089.uexp" 5804
"F:/GitHub/SproutScape/SproutScape/Content/Developers/basde/Collections/SproutScapeDevFolderBas/Core/Assets/Drone2DAnims/trow/BeeBot_Throw/Empty_Handed/Throw_00089_Sprite.uasset" 5805
"F:/GitHub/SproutScape/SproutScape/Content/Developers/basde/Collections/SproutScapeDevFolderBas/Core/Assets/Drone2DAnims/trow/BeeBot_Throw/Empty_Handed/Throw_00089_Sprite.uexp" 5806
"F:/GitHub/SproutScape/SproutScape/Content/Developers/basde/Collections/SproutScapeDevFolderBas/Core/Assets/Drone2DAnims/trow/BeeBot_Throw/Empty_Handed/Throw_00071.uasset" 5807
"F:/GitHub/SproutScape/SproutScape/Content/Developers/basde/Collections/SproutScapeDevFolderBas/Core/Assets/Drone2DAnims/trow/BeeBot_Throw/Empty_Handed/Throw_00071.uexp" 5808
"F:/GitHub/SproutScape/SproutScape/Content/Developers/basde/Collections/SproutScapeDevFolderBas/Core/Assets/Drone2DAnims/trow/BeeBot_Throw/Empty_Handed/Throw_00071_Sprite.uasset" 5809
"F:/GitHub/SproutScape/SproutScape/Content/Developers/basde/Collections/SproutScapeDevFolderBas/Core/Assets/Drone2DAnims/trow/BeeBot_Throw/Empty_Handed/Throw_00071_Sprite.uexp" 5810
"F:/GitHub/SproutScape/SproutScape/Content/Developers/basde/Collections/SproutScapeDevFolderBas/Core/Assets/Drone2DAnims/trow/BeeBot_Throw/Empty_Handed/Throw_00055.uasset" 5811
"F:/GitHub/SproutScape/SproutScape/Content/Developers/basde/Collections/SproutScapeDevFolderBas/Core/Assets/Drone2DAnims/trow/BeeBot_Throw/Empty_Handed/Throw_00055.uexp" 5812
"F:/GitHub/SproutScape/SproutScape/Content/Developers/basde/Collections/SproutScapeDevFolderBas/Core/Assets/Drone2DAnims/trow/BeeBot_Throw/Empty_Handed/Throw_00055_Sprite.uasset" 5813
"F:/GitHub/SproutScape/SproutScape/Content/Developers/basde/Collections/SproutScapeDevFolderBas/Core/Assets/Drone2DAnims/trow/BeeBot_Throw/Empty_Handed/Throw_00055_Sprite.uexp" 5814
"F:/GitHub/SproutScape/SproutScape/Content/Developers/basde/Collections/SproutScapeDevFolderBas/Core/Assets/Drone2DAnims/trow/BeeBot_Throw/Empty_Handed/Throw_00069.uasset" 5815
"F:/GitHub/SproutScape/SproutScape/Content/Developers/basde/Collections/SproutScapeDevFolderBas/Core/Assets/Drone2DAnims/trow/BeeBot_Throw/Empty_Handed/Throw_00069.uexp" 5816
"F:/GitHub/SproutScape/SproutScape/Content/Developers/basde/Collections/SproutScapeDevFolderBas/Core/Assets/Drone2DAnims/trow/BeeBot_Throw/Empty_Handed/Throw_00069_Sprite.uasset" 5817
"F:/GitHub/SproutScape/SproutScape/Content/Developers/basde/Collections/SproutScapeDevFolderBas/Core/Assets/Drone2DAnims/trow/BeeBot_Throw/Empty_Handed/Throw_00069_Sprite.uexp" 5818
"F:/GitHub/SproutScape/SproutScape/Content/Developers/basde/Collections/SproutScapeDevFolderBas/Core/Assets/Drone2DAnims/trow/BeeBot_Throw/Empty_Handed/Throw_00078.uasset" 5819
"F:/GitHub/SproutScape/SproutScape/Content/Developers/basde/Collections/SproutScapeDevFolderBas/Core/Assets/Drone2DAnims/trow/BeeBot_Throw/Empty_Handed/Throw_00078.uexp" 5820
"F:/GitHub/SproutScape/SproutScape/Content/Developers/basde/Collections/SproutScapeDevFolderBas/Core/Assets/Drone2DAnims/trow/BeeBot_Throw/Empty_Handed/Throw_00078_Sprite.uasset" 5821
"F:/GitHub/SproutScape/SproutScape/Content/Developers/basde/Collections/SproutScapeDevFolderBas/Core/Assets/Drone2DAnims/trow/BeeBot_Throw/Empty_Handed/Throw_00078_Sprite.uexp" 5822
"F:/GitHub/SproutScape/SproutScape/Content/Developers/basde/Collections/SproutScapeDevFolderBas/Core/Assets/Drone2DAnims/trow/BeeBot_Throw/Empty_Handed/Throw_00096.uasset" 5823
"F:/GitHub/SproutScape/SproutScape/Content/Developers/basde/Collections/SproutScapeDevFolderBas/Core/Assets/Drone2DAnims/trow/BeeBot_Throw/Empty_Handed/Throw_00096.uexp" 5824
"F:/GitHub/SproutScape/SproutScape/Content/Developers/basde/Collections/SproutScapeDevFolderBas/Core/Assets/Drone2DAnims/trow/BeeBot_Throw/Empty_Handed/Throw_00096_Sprite.uasset" 5825
"F:/GitHub/SproutScape/SproutScape/Content/Developers/basde/Collections/SproutScapeDevFolderBas/Core/Assets/Drone2DAnims/trow/BeeBot_Throw/Empty_Handed/Throw_00096_Sprite.uexp" 5826
"F:/GitHub/SproutScape/SproutScape/Content/Developers/basde/Collections/SproutScapeDevFolderBas/Core/Assets/Drone2DAnims/trow/BeeBot_Throw/Empty_Handed/Throw_00060.uasset" 5827
"F:/GitHub/SproutScape/SproutScape/Content/Developers/basde/Collections/SproutScapeDevFolderBas/Core/Assets/Drone2DAnims/trow/BeeBot_Throw/Empty_Handed/Throw_00060.uexp" 5828
"F:/GitHub/SproutScape/SproutScape/Content/Developers/basde/Collections/SproutScapeDevFolderBas/Core/Assets/Drone2DAnims/trow/BeeBot_Throw/Empty_Handed/Throw_00060_Sprite.uasset" 5829
"F:/GitHub/SproutScape/SproutScape/Content/Developers/basde/Collections/SproutScapeDevFolderBas/Core/Assets/Drone2DAnims/trow/BeeBot_Throw/Empty_Handed/Throw_00060_Sprite.uexp" 5830
"F:/GitHub/SproutScape/SproutScape/Content/Developers/basde/Collections/SproutScapeDevFolderBas/Core/Assets/Drone2DAnims/trow/BeeBot_Throw/Empty_Handed/Throw_00076.uasset" 5831
"F:/GitHub/SproutScape/SproutScape/Content/Developers/basde/Collections/SproutScapeDevFolderBas/Core/Assets/Drone2DAnims/trow/BeeBot_Throw/Empty_Handed/Throw_00076.uexp" 5832
"F:/GitHub/SproutScape/SproutScape/Content/Developers/basde/Collections/SproutScapeDevFolderBas/Core/Assets/Drone2DAnims/trow/BeeBot_Throw/Empty_Handed/Throw_00076_Sprite.uasset" 5833
"F:/GitHub/SproutScape/SproutScape/Content/Developers/basde/Collections/SproutScapeDevFolderBas/Core/Assets/Drone2DAnims/trow/BeeBot_Throw/Empty_Handed/Throw_00076_Sprite.uexp" 5834
"F:/GitHub/SproutScape/SproutScape/Content/Developers/basde/Collections/SproutScapeDevFolderBas/Core/Assets/Drone2DAnims/trow/BeeBot_Throw/Empty_Handed/Throw_00080.uasset" 5835
"F:/GitHub/SproutScape/SproutScape/Content/Developers/basde/Collections/SproutScapeDevFolderBas/Core/Assets/Drone2DAnims/trow/BeeBot_Throw/Empty_Handed/Throw_00080.uexp" 5836
"F:/GitHub/SproutScape/SproutScape/Content/Developers/basde/Collections/SproutScapeDevFolderBas/Core/Assets/Drone2DAnims/trow/BeeBot_Throw/Empty_Handed/Throw_00080_Sprite.uasset" 5837
"F:/GitHub/SproutScape/SproutScape/Content/Developers/basde/Collections/SproutScapeDevFolderBas/Core/Assets/Drone2DAnims/trow/BeeBot_Throw/Empty_Handed/Throw_00080_Sprite.uexp" 5838
"F:/GitHub/SproutScape/SproutScape/Content/Developers/basde/Collections/SproutScapeDevFolderBas/Core/Assets/Drone2DAnims/trow/BeeBot_Throw/Empty_Handed/Throw_00094.uasset" 5839
"F:/GitHub/SproutScape/SproutScape/Content/Developers/basde/Collections/SproutScapeDevFolderBas/Core/Assets/Drone2DAnims/trow/BeeBot_Throw/Empty_Handed/Throw_00094.uexp" 5840
"F:/GitHub/SproutScape/SproutScape/Content/Developers/basde/Collections/SproutScapeDevFolderBas/Core/Assets/Drone2DAnims/trow/BeeBot_Throw/Empty_Handed/Throw_00094_Sprite.uasset" 5841
"F:/GitHub/SproutScape/SproutScape/Content/Developers/basde/Collections/SproutScapeDevFolderBas/Core/Assets/Drone2DAnims/trow/BeeBot_Throw/Empty_Handed/Throw_00094_Sprite.uexp" 5842
"F:/GitHub/SproutScape/SproutScape/Content/Developers/basde/Collections/SproutScapeDevFolderBas/Core/Assets/Drone2DAnims/trow/BeeBot_Throw/Empty_Handed/Throw_00081.uasset" 5843
"F:/GitHub/SproutScape/SproutScape/Content/Developers/basde/Collections/SproutScapeDevFolderBas/Core/Assets/Drone2DAnims/trow/BeeBot_Throw/Empty_Handed/Throw_00081.uexp" 5844
"F:/GitHub/SproutScape/SproutScape/Content/Developers/basde/Collections/SproutScapeDevFolderBas/Core/Assets/Drone2DAnims/trow/BeeBot_Throw/Empty_Handed/Throw_00081_Sprite.uasset" 5845
"F:/GitHub/SproutScape/SproutScape/Content/Developers/basde/Collections/SproutScapeDevFolderBas/Core/Assets/Drone2DAnims/trow/BeeBot_Throw/Empty_Handed/Throw_00081_Sprite.uexp" 5846
"F:/GitHub/SproutScape/SproutScape/Content/Developers/basde/Collections/SproutScapeDevFolderBas/Core/Assets/Drone2DAnims/trow/BeeBot_Throw/Empty_Handed/Throw_00073.uasset" 5847
"F:/GitHub/SproutScape/SproutScape/Content/Developers/basde/Collections/SproutScapeDevFolderBas/Core/Assets/Drone2DAnims/trow/BeeBot_Throw/Empty_Handed/Throw_00073.uexp" 5848
"F:/GitHub/SproutScape/SproutScape/Content/Developers/basde/Collections/SproutScapeDevFolderBas/Core/Assets/Drone2DAnims/trow/BeeBot_Throw/Empty_Handed/Throw_00073_Sprite.uasset" 5849
"F:/GitHub/SproutScape/SproutScape/Content/Developers/basde/Collections/SproutScapeDevFolderBas/Core/Assets/Drone2DAnims/trow/BeeBot_Throw/Empty_Handed/Throw_00073_Sprite.uexp" 5850
"F:/GitHub/SproutScape/SproutScape/Content/Developers/basde/Collections/SproutScapeDevFolderBas/Core/Assets/Drone2DAnims/trow/BeeBot_Throw/Empty_Handed/Throw_00047.uasset" 5851
"F:/GitHub/SproutScape/SproutScape/Content/Developers/basde/Collections/SproutScapeDevFolderBas/Core/Assets/Drone2DAnims/trow/BeeBot_Throw/Empty_Handed/Throw_00047.uexp" 5852
"F:/GitHub/SproutScape/SproutScape/Content/Developers/basde/Collections/SproutScapeDevFolderBas/Core/Assets/Drone2DAnims/trow/BeeBot_Throw/Empty_Handed/Throw_00047_Sprite.uasset" 5853
"F:/GitHub/SproutScape/SproutScape/Content/Developers/basde/Collections/SproutScapeDevFolderBas/Core/Assets/Drone2DAnims/trow/BeeBot_Throw/Empty_Handed/Throw_00047_Sprite.uexp" 5854
"F:/GitHub/SproutScape/SproutScape/Content/Developers/basde/Collections/SproutScapeDevFolderBas/Core/Assets/Drone2DAnims/trow/BeeBot_Throw/Empty_Handed/Throw_00082.uasset" 5855
"F:/GitHub/SproutScape/SproutScape/Content/Developers/basde/Collections/SproutScapeDevFolderBas/Core/Assets/Drone2DAnims/trow/BeeBot_Throw/Empty_Handed/Throw_00082.uexp" 5856
"F:/GitHub/SproutScape/SproutScape/Content/Developers/basde/Collections/SproutScapeDevFolderBas/Core/Assets/Drone2DAnims/trow/BeeBot_Throw/Empty_Handed/Throw_00082_Sprite.uasset" 5857
"F:/GitHub/SproutScape/SproutScape/Content/Developers/basde/Collections/SproutScapeDevFolderBas/Core/Assets/Drone2DAnims/trow/BeeBot_Throw/Empty_Handed/Throw_00082_Sprite.uexp" 5858
"F:/GitHub/SproutScape/SproutScape/Content/Developers/basde/Collections/SproutScapeDevFolderBas/Core/Assets/Drone2DAnims/trow/BeeBot_Throw/Empty_Handed/Throw_00083.uasset" 5859
"F:/GitHub/SproutScape/SproutScape/Content/Developers/basde/Collections/SproutScapeDevFolderBas/Core/Assets/Drone2DAnims/trow/BeeBot_Throw/Empty_Handed/Throw_00083.uexp" 5860
"F:/GitHub/SproutScape/SproutScape/Content/Developers/basde/Collections/SproutScapeDevFolderBas/Core/Assets/Drone2DAnims/trow/BeeBot_Throw/Empty_Handed/Throw_00083_Sprite.uasset" 5861
"F:/GitHub/SproutScape/SproutScape/Content/Developers/basde/Collections/SproutScapeDevFolderBas/Core/Assets/Drone2DAnims/trow/BeeBot_Throw/Empty_Handed/Throw_00083_Sprite.uexp" 5862
"F:/GitHub/SproutScape/SproutScape/Content/Developers/basde/Collections/SproutScapeDevFolderBas/Core/Assets/Drone2DAnims/trow/BeeBot_Throw/Empty_Handed/Throw_00072.uasset" 5863
"F:/GitHub/SproutScape/SproutScape/Content/Developers/basde/Collections/SproutScapeDevFolderBas/Core/Assets/Drone2DAnims/trow/BeeBot_Throw/Empty_Handed/Throw_00072.uexp" 5864
"F:/GitHub/SproutScape/SproutScape/Content/Developers/basde/Collections/SproutScapeDevFolderBas/Core/Assets/Drone2DAnims/trow/BeeBot_Throw/Empty_Handed/Throw_00072_Sprite.uasset" 5865
"F:/GitHub/SproutScape/SproutScape/Content/Developers/basde/Collections/SproutScapeDevFolderBas/Core/Assets/Drone2DAnims/trow/BeeBot_Throw/Empty_Handed/Throw_00072_Sprite.uexp" 5866
"F:/GitHub/SproutScape/SproutScape/Content/Developers/basde/Collections/SproutScapeDevFolderBas/Core/Assets/Drone2DAnims/trow/BeeBot_Throw/Empty_Handed/Throw_00056.uasset" 5867
"F:/GitHub/SproutScape/SproutScape/Content/Developers/basde/Collections/SproutScapeDevFolderBas/Core/Assets/Drone2DAnims/trow/BeeBot_Throw/Empty_Handed/Throw_00056.uexp" 5868
"F:/GitHub/SproutScape/SproutScape/Content/Developers/basde/Collections/SproutScapeDevFolderBas/Core/Assets/Drone2DAnims/trow/BeeBot_Throw/Empty_Handed/Throw_00056_Sprite.uasset" 5869
"F:/GitHub/SproutScape/SproutScape/Content/Developers/basde/Collections/SproutScapeDevFolderBas/Core/Assets/Drone2DAnims/trow/BeeBot_Throw/Empty_Handed/Throw_00056_Sprite.uexp" 5870
"F:/GitHub/SproutScape/SproutScape/Content/Developers/basde/Collections/SproutScapeDevFolderBas/Core/Assets/Drone2DAnims/trow/BeeBot_Throw/Empty_Handed/Throw_00084.uasset" 5871
"F:/GitHub/SproutScape/SproutScape/Content/Developers/basde/Collections/SproutScapeDevFolderBas/Core/Assets/Drone2DAnims/trow/BeeBot_Throw/Empty_Handed/Throw_00084.uexp" 5872
"F:/GitHub/SproutScape/SproutScape/Content/Developers/basde/Collections/SproutScapeDevFolderBas/Core/Assets/Drone2DAnims/trow/BeeBot_Throw/Empty_Handed/Throw_00084_Sprite.uasset" 5873
"F:/GitHub/SproutScape/SproutScape/Content/Developers/basde/Collections/SproutScapeDevFolderBas/Core/Assets/Drone2DAnims/trow/BeeBot_Throw/Empty_Handed/Throw_00084_Sprite.uexp" 5874
"F:/GitHub/SproutScape/SproutScape/Content/Developers/basde/Collections/SproutScapeDevFolderBas/Core/Assets/Drone2DAnims/trow/BeeBot_Throw/Empty_Handed/Throw_00085.uasset" 5875
"F:/GitHub/SproutScape/SproutScape/Content/Developers/basde/Collections/SproutScapeDevFolderBas/Core/Assets/Drone2DAnims/trow/BeeBot_Throw/Empty_Handed/Throw_00085.uexp" 5876
"F:/GitHub/SproutScape/SproutScape/Content/Developers/basde/Collections/SproutScapeDevFolderBas/Core/Assets/Drone2DAnims/trow/BeeBot_Throw/Empty_Handed/Throw_00085_Sprite.uasset" 5877
"F:/GitHub/SproutScape/SproutScape/Content/Developers/basde/Collections/SproutScapeDevFolderBas/Core/Assets/Drone2DAnims/trow/BeeBot_Throw/Empty_Handed/Throw_00085_Sprite.uexp" 5878
"F:/GitHub/SproutScape/SproutScape/Content/Developers/basde/Collections/SproutScapeDevFolderBas/Core/Assets/Drone2DAnims/trow/BeeBot_Throw/Empty_Handed/Throw_00059.uasset" 5879
"F:/GitHub/SproutScape/SproutScape/Content/Developers/basde/Collections/SproutScapeDevFolderBas/Core/Assets/Drone2DAnims/trow/BeeBot_Throw/Empty_Handed/Throw_00059.uexp" 5880
"F:/GitHub/SproutScape/SproutScape/Content/Developers/basde/Collections/SproutScapeDevFolderBas/Core/Assets/Drone2DAnims/trow/BeeBot_Throw/Empty_Handed/Throw_00059_Sprite.uasset" 5881
"F:/GitHub/SproutScape/SproutScape/Content/Developers/basde/Collections/SproutScapeDevFolderBas/Core/Assets/Drone2DAnims/trow/BeeBot_Throw/Empty_Handed/Throw_00059_Sprite.uexp" 5882
"F:/GitHub/SproutScape/SproutScape/Content/Developers/basde/Collections/SproutScapeDevFolderBas/Core/Assets/Drone2DAnims/trow/BeeBot_Throw/Empty_Handed/Throw_00090.uasset" 5883
"F:/GitHub/SproutScape/SproutScape/Content/Developers/basde/Collections/SproutScapeDevFolderBas/Core/Assets/Drone2DAnims/trow/BeeBot_Throw/Empty_Handed/Throw_00090.uexp" 5884
"F:/GitHub/SproutScape/SproutScape/Content/Developers/basde/Collections/SproutScapeDevFolderBas/Core/Assets/Drone2DAnims/trow/BeeBot_Throw/Empty_Handed/Throw_00090_Sprite.uasset" 5885
"F:/GitHub/SproutScape/SproutScape/Content/Developers/basde/Collections/SproutScapeDevFolderBas/Core/Assets/Drone2DAnims/trow/BeeBot_Throw/Empty_Handed/Throw_00090_Sprite.uexp" 5886
"F:/GitHub/SproutScape/SproutScape/Content/Developers/basde/Collections/SproutScapeDevFolderBas/Core/Assets/Drone2DAnims/trow/BeeBot_Throw/Empty_Handed/Throw_00075.uasset" 5887
"F:/GitHub/SproutScape/SproutScape/Content/Developers/basde/Collections/SproutScapeDevFolderBas/Core/Assets/Drone2DAnims/trow/BeeBot_Throw/Empty_Handed/Throw_00075.uexp" 5888
"F:/GitHub/SproutScape/SproutScape/Content/Developers/basde/Collections/SproutScapeDevFolderBas/Core/Assets/Drone2DAnims/trow/BeeBot_Throw/Empty_Handed/Throw_00075_Sprite.uasset" 5889
"F:/GitHub/SproutScape/SproutScape/Content/Developers/basde/Collections/SproutScapeDevFolderBas/Core/Assets/Drone2DAnims/trow/BeeBot_Throw/Empty_Handed/Throw_00075_Sprite.uexp" 5890
"F:/GitHub/SproutScape/SproutScape/Content/Developers/basde/Collections/SproutScapeDevFolderBas/Core/Assets/Drone2DAnims/trow/BeeBot_Throw/Empty_Handed/Throw_00098.uasset" 5891
"F:/GitHub/SproutScape/SproutScape/Content/Developers/basde/Collections/SproutScapeDevFolderBas/Core/Assets/Drone2DAnims/trow/BeeBot_Throw/Empty_Handed/Throw_00098.uexp" 5892
"F:/GitHub/SproutScape/SproutScape/Content/Developers/basde/Collections/SproutScapeDevFolderBas/Core/Assets/Drone2DAnims/trow/BeeBot_Throw/Empty_Handed/Throw_00098_Sprite.uasset" 5893
"F:/GitHub/SproutScape/SproutScape/Content/Developers/basde/Collections/SproutScapeDevFolderBas/Core/Assets/Drone2DAnims/trow/BeeBot_Throw/Empty_Handed/Throw_00098_Sprite.uexp" 5894
"F:/GitHub/SproutScape/SproutScape/Content/Developers/basde/Collections/SproutScapeDevFolderBas/Core/Assets/Drone2DAnims/trow/BeeBot_Throw/Empty_Handed/Throw_00070.uasset" 5895
"F:/GitHub/SproutScape/SproutScape/Content/Developers/basde/Collections/SproutScapeDevFolderBas/Core/Assets/Drone2DAnims/trow/BeeBot_Throw/Empty_Handed/Throw_00070.uexp" 5896
"F:/GitHub/SproutScape/SproutScape/Content/Developers/basde/Collections/SproutScapeDevFolderBas/Core/Assets/Drone2DAnims/trow/BeeBot_Throw/Empty_Handed/Throw_00070_Sprite.uasset" 5897
"F:/GitHub/SproutScape/SproutScape/Content/Developers/basde/Collections/SproutScapeDevFolderBas/Core/Assets/Drone2DAnims/trow/BeeBot_Throw/Empty_Handed/Throw_00070_Sprite.uexp" 5898
"F:/GitHub/SproutScape/SproutScape/Content/Developers/basde/Collections/SproutScapeDevFolderBas/Core/Assets/Drone2DAnims/trow/BeeBot_Throw/Empty_Handed/Throw_00064.uasset" 5899
"F:/GitHub/SproutScape/SproutScape/Content/Developers/basde/Collections/SproutScapeDevFolderBas/Core/Assets/Drone2DAnims/trow/BeeBot_Throw/Empty_Handed/Throw_00064.uexp" 5900
"F:/GitHub/SproutScape/SproutScape/Content/Developers/basde/Collections/SproutScapeDevFolderBas/Core/Assets/Drone2DAnims/trow/BeeBot_Throw/Empty_Handed/Throw_00064_Sprite.uasset" 5901
"F:/GitHub/SproutScape/SproutScape/Content/Developers/basde/Collections/SproutScapeDevFolderBas/Core/Assets/Drone2DAnims/trow/BeeBot_Throw/Empty_Handed/Throw_00064_Sprite.uexp" 5902
"F:/GitHub/SproutScape/SproutScape/Content/Developers/basde/Collections/SproutScapeDevFolderBas/Core/Assets/Drone2DAnims/trow/BeeBot_Throw/Empty_Handed/Throw_00079.uasset" 5903
"F:/GitHub/SproutScape/SproutScape/Content/Developers/basde/Collections/SproutScapeDevFolderBas/Core/Assets/Drone2DAnims/trow/BeeBot_Throw/Empty_Handed/Throw_00079.uexp" 5904
"F:/GitHub/SproutScape/SproutScape/Content/Developers/basde/Collections/SproutScapeDevFolderBas/Core/Assets/Drone2DAnims/trow/BeeBot_Throw/Empty_Handed/Throw_00079_Sprite.uasset" 5905
"F:/GitHub/SproutScape/SproutScape/Content/Developers/basde/Collections/SproutScapeDevFolderBas/Core/Assets/Drone2DAnims/trow/BeeBot_Throw/Empty_Handed/Throw_00079_Sprite.uexp" 5906
"F:/GitHub/SproutScape/SproutScape/Content/Developers/basde/Collections/SproutScapeDevFolderBas/Core/Assets/Drone2DAnims/trow/BeeBot_Throw/Empty_Handed/Throw_00051.uasset" 5907
"F:/GitHub/SproutScape/SproutScape/Content/Developers/basde/Collections/SproutScapeDevFolderBas/Core/Assets/Drone2DAnims/trow/BeeBot_Throw/Empty_Handed/Throw_00051.uexp" 5908
"F:/GitHub/SproutScape/SproutScape/Content/Developers/basde/Collections/SproutScapeDevFolderBas/Core/Assets/Drone2DAnims/trow/BeeBot_Throw/Empty_Handed/Throw_00051_Sprite.uasset" 5909
"F:/GitHub/SproutScape/SproutScape/Content/Developers/basde/Collections/SproutScapeDevFolderBas/Core/Assets/Drone2DAnims/trow/BeeBot_Throw/Empty_Handed/Throw_00051_Sprite.uexp" 5910
"F:/GitHub/SproutScape/SproutScape/Content/Developers/basde/Collections/SproutScapeDevFolderBas/Core/Assets/Drone2DAnims/trow/BeeBot_Throw/Empty_Handed/FB_Trow.uasset" 5911
"F:/GitHub/SproutScape/SproutScape/Content/Developers/basde/Collections/SproutScapeDevFolderBas/Core/Assets/Drone2DAnims/trow/BeeBot_Throw/Empty_Handed/FB_Trow.uexp" 5912
"F:/GitHub/SproutScape/SproutScape/Content/Developers/basde/Collections/SproutScapeDevFolderBas/Core/BLueprints/BP/AnimSequences/TrowAnim.uasset" 5913
"F:/GitHub/SproutScape/SproutScape/Content/Developers/basde/Collections/SproutScapeDevFolderBas/Core/BLueprints/BP/AnimSequences/TrowAnim.uexp" 5914
"F:/GitHub/SproutScape/SproutScape/Content/Developers/basde/Collections/SproutScapeDevFolderBas/Core/BLueprints/Interaction/WBP_InteractionPrompt.uasset" 5915
"F:/GitHub/SproutScape/SproutScape/Content/Developers/basde/Collections/SproutScapeDevFolderBas/Core/BLueprints/Interaction/WBP_InteractionPrompt.uexp" 5916
"F:/GitHub/SproutScape/SproutScape/Content/Developers/NickvanLuyk/Collections/Core/Animations/2D/BeeBot_Idle/Idle_00000_Sprite.uasset" 5917
"F:/GitHub/SproutScape/SproutScape/Content/Developers/NickvanLuyk/Collections/Core/Animations/2D/BeeBot_Idle/Idle_00000_Sprite.uexp" 5918
"F:/GitHub/SproutScape/SproutScape/Content/Developers/NickvanLuyk/Collections/Core/Animations/2D/BeeBot_Idle/Idle_00001_Sprite.uasset" 5919
"F:/GitHub/SproutScape/SproutScape/Content/Developers/NickvanLuyk/Collections/Core/Animations/2D/BeeBot_Idle/Idle_00001_Sprite.uexp" 5920
"F:/GitHub/SproutScape/SproutScape/Content/Developers/NickvanLuyk/Collections/Core/Animations/2D/BeeBot_Idle/Idle_00002_Sprite.uasset" 5921
"F:/GitHub/SproutScape/SproutScape/Content/Developers/NickvanLuyk/Collections/Core/Animations/2D/BeeBot_Idle/Idle_00002_Sprite.uexp" 5922
"F:/GitHub/SproutScape/SproutScape/Content/Developers/NickvanLuyk/Collections/Core/Animations/2D/BeeBot_Idle/Idle_00003_Sprite.uasset" 5923
"F:/GitHub/SproutScape/SproutScape/Content/Developers/NickvanLuyk/Collections/Core/Animations/2D/BeeBot_Idle/Idle_00003_Sprite.uexp" 5924
"F:/GitHub/SproutScape/SproutScape/Content/Developers/NickvanLuyk/Collections/Core/Animations/2D/BeeBot_Idle/Idle_00004_Sprite.uasset" 5925
"F:/GitHub/SproutScape/SproutScape/Content/Developers/NickvanLuyk/Collections/Core/Animations/2D/BeeBot_Idle/Idle_00004_Sprite.uexp" 5926
"F:/GitHub/SproutScape/SproutScape/Content/Developers/NickvanLuyk/Collections/Core/Animations/2D/BeeBot_Idle/Idle_00005_Sprite.uasset" 5927
"F:/GitHub/SproutScape/SproutScape/Content/Developers/NickvanLuyk/Collections/Core/Animations/2D/BeeBot_Idle/Idle_00005_Sprite.uexp" 5928
"F:/GitHub/SproutScape/SproutScape/Content/Developers/NickvanLuyk/Collections/Core/Animations/2D/BeeBot_Idle/Idle_00006_Sprite.uasset" 5929
"F:/GitHub/SproutScape/SproutScape/Content/Developers/NickvanLuyk/Collections/Core/Animations/2D/BeeBot_Idle/Idle_00006_Sprite.uexp" 5930
"F:/GitHub/SproutScape/SproutScape/Content/Developers/NickvanLuyk/Collections/Core/Animations/2D/BeeBot_Idle/Idle_00007_Sprite.uasset" 5931
"F:/GitHub/SproutScape/SproutScape/Content/Developers/NickvanLuyk/Collections/Core/Animations/2D/BeeBot_Idle/Idle_00007_Sprite.uexp" 5932
"F:/GitHub/SproutScape/SproutScape/Content/Developers/NickvanLuyk/Collections/Core/Animations/2D/BeeBot_Idle/Idle_00008_Sprite.uasset" 5933
"F:/GitHub/SproutScape/SproutScape/Content/Developers/NickvanLuyk/Collections/Core/Animations/2D/BeeBot_Idle/Idle_00008_Sprite.uexp" 5934
"F:/GitHub/SproutScape/SproutScape/Content/Developers/NickvanLuyk/Collections/Core/Animations/2D/BeeBot_Idle/Idle_00009_Sprite.uasset" 5935
"F:/GitHub/SproutScape/SproutScape/Content/Developers/NickvanLuyk/Collections/Core/Animations/2D/BeeBot_Idle/Idle_00009_Sprite.uexp" 5936
"F:/GitHub/SproutScape/SproutScape/Content/Developers/NickvanLuyk/Collections/Core/Animations/2D/BeeBot_Idle/Idle_00010_Sprite.uasset" 5937
"F:/GitHub/SproutScape/SproutScape/Content/Developers/NickvanLuyk/Collections/Core/Animations/2D/BeeBot_Idle/Idle_00010_Sprite.uexp" 5938
"F:/GitHub/SproutScape/SproutScape/Content/Developers/NickvanLuyk/Collections/Core/Animations/2D/BeeBot_Idle/Idle_00011_Sprite.uasset" 5939
"F:/GitHub/SproutScape/SproutScape/Content/Developers/NickvanLuyk/Collections/Core/Animations/2D/BeeBot_Idle/Idle_00011_Sprite.uexp" 5940
"F:/GitHub/SproutScape/SproutScape/Content/Developers/NickvanLuyk/Collections/Core/Animations/2D/BeeBot_Idle/Idle_00012_Sprite.uasset" 5941
"F:/GitHub/SproutScape/SproutScape/Content/Developers/NickvanLuyk/Collections/Core/Animations/2D/BeeBot_Idle/Idle_00012_Sprite.uexp" 5942
"F:/GitHub/SproutScape/SproutScape/Content/Developers/NickvanLuyk/Collections/Core/Animations/2D/BeeBot_Idle/Idle_00013_Sprite.uasset" 5943
"F:/GitHub/SproutScape/SproutScape/Content/Developers/NickvanLuyk/Collections/Core/Animations/2D/BeeBot_Idle/Idle_00013_Sprite.uexp" 5944
"F:/GitHub/SproutScape/SproutScape/Content/Developers/NickvanLuyk/Collections/Core/Animations/2D/BeeBot_Idle/Idle_00014_Sprite.uasset" 5945
"F:/GitHub/SproutScape/SproutScape/Content/Developers/NickvanLuyk/Collections/Core/Animations/2D/BeeBot_Idle/Idle_00014_Sprite.uexp" 5946
"F:/GitHub/SproutScape/SproutScape/Content/Developers/NickvanLuyk/Collections/Core/Animations/2D/BeeBot_Idle/Idle_00015_Sprite.uasset" 5947
"F:/GitHub/SproutScape/SproutScape/Content/Developers/NickvanLuyk/Collections/Core/Animations/2D/BeeBot_Idle/Idle_00015_Sprite.uexp" 5948
"F:/GitHub/SproutScape/SproutScape/Content/Developers/NickvanLuyk/Collections/Core/Animations/2D/BeeBot_Idle/Idle_00016_Sprite.uasset" 5949
"F:/GitHub/SproutScape/SproutScape/Content/Developers/NickvanLuyk/Collections/Core/Animations/2D/BeeBot_Idle/Idle_00016_Sprite.uexp" 5950
"F:/GitHub/SproutScape/SproutScape/Content/Developers/NickvanLuyk/Collections/Core/Animations/2D/BeeBot_Idle/Idle_00017_Sprite.uasset" 5951
"F:/GitHub/SproutScape/SproutScape/Content/Developers/NickvanLuyk/Collections/Core/Animations/2D/BeeBot_Idle/Idle_00017_Sprite.uexp" 5952
"F:/GitHub/SproutScape/SproutScape/Content/Developers/NickvanLuyk/Collections/Core/Animations/2D/BeeBot_Idle/Idle_00018_Sprite.uasset" 5953
"F:/GitHub/SproutScape/SproutScape/Content/Developers/NickvanLuyk/Collections/Core/Animations/2D/BeeBot_Idle/Idle_00018_Sprite.uexp" 5954
"F:/GitHub/SproutScape/SproutScape/Content/Developers/NickvanLuyk/Collections/Core/Animations/2D/BeeBot_Idle/Idle_00019_Sprite.uasset" 5955
"F:/GitHub/SproutScape/SproutScape/Content/Developers/NickvanLuyk/Collections/Core/Animations/2D/BeeBot_Idle/Idle_00019_Sprite.uexp" 5956
"F:/GitHub/SproutScape/SproutScape/Content/Developers/NickvanLuyk/Collections/Core/Animations/2D/BeeBot_Idle/Idle_00020_Sprite.uasset" 5957
"F:/GitHub/SproutScape/SproutScape/Content/Developers/NickvanLuyk/Collections/Core/Animations/2D/BeeBot_Idle/Idle_00020_Sprite.uexp" 5958
"F:/GitHub/SproutScape/SproutScape/Content/Developers/NickvanLuyk/Collections/Core/Animations/2D/BeeBot_Idle/Idle_00021_Sprite.uasset" 5959
"F:/GitHub/SproutScape/SproutScape/Content/Developers/NickvanLuyk/Collections/Core/Animations/2D/BeeBot_Idle/Idle_00021_Sprite.uexp" 5960
"F:/GitHub/SproutScape/SproutScape/Content/Developers/NickvanLuyk/Collections/Core/Animations/2D/BeeBot_Idle/Idle_00022_Sprite.uasset" 5961
"F:/GitHub/SproutScape/SproutScape/Content/Developers/NickvanLuyk/Collections/Core/Animations/2D/BeeBot_Idle/Idle_00022_Sprite.uexp" 5962
"F:/GitHub/SproutScape/SproutScape/Content/Developers/NickvanLuyk/Collections/Core/Animations/2D/BeeBot_Idle/Idle_00023_Sprite.uasset" 5963
"F:/GitHub/SproutScape/SproutScape/Content/Developers/NickvanLuyk/Collections/Core/Animations/2D/BeeBot_Idle/Idle_00023_Sprite.uexp" 5964
"F:/GitHub/SproutScape/SproutScape/Content/Developers/NickvanLuyk/Collections/Core/Animations/2D/BeeBot_Idle/Idle_00024_Sprite.uasset" 5965
"F:/GitHub/SproutScape/SproutScape/Content/Developers/NickvanLuyk/Collections/Core/Animations/2D/BeeBot_Idle/Idle_00024_Sprite.uexp" 5966
"F:/GitHub/SproutScape/SproutScape/Content/Developers/NickvanLuyk/Collections/Core/Animations/2D/BeeBot_Idle/Idle_00025_Sprite.uasset" 5967
"F:/GitHub/SproutScape/SproutScape/Content/Developers/NickvanLuyk/Collections/Core/Animations/2D/BeeBot_Idle/Idle_00025_Sprite.uexp" 5968
"F:/GitHub/SproutScape/SproutScape/Content/Developers/NickvanLuyk/Collections/Core/Animations/2D/BeeBot_Idle/Idle_00026_Sprite.uasset" 5969
"F:/GitHub/SproutScape/SproutScape/Content/Developers/NickvanLuyk/Collections/Core/Animations/2D/BeeBot_Idle/Idle_00026_Sprite.uexp" 5970
"F:/GitHub/SproutScape/SproutScape/Content/Developers/NickvanLuyk/Collections/Core/Animations/2D/BeeBot_Idle/Idle_00027_Sprite.uasset" 5971
"F:/GitHub/SproutScape/SproutScape/Content/Developers/NickvanLuyk/Collections/Core/Animations/2D/BeeBot_Idle/Idle_00027_Sprite.uexp" 5972
"F:/GitHub/SproutScape/SproutScape/Content/Developers/NickvanLuyk/Collections/Core/Animations/2D/BeeBot_Idle/Idle_00028_Sprite.uasset" 5973
"F:/GitHub/SproutScape/SproutScape/Content/Developers/NickvanLuyk/Collections/Core/Animations/2D/BeeBot_Idle/Idle_00028_Sprite.uexp" 5974
"F:/GitHub/SproutScape/SproutScape/Content/Developers/NickvanLuyk/Collections/Core/Animations/2D/BeeBot_Idle/Idle_00029_Sprite.uasset" 5975
"F:/GitHub/SproutScape/SproutScape/Content/Developers/NickvanLuyk/Collections/Core/Animations/2D/BeeBot_Idle/Idle_00029_Sprite.uexp" 5976
"F:/GitHub/SproutScape/SproutScape/Content/Developers/NickvanLuyk/Collections/Core/Animations/2D/BeeBot_Idle/Idle_00030_Sprite.uasset" 5977
"F:/GitHub/SproutScape/SproutScape/Content/Developers/NickvanLuyk/Collections/Core/Animations/2D/BeeBot_Idle/Idle_00030_Sprite.uexp" 5978
"F:/GitHub/SproutScape/SproutScape/Content/Developers/NickvanLuyk/Collections/Core/Animations/2D/BeeBot_Idle/Idle_00031_Sprite.uasset" 5979
"F:/GitHub/SproutScape/SproutScape/Content/Developers/NickvanLuyk/Collections/Core/Animations/2D/BeeBot_Idle/Idle_00031_Sprite.uexp" 5980
"F:/GitHub/SproutScape/SproutScape/Content/Developers/NickvanLuyk/Collections/Core/Animations/2D/BeeBot_Idle/Idle_00032_Sprite.uasset" 5981
"F:/GitHub/SproutScape/SproutScape/Content/Developers/NickvanLuyk/Collections/Core/Animations/2D/BeeBot_Idle/Idle_00032_Sprite.uexp" 5982
"F:/GitHub/SproutScape/SproutScape/Content/Developers/NickvanLuyk/Collections/Core/Animations/2D/BeeBot_Idle/Idle_00033_Sprite.uasset" 5983
"F:/GitHub/SproutScape/SproutScape/Content/Developers/NickvanLuyk/Collections/Core/Animations/2D/BeeBot_Idle/Idle_00033_Sprite.uexp" 5984
"F:/GitHub/SproutScape/SproutScape/Content/Developers/NickvanLuyk/Collections/Core/Animations/2D/BeeBot_Idle/Idle_00034_Sprite.uasset" 5985
"F:/GitHub/SproutScape/SproutScape/Content/Developers/NickvanLuyk/Collections/Core/Animations/2D/BeeBot_Idle/Idle_00034_Sprite.uexp" 5986
"F:/GitHub/SproutScape/SproutScape/Content/Developers/NickvanLuyk/Collections/Core/Animations/2D/BeeBot_Idle/Idle_00035_Sprite.uasset" 5987
"F:/GitHub/SproutScape/SproutScape/Content/Developers/NickvanLuyk/Collections/Core/Animations/2D/BeeBot_Idle/Idle_00035_Sprite.uexp" 5988
"F:/GitHub/SproutScape/SproutScape/Content/Developers/NickvanLuyk/Collections/Core/Animations/2D/BeeBot_Idle/Idle_00036_Sprite.uasset" 5989
"F:/GitHub/SproutScape/SproutScape/Content/Developers/NickvanLuyk/Collections/Core/Animations/2D/BeeBot_Idle/Idle_00036_Sprite.uexp" 5990
"F:/GitHub/SproutScape/SproutScape/Content/Developers/NickvanLuyk/Collections/Core/Animations/2D/BeeBot_Idle/Idle_00037_Sprite.uasset" 5991
"F:/GitHub/SproutScape/SproutScape/Content/Developers/NickvanLuyk/Collections/Core/Animations/2D/BeeBot_Idle/Idle_00037_Sprite.uexp" 5992
"F:/GitHub/SproutScape/SproutScape/Content/Developers/NickvanLuyk/Collections/Core/Animations/2D/BeeBot_Idle/Idle_00038_Sprite.uasset" 5993
"F:/GitHub/SproutScape/SproutScape/Content/Developers/NickvanLuyk/Collections/Core/Animations/2D/BeeBot_Idle/Idle_00038_Sprite.uexp" 5994
"F:/GitHub/SproutScape/SproutScape/Content/Developers/NickvanLuyk/Collections/Core/Animations/2D/BeeBot_Idle/Idle_00039_Sprite.uasset" 5995
"F:/GitHub/SproutScape/SproutScape/Content/Developers/NickvanLuyk/Collections/Core/Animations/2D/BeeBot_Idle/Idle_00039_Sprite.uexp" 5996
"F:/GitHub/SproutScape/SproutScape/Content/Developers/NickvanLuyk/Collections/Core/Animations/2D/BeeBot_Idle/Idle_00040_Sprite.uasset" 5997
"F:/GitHub/SproutScape/SproutScape/Content/Developers/NickvanLuyk/Collections/Core/Animations/2D/BeeBot_Idle/Idle_00040_Sprite.uexp" 5998
"F:/GitHub/SproutScape/SproutScape/Content/Developers/NickvanLuyk/Collections/Core/Animations/2D/BeeBot_Idle/Idle_00041_Sprite.uasset" 5999
"F:/GitHub/SproutScape/SproutScape/Content/Developers/NickvanLuyk/Collections/Core/Animations/2D/BeeBot_Idle/Idle_00041_Sprite.uexp" 6000
"F:/GitHub/SproutScape/SproutScape/Content/Developers/NickvanLuyk/Collections/Core/Animations/2D/BeeBot_Idle/Idle_00042_Sprite.uasset" 6001
"F:/GitHub/SproutScape/SproutScape/Content/Developers/NickvanLuyk/Collections/Core/Animations/2D/BeeBot_Idle/Idle_00042_Sprite.uexp" 6002
"F:/GitHub/SproutScape/SproutScape/Content/Developers/NickvanLuyk/Collections/Core/Animations/2D/BeeBot_Idle/Idle_00043_Sprite.uasset" 6003
"F:/GitHub/SproutScape/SproutScape/Content/Developers/NickvanLuyk/Collections/Core/Animations/2D/BeeBot_Idle/Idle_00043_Sprite.uexp" 6004
"F:/GitHub/SproutScape/SproutScape/Content/Developers/NickvanLuyk/Collections/Core/Animations/2D/BeeBot_Idle/Idle_00044_Sprite.uasset" 6005
"F:/GitHub/SproutScape/SproutScape/Content/Developers/NickvanLuyk/Collections/Core/Animations/2D/BeeBot_Idle/Idle_00044_Sprite.uexp" 6006
"F:/GitHub/SproutScape/SproutScape/Content/Developers/NickvanLuyk/Collections/Core/Animations/2D/BeeBot_Idle/Idle_00045_Sprite.uasset" 6007
"F:/GitHub/SproutScape/SproutScape/Content/Developers/NickvanLuyk/Collections/Core/Animations/2D/BeeBot_Idle/Idle_00045_Sprite.uexp" 6008
"F:/GitHub/SproutScape/SproutScape/Content/Developers/NickvanLuyk/Collections/Core/Animations/2D/BeeBot_Idle/Idle_00046_Sprite.uasset" 6009
"F:/GitHub/SproutScape/SproutScape/Content/Developers/NickvanLuyk/Collections/Core/Animations/2D/BeeBot_Idle/Idle_00046_Sprite.uexp" 6010
"F:/GitHub/SproutScape/SproutScape/Content/Developers/NickvanLuyk/Collections/Core/Animations/2D/BeeBot_Idle/Idle_00047_Sprite.uasset" 6011
"F:/GitHub/SproutScape/SproutScape/Content/Developers/NickvanLuyk/Collections/Core/Animations/2D/BeeBot_Idle/Idle_00047_Sprite.uexp" 6012
"F:/GitHub/SproutScape/SproutScape/Content/Developers/NickvanLuyk/Collections/Core/Animations/2D/BeeBot_Idle/Idle_00048_Sprite.uasset" 6013
"F:/GitHub/SproutScape/SproutScape/Content/Developers/NickvanLuyk/Collections/Core/Animations/2D/BeeBot_Idle/Idle_00048_Sprite.uexp" 6014
"F:/GitHub/SproutScape/SproutScape/Content/Developers/NickvanLuyk/Collections/Core/Animations/2D/BeeBot_Idle/Idle_00049_Sprite.uasset" 6015
"F:/GitHub/SproutScape/SproutScape/Content/Developers/NickvanLuyk/Collections/Core/Animations/2D/BeeBot_Idle/Idle_00049_Sprite.uexp" 6016
"F:/GitHub/SproutScape/SproutScape/Content/Developers/NickvanLuyk/Collections/Core/Animations/2D/BeeBot_Idle/Idle_00050_Sprite.uasset" 6017
"F:/GitHub/SproutScape/SproutScape/Content/Developers/NickvanLuyk/Collections/Core/Animations/2D/BeeBot_Idle/Idle_00050_Sprite.uexp" 6018
"F:/GitHub/SproutScape/SproutScape/Content/Developers/NickvanLuyk/Collections/Core/Animations/2D/BeeBot_Idle/Idle_00051_Sprite.uasset" 6019
"F:/GitHub/SproutScape/SproutScape/Content/Developers/NickvanLuyk/Collections/Core/Animations/2D/BeeBot_Idle/Idle_00051_Sprite.uexp" 6020
"F:/GitHub/SproutScape/SproutScape/Content/Developers/NickvanLuyk/Collections/Core/Animations/2D/BeeBot_Idle/Idle_00052_Sprite.uasset" 6021
"F:/GitHub/SproutScape/SproutScape/Content/Developers/NickvanLuyk/Collections/Core/Animations/2D/BeeBot_Idle/Idle_00052_Sprite.uexp" 6022
"F:/GitHub/SproutScape/SproutScape/Content/Developers/NickvanLuyk/Collections/Core/Animations/2D/BeeBot_Idle/Idle_00053_Sprite.uasset" 6023
"F:/GitHub/SproutScape/SproutScape/Content/Developers/NickvanLuyk/Collections/Core/Animations/2D/BeeBot_Idle/Idle_00053_Sprite.uexp" 6024
"F:/GitHub/SproutScape/SproutScape/Content/Developers/NickvanLuyk/Collections/Core/Animations/2D/BeeBot_Idle/Idle_00054_Sprite.uasset" 6025
"F:/GitHub/SproutScape/SproutScape/Content/Developers/NickvanLuyk/Collections/Core/Animations/2D/BeeBot_Idle/Idle_00054_Sprite.uexp" 6026
"F:/GitHub/SproutScape/SproutScape/Content/Developers/NickvanLuyk/Collections/Core/Animations/2D/BeeBot_Idle/Idle_00055_Sprite.uasset" 6027
"F:/GitHub/SproutScape/SproutScape/Content/Developers/NickvanLuyk/Collections/Core/Animations/2D/BeeBot_Idle/Idle_00055_Sprite.uexp" 6028
"F:/GitHub/SproutScape/SproutScape/Content/Developers/NickvanLuyk/Collections/Core/Animations/2D/BeeBot_Idle/Idle_00056_Sprite.uasset" 6029
"F:/GitHub/SproutScape/SproutScape/Content/Developers/NickvanLuyk/Collections/Core/Animations/2D/BeeBot_Idle/Idle_00056_Sprite.uexp" 6030
"F:/GitHub/SproutScape/SproutScape/Content/Developers/NickvanLuyk/Collections/Core/Animations/2D/BeeBot_Idle/Idle_00057_Sprite.uasset" 6031
"F:/GitHub/SproutScape/SproutScape/Content/Developers/NickvanLuyk/Collections/Core/Animations/2D/BeeBot_Idle/Idle_00057_Sprite.uexp" 6032
"F:/GitHub/SproutScape/SproutScape/Content/Developers/NickvanLuyk/Collections/Core/Animations/2D/BeeBot_Idle/Idle_00058_Sprite.uasset" 6033
"F:/GitHub/SproutScape/SproutScape/Content/Developers/NickvanLuyk/Collections/Core/Animations/2D/BeeBot_Idle/Idle_00058_Sprite.uexp" 6034
"F:/GitHub/SproutScape/SproutScape/Content/Developers/NickvanLuyk/Collections/Core/Animations/2D/BeeBot_Idle/Idle_00059_Sprite.uasset" 6035
"F:/GitHub/SproutScape/SproutScape/Content/Developers/NickvanLuyk/Collections/Core/Animations/2D/BeeBot_Idle/Idle_00059_Sprite.uexp" 6036
"F:/GitHub/SproutScape/SproutScape/Content/Developers/NickvanLuyk/Collections/Core/Animations/2D/BeeBot_Idle/Idle_00060_Sprite.uasset" 6037
"F:/GitHub/SproutScape/SproutScape/Content/Developers/NickvanLuyk/Collections/Core/Animations/2D/BeeBot_Idle/Idle_00060_Sprite.uexp" 6038
"F:/GitHub/SproutScape/SproutScape/Content/Developers/NickvanLuyk/Collections/Core/Animations/2D/BeeBot_JumpDown/Jump_Down_00000.uasset" 6039
"F:/GitHub/SproutScape/SproutScape/Content/Developers/NickvanLuyk/Collections/Core/Animations/2D/BeeBot_JumpDown/Jump_Down_00000.uexp" 6040
"F:/GitHub/SproutScape/SproutScape/Content/Developers/NickvanLuyk/Collections/Core/Animations/2D/BeeBot_JumpDown/Jump_Down_00000_Sprite.uasset" 6041
"F:/GitHub/SproutScape/SproutScape/Content/Developers/NickvanLuyk/Collections/Core/Animations/2D/BeeBot_JumpDown/Jump_Down_00000_Sprite.uexp" 6042
"F:/GitHub/SproutScape/SproutScape/Content/Developers/NickvanLuyk/Collections/Core/Animations/2D/BeeBot_JumpDown/Jump_Down_00001.uasset" 6043
"F:/GitHub/SproutScape/SproutScape/Content/Developers/NickvanLuyk/Collections/Core/Animations/2D/BeeBot_JumpDown/Jump_Down_00001.uexp" 6044
"F:/GitHub/SproutScape/SproutScape/Content/Developers/NickvanLuyk/Collections/Core/Animations/2D/BeeBot_JumpDown/Jump_Down_00001_Sprite.uasset" 6045
"F:/GitHub/SproutScape/SproutScape/Content/Developers/NickvanLuyk/Collections/Core/Animations/2D/BeeBot_JumpDown/Jump_Down_00001_Sprite.uexp" 6046
"F:/GitHub/SproutScape/SproutScape/Content/Developers/NickvanLuyk/Collections/Core/Animations/2D/BeeBot_JumpDown/Jump_Down_00002.uasset" 6047
"F:/GitHub/SproutScape/SproutScape/Content/Developers/NickvanLuyk/Collections/Core/Animations/2D/BeeBot_JumpDown/Jump_Down_00002.uexp" 6048
"F:/GitHub/SproutScape/SproutScape/Content/Developers/NickvanLuyk/Collections/Core/Animations/2D/BeeBot_JumpDown/Jump_Down_00002_Sprite.uasset" 6049
"F:/GitHub/SproutScape/SproutScape/Content/Developers/NickvanLuyk/Collections/Core/Animations/2D/BeeBot_JumpDown/Jump_Down_00002_Sprite.uexp" 6050
"F:/GitHub/SproutScape/SproutScape/Content/Developers/NickvanLuyk/Collections/Core/Animations/2D/BeeBot_JumpDown/Jump_Down_00003.uasset" 6051
"F:/GitHub/SproutScape/SproutScape/Content/Developers/NickvanLuyk/Collections/Core/Animations/2D/BeeBot_JumpDown/Jump_Down_00003.uexp" 6052
"F:/GitHub/SproutScape/SproutScape/Content/Developers/NickvanLuyk/Collections/Core/Animations/2D/BeeBot_JumpDown/Jump_Down_00003_Sprite.uasset" 6053
"F:/GitHub/SproutScape/SproutScape/Content/Developers/NickvanLuyk/Collections/Core/Animations/2D/BeeBot_JumpDown/Jump_Down_00003_Sprite.uexp" 6054
"F:/GitHub/SproutScape/SproutScape/Content/Developers/NickvanLuyk/Collections/Core/Animations/2D/BeeBot_JumpDown/Jump_Down_00004.uasset" 6055
"F:/GitHub/SproutScape/SproutScape/Content/Developers/NickvanLuyk/Collections/Core/Animations/2D/BeeBot_JumpDown/Jump_Down_00004.uexp" 6056
"F:/GitHub/SproutScape/SproutScape/Content/Developers/NickvanLuyk/Collections/Core/Animations/2D/BeeBot_JumpDown/Jump_Down_00004_Sprite.uasset" 6057
"F:/GitHub/SproutScape/SproutScape/Content/Developers/NickvanLuyk/Collections/Core/Animations/2D/BeeBot_JumpDown/Jump_Down_00004_Sprite.uexp" 6058
"F:/GitHub/SproutScape/SproutScape/Content/Developers/NickvanLuyk/Collections/Core/Animations/2D/BeeBot_JumpDown/Jump_Down_00005.uasset" 6059
"F:/GitHub/SproutScape/SproutScape/Content/Developers/NickvanLuyk/Collections/Core/Animations/2D/BeeBot_JumpDown/Jump_Down_00005.uexp" 6060
"F:/GitHub/SproutScape/SproutScape/Content/Developers/NickvanLuyk/Collections/Core/Animations/2D/BeeBot_JumpDown/Jump_Down_00005_Sprite.uasset" 6061
"F:/GitHub/SproutScape/SproutScape/Content/Developers/NickvanLuyk/Collections/Core/Animations/2D/BeeBot_JumpDown/Jump_Down_00005_Sprite.uexp" 6062
"F:/GitHub/SproutScape/SproutScape/Content/Developers/NickvanLuyk/Collections/Core/Animations/2D/BeeBot_JumpDown/Jump_Down_00006.uasset" 6063
"F:/GitHub/SproutScape/SproutScape/Content/Developers/NickvanLuyk/Collections/Core/Animations/2D/BeeBot_JumpDown/Jump_Down_00006.uexp" 6064
"F:/GitHub/SproutScape/SproutScape/Content/Developers/NickvanLuyk/Collections/Core/Animations/2D/BeeBot_JumpDown/Jump_Down_00006_Sprite.uasset" 6065
"F:/GitHub/SproutScape/SproutScape/Content/Developers/NickvanLuyk/Collections/Core/Animations/2D/BeeBot_JumpDown/Jump_Down_00006_Sprite.uexp" 6066
"F:/GitHub/SproutScape/SproutScape/Content/Developers/NickvanLuyk/Collections/Core/Animations/2D/BeeBot_JumpDown/Jump_Down_00007.uasset" 6067
"F:/GitHub/SproutScape/SproutScape/Content/Developers/NickvanLuyk/Collections/Core/Animations/2D/BeeBot_JumpDown/Jump_Down_00007.uexp" 6068
"F:/GitHub/SproutScape/SproutScape/Content/Developers/NickvanLuyk/Collections/Core/Animations/2D/BeeBot_JumpDown/Jump_Down_00007_Sprite.uasset" 6069
"F:/GitHub/SproutScape/SproutScape/Content/Developers/NickvanLuyk/Collections/Core/Animations/2D/BeeBot_JumpDown/Jump_Down_00007_Sprite.uexp" 6070
"F:/GitHub/SproutScape/SproutScape/Content/Developers/NickvanLuyk/Collections/Core/Animations/2D/BeeBot_JumpDown/Jump_Down_00008.uasset" 6071
"F:/GitHub/SproutScape/SproutScape/Content/Developers/NickvanLuyk/Collections/Core/Animations/2D/BeeBot_JumpDown/Jump_Down_00008.uexp" 6072
"F:/GitHub/SproutScape/SproutScape/Content/Developers/NickvanLuyk/Collections/Core/Animations/2D/BeeBot_JumpDown/Jump_Down_00008_Sprite.uasset" 6073
"F:/GitHub/SproutScape/SproutScape/Content/Developers/NickvanLuyk/Collections/Core/Animations/2D/BeeBot_JumpDown/Jump_Down_00008_Sprite.uexp" 6074
"F:/GitHub/SproutScape/SproutScape/Content/Developers/NickvanLuyk/Collections/Core/Animations/2D/BeeBot_JumpDown/Jump_Down_00009.uasset" 6075
"F:/GitHub/SproutScape/SproutScape/Content/Developers/NickvanLuyk/Collections/Core/Animations/2D/BeeBot_JumpDown/Jump_Down_00009.uexp" 6076
"F:/GitHub/SproutScape/SproutScape/Content/Developers/NickvanLuyk/Collections/Core/Animations/2D/BeeBot_JumpDown/Jump_Down_00009_Sprite.uasset" 6077
"F:/GitHub/SproutScape/SproutScape/Content/Developers/NickvanLuyk/Collections/Core/Animations/2D/BeeBot_JumpDown/Jump_Down_00009_Sprite.uexp" 6078
"F:/GitHub/SproutScape/SproutScape/Content/Developers/NickvanLuyk/Collections/Core/Animations/2D/BeeBot_JumpDown/Jump_Down_00010.uasset" 6079
"F:/GitHub/SproutScape/SproutScape/Content/Developers/NickvanLuyk/Collections/Core/Animations/2D/BeeBot_JumpDown/Jump_Down_00010.uexp" 6080
"F:/GitHub/SproutScape/SproutScape/Content/Developers/NickvanLuyk/Collections/Core/Animations/2D/BeeBot_JumpDown/Jump_Down_00010_Sprite.uasset" 6081
"F:/GitHub/SproutScape/SproutScape/Content/Developers/NickvanLuyk/Collections/Core/Animations/2D/BeeBot_JumpDown/Jump_Down_00010_Sprite.uexp" 6082
"F:/GitHub/SproutScape/SproutScape/Content/Developers/NickvanLuyk/Collections/Core/Animations/2D/BeeBot_JumpDown/Jump_Down_00011.uasset" 6083
"F:/GitHub/SproutScape/SproutScape/Content/Developers/NickvanLuyk/Collections/Core/Animations/2D/BeeBot_JumpDown/Jump_Down_00011.uexp" 6084
"F:/GitHub/SproutScape/SproutScape/Content/Developers/NickvanLuyk/Collections/Core/Animations/2D/BeeBot_JumpDown/Jump_Down_00011_Sprite.uasset" 6085
"F:/GitHub/SproutScape/SproutScape/Content/Developers/NickvanLuyk/Collections/Core/Animations/2D/BeeBot_JumpDown/Jump_Down_00011_Sprite.uexp" 6086
"F:/GitHub/SproutScape/SproutScape/Content/Developers/NickvanLuyk/Collections/Core/Animations/2D/BeeBot_JumpDown/Jump_Down_00012.uasset" 6087
"F:/GitHub/SproutScape/SproutScape/Content/Developers/NickvanLuyk/Collections/Core/Animations/2D/BeeBot_JumpDown/Jump_Down_00012.uexp" 6088
"F:/GitHub/SproutScape/SproutScape/Content/Developers/NickvanLuyk/Collections/Core/Animations/2D/BeeBot_JumpDown/Jump_Down_00012_Sprite.uasset" 6089
"F:/GitHub/SproutScape/SproutScape/Content/Developers/NickvanLuyk/Collections/Core/Animations/2D/BeeBot_JumpDown/Jump_Down_00012_Sprite.uexp" 6090
"F:/GitHub/SproutScape/SproutScape/Content/Developers/NickvanLuyk/Collections/Core/Animations/2D/BeeBot_JumpDown/Jump_Down_00013.uasset" 6091
"F:/GitHub/SproutScape/SproutScape/Content/Developers/NickvanLuyk/Collections/Core/Animations/2D/BeeBot_JumpDown/Jump_Down_00013.uexp" 6092
"F:/GitHub/SproutScape/SproutScape/Content/Developers/NickvanLuyk/Collections/Core/Animations/2D/BeeBot_JumpDown/Jump_Down_00013_Sprite.uasset" 6093
"F:/GitHub/SproutScape/SproutScape/Content/Developers/NickvanLuyk/Collections/Core/Animations/2D/BeeBot_JumpDown/Jump_Down_00013_Sprite.uexp" 6094
"F:/GitHub/SproutScape/SproutScape/Content/Developers/NickvanLuyk/Collections/Core/Animations/2D/BeeBot_JumpDown/Jump_Down_00014.uasset" 6095
"F:/GitHub/SproutScape/SproutScape/Content/Developers/NickvanLuyk/Collections/Core/Animations/2D/BeeBot_JumpDown/Jump_Down_00014.uexp" 6096
"F:/GitHub/SproutScape/SproutScape/Content/Developers/NickvanLuyk/Collections/Core/Animations/2D/BeeBot_JumpDown/Jump_Down_00014_Sprite.uasset" 6097
"F:/GitHub/SproutScape/SproutScape/Content/Developers/NickvanLuyk/Collections/Core/Animations/2D/BeeBot_JumpDown/Jump_Down_00014_Sprite.uexp" 6098
"F:/GitHub/SproutScape/SproutScape/Content/Developers/NickvanLuyk/Collections/Core/Animations/2D/BeeBot_JumpDown/Jump_Down_00015.uasset" 6099
"F:/GitHub/SproutScape/SproutScape/Content/Developers/NickvanLuyk/Collections/Core/Animations/2D/BeeBot_JumpDown/Jump_Down_00015.uexp" 6100
"F:/GitHub/SproutScape/SproutScape/Content/Developers/NickvanLuyk/Collections/Core/Animations/2D/BeeBot_JumpDown/Jump_Down_00015_Sprite.uasset" 6101
"F:/GitHub/SproutScape/SproutScape/Content/Developers/NickvanLuyk/Collections/Core/Animations/2D/BeeBot_JumpDown/Jump_Down_00015_Sprite.uexp" 6102
"F:/GitHub/SproutScape/SproutScape/Content/Developers/NickvanLuyk/Collections/Core/Animations/2D/BeeBot_JumpDown/Jump_Down_00016.uasset" 6103
"F:/GitHub/SproutScape/SproutScape/Content/Developers/NickvanLuyk/Collections/Core/Animations/2D/BeeBot_JumpDown/Jump_Down_00016.uexp" 6104
"F:/GitHub/SproutScape/SproutScape/Content/Developers/NickvanLuyk/Collections/Core/Animations/2D/BeeBot_JumpDown/Jump_Down_00016_Sprite.uasset" 6105
"F:/GitHub/SproutScape/SproutScape/Content/Developers/NickvanLuyk/Collections/Core/Animations/2D/BeeBot_JumpDown/Jump_Down_00016_Sprite.uexp" 6106
"F:/GitHub/SproutScape/SproutScape/Content/Developers/NickvanLuyk/Collections/Core/Animations/2D/BeeBot_JumpDown/Jump_Down_00017.uasset" 6107
"F:/GitHub/SproutScape/SproutScape/Content/Developers/NickvanLuyk/Collections/Core/Animations/2D/BeeBot_JumpDown/Jump_Down_00017.uexp" 6108
"F:/GitHub/SproutScape/SproutScape/Content/Developers/NickvanLuyk/Collections/Core/Animations/2D/BeeBot_JumpDown/Jump_Down_00017_Sprite.uasset" 6109
"F:/GitHub/SproutScape/SproutScape/Content/Developers/NickvanLuyk/Collections/Core/Animations/2D/BeeBot_JumpDown/Jump_Down_00017_Sprite.uexp" 6110
"F:/GitHub/SproutScape/SproutScape/Content/Developers/NickvanLuyk/Collections/Core/Animations/2D/BeeBot_JumpDown/Jump_Down_00018.uasset" 6111
"F:/GitHub/SproutScape/SproutScape/Content/Developers/NickvanLuyk/Collections/Core/Animations/2D/BeeBot_JumpDown/Jump_Down_00018.uexp" 6112
"F:/GitHub/SproutScape/SproutScape/Content/Developers/NickvanLuyk/Collections/Core/Animations/2D/BeeBot_JumpDown/Jump_Down_00018_Sprite.uasset" 6113
"F:/GitHub/SproutScape/SproutScape/Content/Developers/NickvanLuyk/Collections/Core/Animations/2D/BeeBot_JumpDown/Jump_Down_00018_Sprite.uexp" 6114
"F:/GitHub/SproutScape/SproutScape/Content/Developers/NickvanLuyk/Collections/Core/Animations/2D/BeeBot_JumpDown/Jump_Down_00019.uasset" 6115
"F:/GitHub/SproutScape/SproutScape/Content/Developers/NickvanLuyk/Collections/Core/Animations/2D/BeeBot_JumpDown/Jump_Down_00019.uexp" 6116
"F:/GitHub/SproutScape/SproutScape/Content/Developers/NickvanLuyk/Collections/Core/Animations/2D/BeeBot_JumpDown/Jump_Down_00019_Sprite.uasset" 6117
"F:/GitHub/SproutScape/SproutScape/Content/Developers/NickvanLuyk/Collections/Core/Animations/2D/BeeBot_JumpDown/Jump_Down_00019_Sprite.uexp" 6118
"F:/GitHub/SproutScape/SproutScape/Content/Developers/NickvanLuyk/Collections/Core/Animations/2D/BeeBot_JumpDown/Jump_Down_00020.uasset" 6119
"F:/GitHub/SproutScape/SproutScape/Content/Developers/NickvanLuyk/Collections/Core/Animations/2D/BeeBot_JumpDown/Jump_Down_00020.uexp" 6120
"F:/GitHub/SproutScape/SproutScape/Content/Developers/NickvanLuyk/Collections/Core/Animations/2D/BeeBot_JumpDown/Jump_Down_00020_Sprite.uasset" 6121
"F:/GitHub/SproutScape/SproutScape/Content/Developers/NickvanLuyk/Collections/Core/Animations/2D/BeeBot_JumpDown/Jump_Down_00020_Sprite.uexp" 6122
"F:/GitHub/SproutScape/SproutScape/Content/Developers/NickvanLuyk/Collections/Core/Animations/2D/BeeBot_JumpDown/Jump_Down_00021.uasset" 6123
"F:/GitHub/SproutScape/SproutScape/Content/Developers/NickvanLuyk/Collections/Core/Animations/2D/BeeBot_JumpDown/Jump_Down_00021.uexp" 6124
"F:/GitHub/SproutScape/SproutScape/Content/Developers/NickvanLuyk/Collections/Core/Animations/2D/BeeBot_JumpDown/Jump_Down_00021_Sprite.uasset" 6125
"F:/GitHub/SproutScape/SproutScape/Content/Developers/NickvanLuyk/Collections/Core/Animations/2D/BeeBot_JumpDown/Jump_Down_00021_Sprite.uexp" 6126
"F:/GitHub/SproutScape/SproutScape/Content/Developers/NickvanLuyk/Collections/Core/Animations/2D/BeeBot_JumpDown/Jump_Down_00022.uasset" 6127
"F:/GitHub/SproutScape/SproutScape/Content/Developers/NickvanLuyk/Collections/Core/Animations/2D/BeeBot_JumpDown/Jump_Down_00022.uexp" 6128
"F:/GitHub/SproutScape/SproutScape/Content/Developers/NickvanLuyk/Collections/Core/Animations/2D/BeeBot_JumpDown/Jump_Down_00022_Sprite.uasset" 6129
"F:/GitHub/SproutScape/SproutScape/Content/Developers/NickvanLuyk/Collections/Core/Animations/2D/BeeBot_JumpDown/Jump_Down_00022_Sprite.uexp" 6130
"F:/GitHub/SproutScape/SproutScape/Content/Developers/NickvanLuyk/Collections/Core/Animations/2D/BeeBot_JumpDown/Jump_Down_00023.uasset" 6131
"F:/GitHub/SproutScape/SproutScape/Content/Developers/NickvanLuyk/Collections/Core/Animations/2D/BeeBot_JumpDown/Jump_Down_00023.uexp" 6132
"F:/GitHub/SproutScape/SproutScape/Content/Developers/NickvanLuyk/Collections/Core/Animations/2D/BeeBot_JumpDown/Jump_Down_00023_Sprite.uasset" 6133
"F:/GitHub/SproutScape/SproutScape/Content/Developers/NickvanLuyk/Collections/Core/Animations/2D/BeeBot_JumpDown/Jump_Down_00023_Sprite.uexp" 6134
"F:/GitHub/SproutScape/SproutScape/Content/Developers/NickvanLuyk/Collections/Core/Animations/2D/BeeBot_JumpDown/Jump_Down_00024.uasset" 6135
"F:/GitHub/SproutScape/SproutScape/Content/Developers/NickvanLuyk/Collections/Core/Animations/2D/BeeBot_JumpDown/Jump_Down_00024.uexp" 6136
"F:/GitHub/SproutScape/SproutScape/Content/Developers/NickvanLuyk/Collections/Core/Animations/2D/BeeBot_JumpDown/Jump_Down_00024_Sprite.uasset" 6137
"F:/GitHub/SproutScape/SproutScape/Content/Developers/NickvanLuyk/Collections/Core/Animations/2D/BeeBot_JumpDown/Jump_Down_00024_Sprite.uexp" 6138
"F:/GitHub/SproutScape/SproutScape/Content/Developers/NickvanLuyk/Collections/Core/Animations/2D/BeeBot_JumpDown/Jump_Down_00025.uasset" 6139
"F:/GitHub/SproutScape/SproutScape/Content/Developers/NickvanLuyk/Collections/Core/Animations/2D/BeeBot_JumpDown/Jump_Down_00025.uexp" 6140
"F:/GitHub/SproutScape/SproutScape/Content/Developers/NickvanLuyk/Collections/Core/Animations/2D/BeeBot_JumpDown/Jump_Down_00025_Sprite.uasset" 6141
"F:/GitHub/SproutScape/SproutScape/Content/Developers/NickvanLuyk/Collections/Core/Animations/2D/BeeBot_JumpDown/Jump_Down_00025_Sprite.uexp" 6142
"F:/GitHub/SproutScape/SproutScape/Content/Developers/NickvanLuyk/Collections/Core/Animations/2D/BeeBot_JumpDown/Jump_Down_00026.uasset" 6143
"F:/GitHub/SproutScape/SproutScape/Content/Developers/NickvanLuyk/Collections/Core/Animations/2D/BeeBot_JumpDown/Jump_Down_00026.uexp" 6144
"F:/GitHub/SproutScape/SproutScape/Content/Developers/NickvanLuyk/Collections/Core/Animations/2D/BeeBot_JumpDown/Jump_Down_00026_Sprite.uasset" 6145
"F:/GitHub/SproutScape/SproutScape/Content/Developers/NickvanLuyk/Collections/Core/Animations/2D/BeeBot_JumpDown/Jump_Down_00026_Sprite.uexp" 6146
"F:/GitHub/SproutScape/SproutScape/Content/Developers/NickvanLuyk/Collections/Core/Animations/2D/BeeBot_JumpDown/Jump_Down_00027.uasset" 6147
"F:/GitHub/SproutScape/SproutScape/Content/Developers/NickvanLuyk/Collections/Core/Animations/2D/BeeBot_JumpDown/Jump_Down_00027.uexp" 6148
"F:/GitHub/SproutScape/SproutScape/Content/Developers/NickvanLuyk/Collections/Core/Animations/2D/BeeBot_JumpDown/Jump_Down_00027_Sprite.uasset" 6149
"F:/GitHub/SproutScape/SproutScape/Content/Developers/NickvanLuyk/Collections/Core/Animations/2D/BeeBot_JumpDown/Jump_Down_00027_Sprite.uexp" 6150
"F:/GitHub/SproutScape/SproutScape/Content/Developers/NickvanLuyk/Collections/Core/Animations/2D/BeeBot_JumpDown/Jump_Down_00028.uasset" 6151
"F:/GitHub/SproutScape/SproutScape/Content/Developers/NickvanLuyk/Collections/Core/Animations/2D/BeeBot_JumpDown/Jump_Down_00028.uexp" 6152
"F:/GitHub/SproutScape/SproutScape/Content/Developers/NickvanLuyk/Collections/Core/Animations/2D/BeeBot_JumpDown/Jump_Down_00028_Sprite.uasset" 6153
"F:/GitHub/SproutScape/SproutScape/Content/Developers/NickvanLuyk/Collections/Core/Animations/2D/BeeBot_JumpDown/Jump_Down_00028_Sprite.uexp" 6154
"F:/GitHub/SproutScape/SproutScape/Content/Developers/NickvanLuyk/Collections/Core/Animations/2D/BeeBot_JumpDown/Jump_Down_00029.uasset" 6155
"F:/GitHub/SproutScape/SproutScape/Content/Developers/NickvanLuyk/Collections/Core/Animations/2D/BeeBot_JumpDown/Jump_Down_00029.uexp" 6156
"F:/GitHub/SproutScape/SproutScape/Content/Developers/NickvanLuyk/Collections/Core/Animations/2D/BeeBot_JumpDown/Jump_Down_00029_Sprite.uasset" 6157
"F:/GitHub/SproutScape/SproutScape/Content/Developers/NickvanLuyk/Collections/Core/Animations/2D/BeeBot_JumpDown/Jump_Down_00029_Sprite.uexp" 6158
"F:/GitHub/SproutScape/SproutScape/Content/Developers/NickvanLuyk/Collections/Core/Animations/2D/BeeBot_JumpDown/Jump_Down_00030.uasset" 6159
"F:/GitHub/SproutScape/SproutScape/Content/Developers/NickvanLuyk/Collections/Core/Animations/2D/BeeBot_JumpDown/Jump_Down_00030.uexp" 6160
"F:/GitHub/SproutScape/SproutScape/Content/Developers/NickvanLuyk/Collections/Core/Animations/2D/BeeBot_JumpDown/Jump_Down_00030_Sprite.uasset" 6161
"F:/GitHub/SproutScape/SproutScape/Content/Developers/NickvanLuyk/Collections/Core/Animations/2D/BeeBot_JumpDown/Jump_Down_00030_Sprite.uexp" 6162
"F:/GitHub/SproutScape/SproutScape/Content/Developers/NickvanLuyk/Collections/Core/Animations/2D/BeeBot_JumpDown/Jump_Down_00031.uasset" 6163
"F:/GitHub/SproutScape/SproutScape/Content/Developers/NickvanLuyk/Collections/Core/Animations/2D/BeeBot_JumpDown/Jump_Down_00031.uexp" 6164
"F:/GitHub/SproutScape/SproutScape/Content/Developers/NickvanLuyk/Collections/Core/Animations/2D/BeeBot_JumpDown/Jump_Down_00031_Sprite.uasset" 6165
"F:/GitHub/SproutScape/SproutScape/Content/Developers/NickvanLuyk/Collections/Core/Animations/2D/BeeBot_JumpDown/Jump_Down_00031_Sprite.uexp" 6166
"F:/GitHub/SproutScape/SproutScape/Content/Developers/NickvanLuyk/Collections/Core/Animations/2D/BeeBot_JumpDown/Jump_Down_00032.uasset" 6167
"F:/GitHub/SproutScape/SproutScape/Content/Developers/NickvanLuyk/Collections/Core/Animations/2D/BeeBot_JumpDown/Jump_Down_00032.uexp" 6168
"F:/GitHub/SproutScape/SproutScape/Content/Developers/NickvanLuyk/Collections/Core/Animations/2D/BeeBot_JumpDown/Jump_Down_00032_Sprite.uasset" 6169
"F:/GitHub/SproutScape/SproutScape/Content/Developers/NickvanLuyk/Collections/Core/Animations/2D/BeeBot_JumpDown/Jump_Down_00032_Sprite.uexp" 6170
"F:/GitHub/SproutScape/SproutScape/Content/Developers/NickvanLuyk/Collections/Core/Animations/2D/BeeBot_JumpDown/Jump_Down_00033.uasset" 6171
"F:/GitHub/SproutScape/SproutScape/Content/Developers/NickvanLuyk/Collections/Core/Animations/2D/BeeBot_JumpDown/Jump_Down_00033.uexp" 6172
"F:/GitHub/SproutScape/SproutScape/Content/Developers/NickvanLuyk/Collections/Core/Animations/2D/BeeBot_JumpDown/Jump_Down_00033_Sprite.uasset" 6173
"F:/GitHub/SproutScape/SproutScape/Content/Developers/NickvanLuyk/Collections/Core/Animations/2D/BeeBot_JumpDown/Jump_Down_00033_Sprite.uexp" 6174
"F:/GitHub/SproutScape/SproutScape/Content/Developers/NickvanLuyk/Collections/Core/Animations/2D/BeeBot_JumpDown/Jump_Down_00034.uasset" 6175
"F:/GitHub/SproutScape/SproutScape/Content/Developers/NickvanLuyk/Collections/Core/Animations/2D/BeeBot_JumpDown/Jump_Down_00034.uexp" 6176
"F:/GitHub/SproutScape/SproutScape/Content/Developers/NickvanLuyk/Collections/Core/Animations/2D/BeeBot_JumpDown/Jump_Down_00034_Sprite.uasset" 6177
"F:/GitHub/SproutScape/SproutScape/Content/Developers/NickvanLuyk/Collections/Core/Animations/2D/BeeBot_JumpDown/Jump_Down_00034_Sprite.uexp" 6178
"F:/GitHub/SproutScape/SproutScape/Content/Developers/NickvanLuyk/Collections/Core/Animations/2D/BeeBot_JumpDown/Jump_Down_00035.uasset" 6179
"F:/GitHub/SproutScape/SproutScape/Content/Developers/NickvanLuyk/Collections/Core/Animations/2D/BeeBot_JumpDown/Jump_Down_00035.uexp" 6180
"F:/GitHub/SproutScape/SproutScape/Content/Developers/NickvanLuyk/Collections/Core/Animations/2D/BeeBot_JumpDown/Jump_Down_00035_Sprite.uasset" 6181
"F:/GitHub/SproutScape/SproutScape/Content/Developers/NickvanLuyk/Collections/Core/Animations/2D/BeeBot_JumpDown/Jump_Down_00035_Sprite.uexp" 6182
"F:/GitHub/SproutScape/SproutScape/Content/Developers/NickvanLuyk/Collections/Core/Animations/2D/BeeBot_JumpDown/Jump_Down_00036.uasset" 6183
"F:/GitHub/SproutScape/SproutScape/Content/Developers/NickvanLuyk/Collections/Core/Animations/2D/BeeBot_JumpDown/Jump_Down_00036.uexp" 6184
"F:/GitHub/SproutScape/SproutScape/Content/Developers/NickvanLuyk/Collections/Core/Animations/2D/BeeBot_JumpDown/Jump_Down_00036_Sprite.uasset" 6185
"F:/GitHub/SproutScape/SproutScape/Content/Developers/NickvanLuyk/Collections/Core/Animations/2D/BeeBot_JumpDown/Jump_Down_00036_Sprite.uexp" 6186
"F:/GitHub/SproutScape/SproutScape/Content/Developers/NickvanLuyk/Collections/Core/Animations/2D/BeeBot_JumpDown/Jump_Down_00037.uasset" 6187
"F:/GitHub/SproutScape/SproutScape/Content/Developers/NickvanLuyk/Collections/Core/Animations/2D/BeeBot_JumpDown/Jump_Down_00037.uexp" 6188
"F:/GitHub/SproutScape/SproutScape/Content/Developers/NickvanLuyk/Collections/Core/Animations/2D/BeeBot_JumpDown/Jump_Down_00037_Sprite.uasset" 6189
"F:/GitHub/SproutScape/SproutScape/Content/Developers/NickvanLuyk/Collections/Core/Animations/2D/BeeBot_JumpDown/Jump_Down_00037_Sprite.uexp" 6190
"F:/GitHub/SproutScape/SproutScape/Content/Developers/NickvanLuyk/Collections/Core/Animations/2D/BeeBot_JumpDown/Jump_Down_00038.uasset" 6191
"F:/GitHub/SproutScape/SproutScape/Content/Developers/NickvanLuyk/Collections/Core/Animations/2D/BeeBot_JumpDown/Jump_Down_00038.uexp" 6192
"F:/GitHub/SproutScape/SproutScape/Content/Developers/NickvanLuyk/Collections/Core/Animations/2D/BeeBot_JumpDown/Jump_Down_00038_Sprite.uasset" 6193
"F:/GitHub/SproutScape/SproutScape/Content/Developers/NickvanLuyk/Collections/Core/Animations/2D/BeeBot_JumpDown/Jump_Down_00038_Sprite.uexp" 6194
"F:/GitHub/SproutScape/SproutScape/Content/Developers/NickvanLuyk/Collections/Core/Animations/2D/BeeBot_JumpDown/Jump_Down_00039.uasset" 6195
"F:/GitHub/SproutScape/SproutScape/Content/Developers/NickvanLuyk/Collections/Core/Animations/2D/BeeBot_JumpDown/Jump_Down_00039.uexp" 6196
"F:/GitHub/SproutScape/SproutScape/Content/Developers/NickvanLuyk/Collections/Core/Animations/2D/BeeBot_JumpDown/Jump_Down_00039_Sprite.uasset" 6197
"F:/GitHub/SproutScape/SproutScape/Content/Developers/NickvanLuyk/Collections/Core/Animations/2D/BeeBot_JumpDown/Jump_Down_00039_Sprite.uexp" 6198
"F:/GitHub/SproutScape/SproutScape/Content/Developers/NickvanLuyk/Collections/Core/Animations/2D/BeeBot_JumpDown/Jump_Down_00040.uasset" 6199
"F:/GitHub/SproutScape/SproutScape/Content/Developers/NickvanLuyk/Collections/Core/Animations/2D/BeeBot_JumpDown/Jump_Down_00040.uexp" 6200
"F:/GitHub/SproutScape/SproutScape/Content/Developers/NickvanLuyk/Collections/Core/Animations/2D/BeeBot_JumpDown/Jump_Down_00040_Sprite.uasset" 6201
"F:/GitHub/SproutScape/SproutScape/Content/Developers/NickvanLuyk/Collections/Core/Animations/2D/BeeBot_JumpDown/Jump_Down_00040_Sprite.uexp" 6202
"F:/GitHub/SproutScape/SproutScape/Content/Developers/NickvanLuyk/Collections/Core/Animations/2D/BeeBot_JumpDown/Jump_Down_00041.uasset" 6203
"F:/GitHub/SproutScape/SproutScape/Content/Developers/NickvanLuyk/Collections/Core/Animations/2D/BeeBot_JumpDown/Jump_Down_00041.uexp" 6204
"F:/GitHub/SproutScape/SproutScape/Content/Developers/NickvanLuyk/Collections/Core/Animations/2D/BeeBot_JumpDown/Jump_Down_00041_Sprite.uasset" 6205
"F:/GitHub/SproutScape/SproutScape/Content/Developers/NickvanLuyk/Collections/Core/Animations/2D/BeeBot_JumpDown/Jump_Down_00041_Sprite.uexp" 6206
"F:/GitHub/SproutScape/SproutScape/Content/Developers/NickvanLuyk/Collections/Core/Animations/2D/BeeBot_JumpDown/Jump_Down_00042.uasset" 6207
"F:/GitHub/SproutScape/SproutScape/Content/Developers/NickvanLuyk/Collections/Core/Animations/2D/BeeBot_JumpDown/Jump_Down_00042.uexp" 6208
"F:/GitHub/SproutScape/SproutScape/Content/Developers/NickvanLuyk/Collections/Core/Animations/2D/BeeBot_JumpDown/Jump_Down_00042_Sprite.uasset" 6209
"F:/GitHub/SproutScape/SproutScape/Content/Developers/NickvanLuyk/Collections/Core/Animations/2D/BeeBot_JumpDown/Jump_Down_00042_Sprite.uexp" 6210
"F:/GitHub/SproutScape/SproutScape/Content/Developers/NickvanLuyk/Collections/Core/Animations/2D/BeeBot_JumpDown/Jump_Down_00043.uasset" 6211
"F:/GitHub/SproutScape/SproutScape/Content/Developers/NickvanLuyk/Collections/Core/Animations/2D/BeeBot_JumpDown/Jump_Down_00043.uexp" 6212
"F:/GitHub/SproutScape/SproutScape/Content/Developers/NickvanLuyk/Collections/Core/Animations/2D/BeeBot_JumpDown/Jump_Down_00043_Sprite.uasset" 6213
"F:/GitHub/SproutScape/SproutScape/Content/Developers/NickvanLuyk/Collections/Core/Animations/2D/BeeBot_JumpDown/Jump_Down_00043_Sprite.uexp" 6214
"F:/GitHub/SproutScape/SproutScape/Content/Developers/NickvanLuyk/Collections/Core/Animations/2D/BeeBot_JumpDown/Jump_Down_00044.uasset" 6215
"F:/GitHub/SproutScape/SproutScape/Content/Developers/NickvanLuyk/Collections/Core/Animations/2D/BeeBot_JumpDown/Jump_Down_00044.uexp" 6216
"F:/GitHub/SproutScape/SproutScape/Content/Developers/NickvanLuyk/Collections/Core/Animations/2D/BeeBot_JumpDown/Jump_Down_00044_Sprite.uasset" 6217
"F:/GitHub/SproutScape/SproutScape/Content/Developers/NickvanLuyk/Collections/Core/Animations/2D/BeeBot_JumpDown/Jump_Down_00044_Sprite.uexp" 6218
"F:/GitHub/SproutScape/SproutScape/Content/Developers/NickvanLuyk/Collections/Core/Animations/2D/BeeBot_JumpDown/Jump_Down_00045.uasset" 6219
"F:/GitHub/SproutScape/SproutScape/Content/Developers/NickvanLuyk/Collections/Core/Animations/2D/BeeBot_JumpDown/Jump_Down_00045.uexp" 6220
"F:/GitHub/SproutScape/SproutScape/Content/Developers/NickvanLuyk/Collections/Core/Animations/2D/BeeBot_JumpDown/Jump_Down_00045_Sprite.uasset" 6221
"F:/GitHub/SproutScape/SproutScape/Content/Developers/NickvanLuyk/Collections/Core/Animations/2D/BeeBot_JumpDown/Jump_Down_00045_Sprite.uexp" 6222
"F:/GitHub/SproutScape/SproutScape/Content/Developers/NickvanLuyk/Collections/Core/Animations/2D/BeeBot_JumpDown/Jump_Down_00046.uasset" 6223
"F:/GitHub/SproutScape/SproutScape/Content/Developers/NickvanLuyk/Collections/Core/Animations/2D/BeeBot_JumpDown/Jump_Down_00046.uexp" 6224
"F:/GitHub/SproutScape/SproutScape/Content/Developers/NickvanLuyk/Collections/Core/Animations/2D/BeeBot_JumpDown/Jump_Down_00046_Sprite.uasset" 6225
"F:/GitHub/SproutScape/SproutScape/Content/Developers/NickvanLuyk/Collections/Core/Animations/2D/BeeBot_JumpDown/Jump_Down_00046_Sprite.uexp" 6226
"F:/GitHub/SproutScape/SproutScape/Content/Developers/NickvanLuyk/Collections/Core/Animations/2D/BeeBot_JumpDown/Jump_Down_00047.uasset" 6227
"F:/GitHub/SproutScape/SproutScape/Content/Developers/NickvanLuyk/Collections/Core/Animations/2D/BeeBot_JumpDown/Jump_Down_00047.uexp" 6228
"F:/GitHub/SproutScape/SproutScape/Content/Developers/NickvanLuyk/Collections/Core/Animations/2D/BeeBot_JumpDown/Jump_Down_00047_Sprite.uasset" 6229
"F:/GitHub/SproutScape/SproutScape/Content/Developers/NickvanLuyk/Collections/Core/Animations/2D/BeeBot_JumpDown/Jump_Down_00047_Sprite.uexp" 6230
"F:/GitHub/SproutScape/SproutScape/Content/Developers/NickvanLuyk/Collections/Core/Animations/2D/BeeBot_JumpDown/Jump_Down_00048.uasset" 6231
"F:/GitHub/SproutScape/SproutScape/Content/Developers/NickvanLuyk/Collections/Core/Animations/2D/BeeBot_JumpDown/Jump_Down_00048.uexp" 6232
"F:/GitHub/SproutScape/SproutScape/Content/Developers/NickvanLuyk/Collections/Core/Animations/2D/BeeBot_JumpDown/Jump_Down_00048_Sprite.uasset" 6233
"F:/GitHub/SproutScape/SproutScape/Content/Developers/NickvanLuyk/Collections/Core/Animations/2D/BeeBot_JumpDown/Jump_Down_00048_Sprite.uexp" 6234
"F:/GitHub/SproutScape/SproutScape/Content/Developers/NickvanLuyk/Collections/Core/Animations/2D/BeeBot_JumpDown/Jump_Down_00049.uasset" 6235
"F:/GitHub/SproutScape/SproutScape/Content/Developers/NickvanLuyk/Collections/Core/Animations/2D/BeeBot_JumpDown/Jump_Down_00049.uexp" 6236
"F:/GitHub/SproutScape/SproutScape/Content/Developers/NickvanLuyk/Collections/Core/Animations/2D/BeeBot_JumpDown/Jump_Down_00049_Sprite.uasset" 6237
"F:/GitHub/SproutScape/SproutScape/Content/Developers/NickvanLuyk/Collections/Core/Animations/2D/BeeBot_JumpDown/Jump_Down_00049_Sprite.uexp" 6238
"F:/GitHub/SproutScape/SproutScape/Content/Developers/NickvanLuyk/Collections/Core/Animations/2D/BeeBot_JumpDown/Jump_Down_00050.uasset" 6239
"F:/GitHub/SproutScape/SproutScape/Content/Developers/NickvanLuyk/Collections/Core/Animations/2D/BeeBot_JumpDown/Jump_Down_00050.uexp" 6240
"F:/GitHub/SproutScape/SproutScape/Content/Developers/NickvanLuyk/Collections/Core/Animations/2D/BeeBot_JumpDown/Jump_Down_00050_Sprite.uasset" 6241
"F:/GitHub/SproutScape/SproutScape/Content/Developers/NickvanLuyk/Collections/Core/Animations/2D/BeeBot_JumpDown/Jump_Down_00050_Sprite.uexp" 6242
"F:/GitHub/SproutScape/SproutScape/Content/Developers/NickvanLuyk/Collections/Core/Animations/2D/BeeBot_JumpDown/Jump_Down_00051.uasset" 6243
"F:/GitHub/SproutScape/SproutScape/Content/Developers/NickvanLuyk/Collections/Core/Animations/2D/BeeBot_JumpDown/Jump_Down_00051.uexp" 6244
"F:/GitHub/SproutScape/SproutScape/Content/Developers/NickvanLuyk/Collections/Core/Animations/2D/BeeBot_JumpDown/Jump_Down_00051_Sprite.uasset" 6245
"F:/GitHub/SproutScape/SproutScape/Content/Developers/NickvanLuyk/Collections/Core/Animations/2D/BeeBot_JumpDown/Jump_Down_00051_Sprite.uexp" 6246
"F:/GitHub/SproutScape/SproutScape/Content/Developers/NickvanLuyk/Collections/Core/Animations/2D/BeeBot_JumpDown/Jump_Down_00052.uasset" 6247
"F:/GitHub/SproutScape/SproutScape/Content/Developers/NickvanLuyk/Collections/Core/Animations/2D/BeeBot_JumpDown/Jump_Down_00052.uexp" 6248
"F:/GitHub/SproutScape/SproutScape/Content/Developers/NickvanLuyk/Collections/Core/Animations/2D/BeeBot_JumpDown/Jump_Down_00052_Sprite.uasset" 6249
"F:/GitHub/SproutScape/SproutScape/Content/Developers/NickvanLuyk/Collections/Core/Animations/2D/BeeBot_JumpDown/Jump_Down_00052_Sprite.uexp" 6250
"F:/GitHub/SproutScape/SproutScape/Content/Developers/NickvanLuyk/Collections/Core/Animations/2D/BeeBot_JumpDown/Jump_Down_00053.uasset" 6251
"F:/GitHub/SproutScape/SproutScape/Content/Developers/NickvanLuyk/Collections/Core/Animations/2D/BeeBot_JumpDown/Jump_Down_00053.uexp" 6252
"F:/GitHub/SproutScape/SproutScape/Content/Developers/NickvanLuyk/Collections/Core/Animations/2D/BeeBot_JumpDown/Jump_Down_00053_Sprite.uasset" 6253
"F:/GitHub/SproutScape/SproutScape/Content/Developers/NickvanLuyk/Collections/Core/Animations/2D/BeeBot_JumpDown/Jump_Down_00053_Sprite.uexp" 6254
"F:/GitHub/SproutScape/SproutScape/Content/Developers/NickvanLuyk/Collections/Core/Animations/2D/BeeBot_JumpDown/Jump_Down_00054.uasset" 6255
"F:/GitHub/SproutScape/SproutScape/Content/Developers/NickvanLuyk/Collections/Core/Animations/2D/BeeBot_JumpDown/Jump_Down_00054.uexp" 6256
"F:/GitHub/SproutScape/SproutScape/Content/Developers/NickvanLuyk/Collections/Core/Animations/2D/BeeBot_JumpDown/Jump_Down_00054_Sprite.uasset" 6257
"F:/GitHub/SproutScape/SproutScape/Content/Developers/NickvanLuyk/Collections/Core/Animations/2D/BeeBot_JumpDown/Jump_Down_00054_Sprite.uexp" 6258
"F:/GitHub/SproutScape/SproutScape/Content/Developers/NickvanLuyk/Collections/Core/Animations/2D/BeeBot_JumpDown/Jump_Down_00055.uasset" 6259
"F:/GitHub/SproutScape/SproutScape/Content/Developers/NickvanLuyk/Collections/Core/Animations/2D/BeeBot_JumpDown/Jump_Down_00055.uexp" 6260
"F:/GitHub/SproutScape/SproutScape/Content/Developers/NickvanLuyk/Collections/Core/Animations/2D/BeeBot_JumpDown/Jump_Down_00055_Sprite.uasset" 6261
"F:/GitHub/SproutScape/SproutScape/Content/Developers/NickvanLuyk/Collections/Core/Animations/2D/BeeBot_JumpDown/Jump_Down_00055_Sprite.uexp" 6262
"F:/GitHub/SproutScape/SproutScape/Content/Developers/NickvanLuyk/Collections/Core/Animations/2D/BeeBot_JumpDown/Jump_Down_00056.uasset" 6263
"F:/GitHub/SproutScape/SproutScape/Content/Developers/NickvanLuyk/Collections/Core/Animations/2D/BeeBot_JumpDown/Jump_Down_00056.uexp" 6264
"F:/GitHub/SproutScape/SproutScape/Content/Developers/NickvanLuyk/Collections/Core/Animations/2D/BeeBot_JumpDown/Jump_Down_00056_Sprite.uasset" 6265
"F:/GitHub/SproutScape/SproutScape/Content/Developers/NickvanLuyk/Collections/Core/Animations/2D/BeeBot_JumpDown/Jump_Down_00056_Sprite.uexp" 6266
"F:/GitHub/SproutScape/SproutScape/Content/Developers/NickvanLuyk/Collections/Core/Animations/2D/BeeBot_JumpDown/Jump_Down_00057.uasset" 6267
"F:/GitHub/SproutScape/SproutScape/Content/Developers/NickvanLuyk/Collections/Core/Animations/2D/BeeBot_JumpDown/Jump_Down_00057.uexp" 6268
"F:/GitHub/SproutScape/SproutScape/Content/Developers/NickvanLuyk/Collections/Core/Animations/2D/BeeBot_JumpDown/Jump_Down_00057_Sprite.uasset" 6269
"F:/GitHub/SproutScape/SproutScape/Content/Developers/NickvanLuyk/Collections/Core/Animations/2D/BeeBot_JumpDown/Jump_Down_00057_Sprite.uexp" 6270
"F:/GitHub/SproutScape/SproutScape/Content/Developers/NickvanLuyk/Collections/Core/Animations/2D/BeeBot_JumpDown/Jump_Down_00058.uasset" 6271
"F:/GitHub/SproutScape/SproutScape/Content/Developers/NickvanLuyk/Collections/Core/Animations/2D/BeeBot_JumpDown/Jump_Down_00058.uexp" 6272
"F:/GitHub/SproutScape/SproutScape/Content/Developers/NickvanLuyk/Collections/Core/Animations/2D/BeeBot_JumpDown/Jump_Down_00058_Sprite.uasset" 6273
"F:/GitHub/SproutScape/SproutScape/Content/Developers/NickvanLuyk/Collections/Core/Animations/2D/BeeBot_JumpDown/Jump_Down_00058_Sprite.uexp" 6274
"F:/GitHub/SproutScape/SproutScape/Content/Developers/NickvanLuyk/Collections/Core/Animations/2D/BeeBot_JumpUp/Jump_Up_00000_Sprite.uasset" 6275
"F:/GitHub/SproutScape/SproutScape/Content/Developers/NickvanLuyk/Collections/Core/Animations/2D/BeeBot_JumpUp/Jump_Up_00000_Sprite.uexp" 6276
"F:/GitHub/SproutScape/SproutScape/Content/Developers/NickvanLuyk/Collections/Core/Animations/2D/BeeBot_JumpUp/Jump_Up_00001_Sprite.uasset" 6277
"F:/GitHub/SproutScape/SproutScape/Content/Developers/NickvanLuyk/Collections/Core/Animations/2D/BeeBot_JumpUp/Jump_Up_00001_Sprite.uexp" 6278
"F:/GitHub/SproutScape/SproutScape/Content/Developers/NickvanLuyk/Collections/Core/Animations/2D/BeeBot_JumpUp/Jump_Up_00002_Sprite.uasset" 6279
"F:/GitHub/SproutScape/SproutScape/Content/Developers/NickvanLuyk/Collections/Core/Animations/2D/BeeBot_JumpUp/Jump_Up_00002_Sprite.uexp" 6280
"F:/GitHub/SproutScape/SproutScape/Content/Developers/NickvanLuyk/Collections/Core/Animations/2D/BeeBot_JumpUp/Jump_Up_00003_Sprite.uasset" 6281
"F:/GitHub/SproutScape/SproutScape/Content/Developers/NickvanLuyk/Collections/Core/Animations/2D/BeeBot_JumpUp/Jump_Up_00003_Sprite.uexp" 6282
"F:/GitHub/SproutScape/SproutScape/Content/Developers/NickvanLuyk/Collections/Core/Animations/2D/BeeBot_JumpUp/Jump_Up_00004_Sprite.uasset" 6283
"F:/GitHub/SproutScape/SproutScape/Content/Developers/NickvanLuyk/Collections/Core/Animations/2D/BeeBot_JumpUp/Jump_Up_00004_Sprite.uexp" 6284
"F:/GitHub/SproutScape/SproutScape/Content/Developers/NickvanLuyk/Collections/Core/Animations/2D/BeeBot_JumpUp/Jump_Up_00005_Sprite.uasset" 6285
"F:/GitHub/SproutScape/SproutScape/Content/Developers/NickvanLuyk/Collections/Core/Animations/2D/BeeBot_JumpUp/Jump_Up_00005_Sprite.uexp" 6286
"F:/GitHub/SproutScape/SproutScape/Content/Developers/NickvanLuyk/Collections/Core/Animations/2D/BeeBot_JumpUp/Jump_Up_00006_Sprite.uasset" 6287
"F:/GitHub/SproutScape/SproutScape/Content/Developers/NickvanLuyk/Collections/Core/Animations/2D/BeeBot_JumpUp/Jump_Up_00006_Sprite.uexp" 6288
"F:/GitHub/SproutScape/SproutScape/Content/Developers/NickvanLuyk/Collections/Core/Animations/2D/BeeBot_JumpUp/Jump_Up_00007_Sprite.uasset" 6289
"F:/GitHub/SproutScape/SproutScape/Content/Developers/NickvanLuyk/Collections/Core/Animations/2D/BeeBot_JumpUp/Jump_Up_00007_Sprite.uexp" 6290
"F:/GitHub/SproutScape/SproutScape/Content/Developers/NickvanLuyk/Collections/Core/Animations/2D/BeeBot_JumpUp/Jump_Up_00008_Sprite.uasset" 6291
"F:/GitHub/SproutScape/SproutScape/Content/Developers/NickvanLuyk/Collections/Core/Animations/2D/BeeBot_JumpUp/Jump_Up_00008_Sprite.uexp" 6292
"F:/GitHub/SproutScape/SproutScape/Content/Developers/NickvanLuyk/Collections/Core/Animations/2D/BeeBot_JumpUp/Jump_Up_00009_Sprite.uasset" 6293
"F:/GitHub/SproutScape/SproutScape/Content/Developers/NickvanLuyk/Collections/Core/Animations/2D/BeeBot_JumpUp/Jump_Up_00009_Sprite.uexp" 6294
"F:/GitHub/SproutScape/SproutScape/Content/Developers/NickvanLuyk/Collections/Core/Animations/2D/BeeBot_JumpUp/Jump_Up_00010_Sprite.uasset" 6295
"F:/GitHub/SproutScape/SproutScape/Content/Developers/NickvanLuyk/Collections/Core/Animations/2D/BeeBot_JumpUp/Jump_Up_00010_Sprite.uexp" 6296
"F:/GitHub/SproutScape/SproutScape/Content/Developers/NickvanLuyk/Collections/Core/Animations/2D/BeeBot_JumpUp/Jump_Up_00011_Sprite.uasset" 6297
"F:/GitHub/SproutScape/SproutScape/Content/Developers/NickvanLuyk/Collections/Core/Animations/2D/BeeBot_JumpUp/Jump_Up_00011_Sprite.uexp" 6298
"F:/GitHub/SproutScape/SproutScape/Content/Developers/NickvanLuyk/Collections/Core/Animations/2D/BeeBot_JumpUp/Jump_Up_00012_Sprite.uasset" 6299
"F:/GitHub/SproutScape/SproutScape/Content/Developers/NickvanLuyk/Collections/Core/Animations/2D/BeeBot_JumpUp/Jump_Up_00012_Sprite.uexp" 6300
"F:/GitHub/SproutScape/SproutScape/Content/Developers/NickvanLuyk/Collections/Core/Animations/2D/BeeBot_JumpUp/Jump_Up_00013_Sprite.uasset" 6301
"F:/GitHub/SproutScape/SproutScape/Content/Developers/NickvanLuyk/Collections/Core/Animations/2D/BeeBot_JumpUp/Jump_Up_00013_Sprite.uexp" 6302
"F:/GitHub/SproutScape/SproutScape/Content/Developers/NickvanLuyk/Collections/Core/Animations/2D/BeeBot_JumpUp/Jump_Up_00014_Sprite.uasset" 6303
"F:/GitHub/SproutScape/SproutScape/Content/Developers/NickvanLuyk/Collections/Core/Animations/2D/BeeBot_JumpUp/Jump_Up_00014_Sprite.uexp" 6304
"F:/GitHub/SproutScape/SproutScape/Content/Developers/NickvanLuyk/Collections/Core/Animations/2D/BeeBot_JumpUp/Jump_Up_00015_Sprite.uasset" 6305
"F:/GitHub/SproutScape/SproutScape/Content/Developers/NickvanLuyk/Collections/Core/Animations/2D/BeeBot_JumpUp/Jump_Up_00015_Sprite.uexp" 6306
"F:/GitHub/SproutScape/SproutScape/Content/Developers/NickvanLuyk/Collections/Core/Animations/2D/BeeBot_JumpUp/Jump_Up_00016_Sprite.uasset" 6307
"F:/GitHub/SproutScape/SproutScape/Content/Developers/NickvanLuyk/Collections/Core/Animations/2D/BeeBot_JumpUp/Jump_Up_00016_Sprite.uexp" 6308
"F:/GitHub/SproutScape/SproutScape/Content/Developers/NickvanLuyk/Collections/Core/Animations/2D/BeeBot_JumpUp/Jump_Up_00017_Sprite.uasset" 6309
"F:/GitHub/SproutScape/SproutScape/Content/Developers/NickvanLuyk/Collections/Core/Animations/2D/BeeBot_JumpUp/Jump_Up_00017_Sprite.uexp" 6310
"F:/GitHub/SproutScape/SproutScape/Content/Developers/NickvanLuyk/Collections/Core/Animations/2D/BeeBot_JumpUp/Jump_Up_00018_Sprite.uasset" 6311
"F:/GitHub/SproutScape/SproutScape/Content/Developers/NickvanLuyk/Collections/Core/Animations/2D/BeeBot_JumpUp/Jump_Up_00018_Sprite.uexp" 6312
"F:/GitHub/SproutScape/SproutScape/Content/Developers/NickvanLuyk/Collections/Core/Animations/2D/BeeBot_JumpUp/Jump_Up_00019_Sprite.uasset" 6313
"F:/GitHub/SproutScape/SproutScape/Content/Developers/NickvanLuyk/Collections/Core/Animations/2D/BeeBot_JumpUp/Jump_Up_00019_Sprite.uexp" 6314
"F:/GitHub/SproutScape/SproutScape/Content/Developers/NickvanLuyk/Collections/Core/Animations/2D/BeeBot_JumpUp/Jump_Up_00020_Sprite.uasset" 6315
"F:/GitHub/SproutScape/SproutScape/Content/Developers/NickvanLuyk/Collections/Core/Animations/2D/BeeBot_JumpUp/Jump_Up_00020_Sprite.uexp" 6316
"F:/GitHub/SproutScape/SproutScape/Content/Developers/NickvanLuyk/Collections/Core/Animations/2D/BeeBot_JumpUp/Jump_Up_00021_Sprite.uasset" 6317
"F:/GitHub/SproutScape/SproutScape/Content/Developers/NickvanLuyk/Collections/Core/Animations/2D/BeeBot_JumpUp/Jump_Up_00021_Sprite.uexp" 6318
"F:/GitHub/SproutScape/SproutScape/Content/Developers/NickvanLuyk/Collections/Core/Animations/2D/BeeBot_JumpUp/Jump_Up_00022_Sprite.uasset" 6319
"F:/GitHub/SproutScape/SproutScape/Content/Developers/NickvanLuyk/Collections/Core/Animations/2D/BeeBot_JumpUp/Jump_Up_00022_Sprite.uexp" 6320
"F:/GitHub/SproutScape/SproutScape/Content/Developers/NickvanLuyk/Collections/Core/Animations/2D/BeeBot_JumpUp/Jump_Up_00023_Sprite.uasset" 6321
"F:/GitHub/SproutScape/SproutScape/Content/Developers/NickvanLuyk/Collections/Core/Animations/2D/BeeBot_JumpUp/Jump_Up_00023_Sprite.uexp" 6322
"F:/GitHub/SproutScape/SproutScape/Content/Developers/NickvanLuyk/Collections/Core/Animations/2D/BeeBot_JumpUp/Jump_Up_00024_Sprite.uasset" 6323
"F:/GitHub/SproutScape/SproutScape/Content/Developers/NickvanLuyk/Collections/Core/Animations/2D/BeeBot_JumpUp/Jump_Up_00024_Sprite.uexp" 6324
"F:/GitHub/SproutScape/SproutScape/Content/Developers/NickvanLuyk/Collections/Core/Animations/2D/BeeBot_JumpUp/Jump_Up_00025_Sprite.uasset" 6325
"F:/GitHub/SproutScape/SproutScape/Content/Developers/NickvanLuyk/Collections/Core/Animations/2D/BeeBot_JumpUp/Jump_Up_00025_Sprite.uexp" 6326
"F:/GitHub/SproutScape/SproutScape/Content/Developers/NickvanLuyk/Collections/Core/Animations/2D/BeeBot_JumpUp/Jump_Up_00026_Sprite.uasset" 6327
"F:/GitHub/SproutScape/SproutScape/Content/Developers/NickvanLuyk/Collections/Core/Animations/2D/BeeBot_JumpUp/Jump_Up_00026_Sprite.uexp" 6328
"F:/GitHub/SproutScape/SproutScape/Content/Developers/NickvanLuyk/Collections/Core/Animations/2D/BeeBot_JumpUp/Jump_Up_00027_Sprite.uasset" 6329
"F:/GitHub/SproutScape/SproutScape/Content/Developers/NickvanLuyk/Collections/Core/Animations/2D/BeeBot_JumpUp/Jump_Up_00027_Sprite.uexp" 6330
"F:/GitHub/SproutScape/SproutScape/Content/Developers/NickvanLuyk/Collections/Core/Animations/2D/BeeBot_JumpUp/Jump_Up_00028_Sprite.uasset" 6331
"F:/GitHub/SproutScape/SproutScape/Content/Developers/NickvanLuyk/Collections/Core/Animations/2D/BeeBot_JumpUp/Jump_Up_00028_Sprite.uexp" 6332
"F:/GitHub/SproutScape/SproutScape/Content/Developers/NickvanLuyk/Collections/Core/Animations/2D/BeeBot_JumpUp/Jump_Up_00029_Sprite.uasset" 6333
"F:/GitHub/SproutScape/SproutScape/Content/Developers/NickvanLuyk/Collections/Core/Animations/2D/BeeBot_JumpUp/Jump_Up_00029_Sprite.uexp" 6334
"F:/GitHub/SproutScape/SproutScape/Content/Developers/NickvanLuyk/Collections/Core/Animations/2D/BeeBot_JumpUp/Jump_Up_00030_Sprite.uasset" 6335
"F:/GitHub/SproutScape/SproutScape/Content/Developers/NickvanLuyk/Collections/Core/Animations/2D/BeeBot_JumpUp/Jump_Up_00030_Sprite.uexp" 6336
"F:/GitHub/SproutScape/SproutScape/Content/Developers/NickvanLuyk/Collections/Core/Animations/2D/BeeBot_JumpUp/Jump_Up_00031_Sprite.uasset" 6337
"F:/GitHub/SproutScape/SproutScape/Content/Developers/NickvanLuyk/Collections/Core/Animations/2D/BeeBot_JumpUp/Jump_Up_00031_Sprite.uexp" 6338
"F:/GitHub/SproutScape/SproutScape/Content/Developers/NickvanLuyk/Collections/Core/Animations/2D/BeeBot_JumpUp/Jump_Up_00032_Sprite.uasset" 6339
"F:/GitHub/SproutScape/SproutScape/Content/Developers/NickvanLuyk/Collections/Core/Animations/2D/BeeBot_JumpUp/Jump_Up_00032_Sprite.uexp" 6340
"F:/GitHub/SproutScape/SproutScape/Content/Developers/NickvanLuyk/Collections/Core/Blueprints/AnimSequences/NewPaperZDAnimSequence.uasset" 6341
"F:/GitHub/SproutScape/SproutScape/Content/Developers/NickvanLuyk/Collections/Core/Blueprints/AnimSequences/NewPaperZDAnimSequence.uexp" 6342
"F:/GitHub/SproutScape/SproutScape/Content/Developers/NickvanLuyk/Collections/Core/Blueprints/AnimSequences/Throw.uasset" 6343
"F:/GitHub/SproutScape/SproutScape/Content/Developers/NickvanLuyk/Collections/Core/Blueprints/AnimSequences/Throw.uexp" 6344
"F:/GitHub/SproutScape/SproutScape/Content/Developers/NickvanLuyk/Collections/Core/Blueprints/Interaction/WBP_InteractionPrompt.uasset" 6345
"F:/GitHub/SproutScape/SproutScape/Content/Developers/NickvanLuyk/Collections/Core/Blueprints/Interaction/WBP_InteractionPrompt.uexp" 6346
"F:/GitHub/SproutScape/SproutScape/Content/Developers/milad/UI/Loading/Textures/Loading_Icon_1_Array.uasset" 6347
"F:/GitHub/SproutScape/SproutScape/Content/Developers/milad/UI/Loading/Textures/Loading_Icon_1_Array.uexp" 6348
"F:/GitHub/SproutScape/SproutScape/Content/Developers/milad/UI/Loading/M_LoadingScreen.uasset" 6349
"F:/GitHub/SproutScape/SproutScape/Content/Developers/milad/UI/Loading/M_LoadingScreen.uexp" 6350
"F:/GitHub/SproutScape/SproutScape/Content/Developers/NickvanLuyk/Collections/Core/Widgets/MainMenu/WB_LoadingScreen.uasset" 6351
"F:/GitHub/SproutScape/SproutScape/Content/Developers/NickvanLuyk/Collections/Core/Widgets/MainMenu/WB_LoadingScreen.uexp" 6352
"F:/GitHub/SproutScape/SproutScape/Content/Developers/NickvanLuyk/Collections/Core/Widgets/MainMenu/WB_ServerBrowserItem.uasset" 6353
"F:/GitHub/SproutScape/SproutScape/Content/Developers/NickvanLuyk/Collections/Core/Widgets/MainMenu/WB_ServerBrowserItem.uexp" 6354
"F:/GitHub/SproutScape/SproutScape/Content/Developers/NickvanLuyk/Collections/Core/Widgets/MainMenu/WB_ServerBrowserItem_Empty.uasset" 6355
"F:/GitHub/SproutScape/SproutScape/Content/Developers/NickvanLuyk/Collections/Core/Widgets/MainMenu/WB_ServerBrowserItem_Empty.uexp" 6356
"F:/GitHub/SproutScape/SproutScape/Content/Developers/NickvanLuyk/Collections/Core/Blueprints/ABP_2DBot.uasset" 6357
"F:/GitHub/SproutScape/SproutScape/Content/Developers/NickvanLuyk/Collections/Core/Blueprints/ABP_2DBot.uexp" 6358
"F:/GitHub/SproutScape/SproutScape/Content/Developers/edrik/BluePrints/Interaction/WBP_ProgressBar.uasset" 6359
"F:/GitHub/SproutScape/SproutScape/Content/Developers/edrik/BluePrints/Interaction/WBP_ProgressBar.uexp" 6360
"../../../Engine/Plugins/2D/Paper2D/Content/PlaceholderTextures/FlatNormalMap.uasset" 6361
"../../../Engine/Plugins/2D/Paper2D/Content/PlaceholderTextures/FlatNormalMap.uexp" 6362
"F:/GitHub/SproutScape/SproutScape/Content/Developers/milan/Collections/Materials/M_UnliteSprite.uasset" 6363
"F:/GitHub/SproutScape/SproutScape/Content/Developers/milan/Collections/Materials/M_UnliteSprite.uexp" 6364
"F:/GitHub/SproutScape/SproutScape/Content/Developers/milan/Collections/LVL_1_paralax/IMGS/T_Level_01_mid.uasset" 6365
"F:/GitHub/SproutScape/SproutScape/Content/Developers/milan/Collections/LVL_1_paralax/IMGS/T_Level_01_mid.uexp" 6366
"F:/GitHub/SproutScape/SproutScape/Content/Developers/milan/Collections/LVL_1_paralax/TileSet/T_Level_01_mid_TileSet.uasset" 6367
"F:/GitHub/SproutScape/SproutScape/Content/Developers/milan/Collections/LVL_1_paralax/TileSet/T_Level_01_mid_TileSet.uexp" 6368
"F:/GitHub/SproutScape/SproutScape/Content/Developers/milan/Collections/LVL_1_paralax/IMGS/T_Level_01_back.uasset" 6369
"F:/GitHub/SproutScape/SproutScape/Content/Developers/milan/Collections/LVL_1_paralax/IMGS/T_Level_01_back.uexp" 6370
"F:/GitHub/SproutScape/SproutScape/Content/Developers/milan/Collections/LVL_1_paralax/TileSet/T_Level_01_back_TileSet.uasset" 6371
"F:/GitHub/SproutScape/SproutScape/Content/Developers/milan/Collections/LVL_1_paralax/TileSet/T_Level_01_back_TileSet.uexp" 6372
"F:/GitHub/SproutScape/SproutScape/Content/Developers/milan/Collections/LVL_1_paralax/PTM_LVL_1_BG.uasset" 6373
"F:/GitHub/SproutScape/SproutScape/Content/Developers/milan/Collections/LVL_1_paralax/PTM_LVL_1_BG.uexp" 6374
"F:/GitHub/SproutScape/SproutScape/Content/Developers/milan/Collections/LVL_1_paralax/IMGS/T_Level_01_papers.uasset" 6375
"F:/GitHub/SproutScape/SproutScape/Content/Developers/milan/Collections/LVL_1_paralax/IMGS/T_Level_01_papers.uexp" 6376
"F:/GitHub/SproutScape/SproutScape/Content/Developers/milan/Collections/LVL_1_paralax/TileSet/T_Level_01_papers_TileSet.uasset" 6377
"F:/GitHub/SproutScape/SproutScape/Content/Developers/milan/Collections/LVL_1_paralax/TileSet/T_Level_01_papers_TileSet.uexp" 6378
"F:/GitHub/SproutScape/SproutScape/Content/Developers/milan/Collections/LVL_1_paralax/IMGS/T_Level_01_plant2.uasset" 6379
"F:/GitHub/SproutScape/SproutScape/Content/Developers/milan/Collections/LVL_1_paralax/IMGS/T_Level_01_plant2.uexp" 6380
"F:/GitHub/SproutScape/SproutScape/Content/Developers/milan/Collections/LVL_1_paralax/TileSet/T_Level_01_plant2_TileSet.uasset" 6381
"F:/GitHub/SproutScape/SproutScape/Content/Developers/milan/Collections/LVL_1_paralax/TileSet/T_Level_01_plant2_TileSet.uexp" 6382
"F:/GitHub/SproutScape/SproutScape/Content/Developers/milan/Collections/LVL_1_paralax/IMGS/T_Level_01_krukje.uasset" 6383
"F:/GitHub/SproutScape/SproutScape/Content/Developers/milan/Collections/LVL_1_paralax/IMGS/T_Level_01_krukje.uexp" 6384
"F:/GitHub/SproutScape/SproutScape/Content/Developers/milan/Collections/LVL_1_paralax/TileSet/T_Level_01_krukje_TileSet.uasset" 6385
"F:/GitHub/SproutScape/SproutScape/Content/Developers/milan/Collections/LVL_1_paralax/TileSet/T_Level_01_krukje_TileSet.uexp" 6386
"F:/GitHub/SproutScape/SproutScape/Content/Developers/milan/Collections/LVL_1_paralax/IMGS/T_Level_01_robot_ton.uasset" 6387
"F:/GitHub/SproutScape/SproutScape/Content/Developers/milan/Collections/LVL_1_paralax/IMGS/T_Level_01_robot_ton.uexp" 6388
"F:/GitHub/SproutScape/SproutScape/Content/Developers/milan/Collections/LVL_1_paralax/TileSet/T_Level_01_robot_ton_TileSet.uasset" 6389
"F:/GitHub/SproutScape/SproutScape/Content/Developers/milan/Collections/LVL_1_paralax/TileSet/T_Level_01_robot_ton_TileSet.uexp" 6390
"F:/GitHub/SproutScape/SproutScape/Content/Developers/milan/Collections/LVL_1_paralax/IMGS/T_Level_01_cactus2.uasset" 6391
"F:/GitHub/SproutScape/SproutScape/Content/Developers/milan/Collections/LVL_1_paralax/IMGS/T_Level_01_cactus2.uexp" 6392
"F:/GitHub/SproutScape/SproutScape/Content/Developers/milan/Collections/LVL_1_paralax/TileSet/T_Level_01_cactus2_TileSet.uasset" 6393
"F:/GitHub/SproutScape/SproutScape/Content/Developers/milan/Collections/LVL_1_paralax/TileSet/T_Level_01_cactus2_TileSet.uexp" 6394
"F:/GitHub/SproutScape/SproutScape/Content/Developers/milan/Collections/LVL_1_paralax/IMGS/T_Level_01_LAMP.uasset" 6395
"F:/GitHub/SproutScape/SproutScape/Content/Developers/milan/Collections/LVL_1_paralax/IMGS/T_Level_01_LAMP.uexp" 6396
"F:/GitHub/SproutScape/SproutScape/Content/Developers/milan/Collections/LVL_1_paralax/TileSet/T_Level_01_LAMP_TileSet.uasset" 6397
"F:/GitHub/SproutScape/SproutScape/Content/Developers/milan/Collections/LVL_1_paralax/TileSet/T_Level_01_LAMP_TileSet.uexp" 6398
"F:/GitHub/SproutScape/SproutScape/Content/Developers/milan/Collections/LVL_1_paralax/IMGS/T_Level_01_kitchen.uasset" 6399
"F:/GitHub/SproutScape/SproutScape/Content/Developers/milan/Collections/LVL_1_paralax/IMGS/T_Level_01_kitchen.uexp" 6400
"F:/GitHub/SproutScape/SproutScape/Content/Developers/milan/Collections/LVL_1_paralax/TileSet/T_Level_01_kitchen_TileSet.uasset" 6401
"F:/GitHub/SproutScape/SproutScape/Content/Developers/milan/Collections/LVL_1_paralax/TileSet/T_Level_01_kitchen_TileSet.uexp" 6402
"F:/GitHub/SproutScape/SproutScape/Content/Developers/milan/Collections/LVL_1_paralax/IMGS/T_Level_01_plant1.uasset" 6403
"F:/GitHub/SproutScape/SproutScape/Content/Developers/milan/Collections/LVL_1_paralax/IMGS/T_Level_01_plant1.uexp" 6404
"F:/GitHub/SproutScape/SproutScape/Content/Developers/milan/Collections/LVL_1_paralax/TileSet/T_Level_01_plant1_TileSet.uasset" 6405
"F:/GitHub/SproutScape/SproutScape/Content/Developers/milan/Collections/LVL_1_paralax/TileSet/T_Level_01_plant1_TileSet.uexp" 6406
"F:/GitHub/SproutScape/SproutScape/Content/Developers/milan/Collections/LVL_1_paralax/IMGS/T_Level_01_kitchen_ware.uasset" 6407
"F:/GitHub/SproutScape/SproutScape/Content/Developers/milan/Collections/LVL_1_paralax/IMGS/T_Level_01_kitchen_ware.uexp" 6408
"F:/GitHub/SproutScape/SproutScape/Content/Developers/milan/Collections/LVL_1_paralax/TileSet/T_Level_01_kitchen_ware_TileSet.uasset" 6409
"F:/GitHub/SproutScape/SproutScape/Content/Developers/milan/Collections/LVL_1_paralax/TileSet/T_Level_01_kitchen_ware_TileSet.uexp" 6410
"F:/GitHub/SproutScape/SproutScape/Content/Developers/milan/Collections/LVL_1_paralax/IMGS/T_Level_01_ball.uasset" 6411
"F:/GitHub/SproutScape/SproutScape/Content/Developers/milan/Collections/LVL_1_paralax/IMGS/T_Level_01_ball.uexp" 6412
"F:/GitHub/SproutScape/SproutScape/Content/Developers/milan/Collections/LVL_1_paralax/TileSet/T_Level_01_ball_TileSet.uasset" 6413
"F:/GitHub/SproutScape/SproutScape/Content/Developers/milan/Collections/LVL_1_paralax/TileSet/T_Level_01_ball_TileSet.uexp" 6414
"F:/GitHub/SproutScape/SproutScape/Content/Developers/milan/Collections/LVL_1_paralax/IMGS/T_Level_01_trash_can.uasset" 6415
"F:/GitHub/SproutScape/SproutScape/Content/Developers/milan/Collections/LVL_1_paralax/IMGS/T_Level_01_trash_can.uexp" 6416
"F:/GitHub/SproutScape/SproutScape/Content/Developers/milan/Collections/LVL_1_paralax/TileSet/T_Level_01_trash_can_TileSet.uasset" 6417
"F:/GitHub/SproutScape/SproutScape/Content/Developers/milan/Collections/LVL_1_paralax/TileSet/T_Level_01_trash_can_TileSet.uexp" 6418
"F:/GitHub/SproutScape/SproutScape/Content/Developers/milan/Collections/LVL_1_paralax/PTM_LVL_1_FG.uasset" 6419
"F:/GitHub/SproutScape/SproutScape/Content/Developers/milan/Collections/LVL_1_paralax/PTM_LVL_1_FG.uexp" 6420
"F:/GitHub/SproutScape/SproutScape/Content/Developers/milan/MainMenu/Widgets/WB_Cinematic.uasset" 6421
"F:/GitHub/SproutScape/SproutScape/Content/Developers/milan/MainMenu/Widgets/WB_Cinematic.uexp" 6422
"F:/GitHub/SproutScape/SproutScape/Content/Developers/milan/MainMenu/Widgets/WB_LoadingScreen.uasset" 6423
"F:/GitHub/SproutScape/SproutScape/Content/Developers/milan/MainMenu/Widgets/WB_LoadingScreen.uexp" 6424
"F:/GitHub/SproutScape/SproutScape/Content/Developers/NickvanLuyk/Collections/Core/Maplvl_1_BG.uasset" 6425
"F:/GitHub/SproutScape/SproutScape/Content/Developers/NickvanLuyk/Collections/Core/Maplvl_1_BG.uexp" 6426
"F:/GitHub/SproutScape/SproutScape/Content/Developers/milan/2DParalaxMAP/PNGs/level_1_krukje.uasset" 6427
"F:/GitHub/SproutScape/SproutScape/Content/Developers/milan/2DParalaxMAP/PNGs/level_1_krukje.uexp" 6428
"F:/GitHub/SproutScape/SproutScape/Content/Developers/milan/2DParalaxMAP/Tilesets/level_1_krukje_TileSet.uasset" 6429
"F:/GitHub/SproutScape/SproutScape/Content/Developers/milan/2DParalaxMAP/Tilesets/level_1_krukje_TileSet.uexp" 6430
"F:/GitHub/SproutScape/SproutScape/Content/Developers/milan/2DParalaxMAP/PNGs/level_1_paper.uasset" 6431
"F:/GitHub/SproutScape/SproutScape/Content/Developers/milan/2DParalaxMAP/PNGs/level_1_paper.uexp" 6432
"F:/GitHub/SproutScape/SproutScape/Content/Developers/milan/2DParalaxMAP/Tilesets/level_1_paper_TileSet.uasset" 6433
"F:/GitHub/SproutScape/SproutScape/Content/Developers/milan/2DParalaxMAP/Tilesets/level_1_paper_TileSet.uexp" 6434
"F:/GitHub/SproutScape/SproutScape/Content/Developers/milan/2DParalaxMAP/PNGs/level_1_plant_1.uasset" 6435
"F:/GitHub/SproutScape/SproutScape/Content/Developers/milan/2DParalaxMAP/PNGs/level_1_plant_1.uexp" 6436
"F:/GitHub/SproutScape/SproutScape/Content/Developers/milan/2DParalaxMAP/Tilesets/level_1_plant_1_TileSet.uasset" 6437
"F:/GitHub/SproutScape/SproutScape/Content/Developers/milan/2DParalaxMAP/Tilesets/level_1_plant_1_TileSet.uexp" 6438
"F:/GitHub/SproutScape/SproutScape/Content/Developers/milan/2DParalaxMAP/PNGs/level_1_kitchen.uasset" 6439
"F:/GitHub/SproutScape/SproutScape/Content/Developers/milan/2DParalaxMAP/PNGs/level_1_kitchen.uexp" 6440
"F:/GitHub/SproutScape/SproutScape/Content/Developers/milan/2DParalaxMAP/Tilesets/level_1_kitchen_TileSet.uasset" 6441
"F:/GitHub/SproutScape/SproutScape/Content/Developers/milan/2DParalaxMAP/Tilesets/level_1_kitchen_TileSet.uexp" 6442
"F:/GitHub/SproutScape/SproutScape/Content/Developers/milan/2DParalaxMAP/PNGs/level_1_cactu.uasset" 6443
"F:/GitHub/SproutScape/SproutScape/Content/Developers/milan/2DParalaxMAP/PNGs/level_1_cactu.uexp" 6444
"F:/GitHub/SproutScape/SproutScape/Content/Developers/milan/2DParalaxMAP/Tilesets/level_1_cactu_TileSet.uasset" 6445
"F:/GitHub/SproutScape/SproutScape/Content/Developers/milan/2DParalaxMAP/Tilesets/level_1_cactu_TileSet.uexp" 6446
"F:/GitHub/SproutScape/SproutScape/Content/Developers/milan/2DParalaxMAP/PNGs/level_1_robot.uasset" 6447
"F:/GitHub/SproutScape/SproutScape/Content/Developers/milan/2DParalaxMAP/PNGs/level_1_robot.uexp" 6448
"F:/GitHub/SproutScape/SproutScape/Content/Developers/milan/2DParalaxMAP/Tilesets/level_1_robot_TileSet.uasset" 6449
"F:/GitHub/SproutScape/SproutScape/Content/Developers/milan/2DParalaxMAP/Tilesets/level_1_robot_TileSet.uexp" 6450
"F:/GitHub/SproutScape/SproutScape/Content/Developers/milan/2DParalaxMAP/PNGs/level_1_ball.uasset" 6451
"F:/GitHub/SproutScape/SproutScape/Content/Developers/milan/2DParalaxMAP/PNGs/level_1_ball.uexp" 6452
"F:/GitHub/SproutScape/SproutScape/Content/Developers/milan/2DParalaxMAP/Tilesets/level_1_ball_TileSet.uasset" 6453
"F:/GitHub/SproutScape/SproutScape/Content/Developers/milan/2DParalaxMAP/Tilesets/level_1_ball_TileSet.uexp" 6454
"F:/GitHub/SproutScape/SproutScape/Content/Developers/milan/2DParalaxMAP/PNGs/level_1_hangplants.uasset" 6455
"F:/GitHub/SproutScape/SproutScape/Content/Developers/milan/2DParalaxMAP/PNGs/level_1_hangplants.uexp" 6456
"F:/GitHub/SproutScape/SproutScape/Content/Developers/milan/2DParalaxMAP/Tilesets/level_1_hangplants_TileSet.uasset" 6457
"F:/GitHub/SproutScape/SproutScape/Content/Developers/milan/2DParalaxMAP/Tilesets/level_1_hangplants_TileSet.uexp" 6458
"F:/GitHub/SproutScape/SproutScape/Content/Developers/milan/2DParalaxMAP/PNGs/level_1_cactus_1.uasset" 6459
"F:/GitHub/SproutScape/SproutScape/Content/Developers/milan/2DParalaxMAP/PNGs/level_1_cactus_1.uexp" 6460
"F:/GitHub/SproutScape/SproutScape/Content/Developers/milan/2DParalaxMAP/Tilesets/level_1_cactus_1_TileSet.uasset" 6461
"F:/GitHub/SproutScape/SproutScape/Content/Developers/milan/2DParalaxMAP/Tilesets/level_1_cactus_1_TileSet.uexp" 6462
"F:/GitHub/SproutScape/SproutScape/Content/Developers/milan/2DParalaxMAP/PNGs/level_1_plant_2.uasset" 6463
"F:/GitHub/SproutScape/SproutScape/Content/Developers/milan/2DParalaxMAP/PNGs/level_1_plant_2.uexp" 6464
"F:/GitHub/SproutScape/SproutScape/Content/Developers/milan/2DParalaxMAP/Tilesets/level_1_plant_2_TileSet.uasset" 6465
"F:/GitHub/SproutScape/SproutScape/Content/Developers/milan/2DParalaxMAP/Tilesets/level_1_plant_2_TileSet.uexp" 6466
"F:/GitHub/SproutScape/SproutScape/Content/Developers/milan/2DParalaxMAP/PNGs/level_1_prullenbak.uasset" 6467
"F:/GitHub/SproutScape/SproutScape/Content/Developers/milan/2DParalaxMAP/PNGs/level_1_prullenbak.uexp" 6468
"F:/GitHub/SproutScape/SproutScape/Content/Developers/milan/2DParalaxMAP/Tilesets/level_1_prullenbak_TileSet.uasset" 6469
"F:/GitHub/SproutScape/SproutScape/Content/Developers/milan/2DParalaxMAP/Tilesets/level_1_prullenbak_TileSet.uexp" 6470
"F:/GitHub/SproutScape/SproutScape/Content/Developers/milan/2DParalaxMAP/PNGs/level_1_hanging_kitchen.uasset" 6471
"F:/GitHub/SproutScape/SproutScape/Content/Developers/milan/2DParalaxMAP/PNGs/level_1_hanging_kitchen.uexp" 6472
"F:/GitHub/SproutScape/SproutScape/Content/Developers/milan/2DParalaxMAP/Tilesets/level_1_hanging_kitchen_TileSet.uasset" 6473
"F:/GitHub/SproutScape/SproutScape/Content/Developers/milan/2DParalaxMAP/Tilesets/level_1_hanging_kitchen_TileSet.uexp" 6474
"F:/GitHub/SproutScape/SproutScape/Content/Developers/milan/2DParalaxMAP/PNGs/level_1_stekke.uasset" 6475
"F:/GitHub/SproutScape/SproutScape/Content/Developers/milan/2DParalaxMAP/PNGs/level_1_stekke.uexp" 6476
"F:/GitHub/SproutScape/SproutScape/Content/Developers/milan/2DParalaxMAP/Tilesets/level_1_stekke_TileSet.uasset" 6477
"F:/GitHub/SproutScape/SproutScape/Content/Developers/milan/2DParalaxMAP/Tilesets/level_1_stekke_TileSet.uexp" 6478
"F:/GitHub/SproutScape/SproutScape/Content/Developers/milan/2DParalaxMAP/PNGs/level_1_kastje.uasset" 6479
"F:/GitHub/SproutScape/SproutScape/Content/Developers/milan/2DParalaxMAP/PNGs/level_1_kastje.uexp" 6480
"F:/GitHub/SproutScape/SproutScape/Content/Developers/milan/2DParalaxMAP/Tilesets/level_1_kastje_TileSet.uasset" 6481
"F:/GitHub/SproutScape/SproutScape/Content/Developers/milan/2DParalaxMAP/Tilesets/level_1_kastje_TileSet.uexp" 6482
"F:/GitHub/SproutScape/SproutScape/Content/Developers/milan/2DParalaxMAP/PNGs/level_1_emmer.uasset" 6483
"F:/GitHub/SproutScape/SproutScape/Content/Developers/milan/2DParalaxMAP/PNGs/level_1_emmer.uexp" 6484
"F:/GitHub/SproutScape/SproutScape/Content/Developers/milan/2DParalaxMAP/Tilesets/level_1_emmer_TileSet.uasset" 6485
"F:/GitHub/SproutScape/SproutScape/Content/Developers/milan/2DParalaxMAP/Tilesets/level_1_emmer_TileSet.uexp" 6486
"F:/GitHub/SproutScape/SproutScape/Content/Developers/milan/2DParalaxMAP/PNGs/level_1_table.uasset" 6487
"F:/GitHub/SproutScape/SproutScape/Content/Developers/milan/2DParalaxMAP/PNGs/level_1_table.uexp" 6488
"F:/GitHub/SproutScape/SproutScape/Content/Developers/milan/2DParalaxMAP/Tilesets/level_1_table_TileSet.uasset" 6489
"F:/GitHub/SproutScape/SproutScape/Content/Developers/milan/2DParalaxMAP/Tilesets/level_1_table_TileSet.uexp" 6490
"F:/GitHub/SproutScape/SproutScape/Content/Developers/milan/2DParalaxMAP/PNGs/level_1_plants_kitchen.uasset" 6491
"F:/GitHub/SproutScape/SproutScape/Content/Developers/milan/2DParalaxMAP/PNGs/level_1_plants_kitchen.uexp" 6492
"F:/GitHub/SproutScape/SproutScape/Content/Developers/milan/2DParalaxMAP/Tilesets/level_1_plants_kitchen_TileSet.uasset" 6493
"F:/GitHub/SproutScape/SproutScape/Content/Developers/milan/2DParalaxMAP/Tilesets/level_1_plants_kitchen_TileSet.uexp" 6494
"F:/GitHub/SproutScape/SproutScape/Content/Developers/NickvanLuyk/Collections/Core/Maplvl_1_FG.uasset" 6495
"F:/GitHub/SproutScape/SproutScape/Content/Developers/NickvanLuyk/Collections/Core/Maplvl_1_FG.uexp" 6496
"F:/GitHub/SproutScape/SproutScape/Content/Developers/milan/2DParalaxMAP/Maplvl_1_FG.uasset" 6497
"F:/GitHub/SproutScape/SproutScape/Content/Developers/milan/2DParalaxMAP/Maplvl_1_FG.uexp" 6498
"F:/GitHub/SproutScape/SproutScape/Content/SproutScape/Blueprints/Input/IA/IA_Jump.uasset" 6499
"F:/GitHub/SproutScape/SproutScape/Content/SproutScape/Blueprints/Input/IA/IA_Jump.uexp" 6500
"F:/GitHub/SproutScape/SproutScape/Content/SproutScape/Blueprints/Input/IA/IA_Move.uasset" 6501
"F:/GitHub/SproutScape/SproutScape/Content/SproutScape/Blueprints/Input/IA/IA_Move.uexp" 6502
"F:/GitHub/SproutScape/SproutScape/Content/SproutScape/Blueprints/Input/IMC_PlayerControls_BASE.uasset" 6503
"F:/GitHub/SproutScape/SproutScape/Content/SproutScape/Blueprints/Input/IMC_PlayerControls_BASE.uexp" 6504
"F:/GitHub/SproutScape/SproutScape/Content/SproutScape/2D/TX_Tileset_Ground.uasset" 6505
"F:/GitHub/SproutScape/SproutScape/Content/SproutScape/2D/TX_Tileset_Ground.uexp" 6506
"F:/GitHub/SproutScape/SproutScape/Content/SproutScape/2D/TX_Tileset_Ground_TileSet.uasset" 6507
"F:/GitHub/SproutScape/SproutScape/Content/SproutScape/2D/TX_Tileset_Ground_TileSet.uexp" 6508
"F:/GitHub/SproutScape/SproutScape/Content/SproutScape/2D/Test.uasset" 6509
"F:/GitHub/SproutScape/SproutScape/Content/SproutScape/2D/Test.uexp" 6510
"../../../Engine/Content/EngineResources/LandscapeVisibilityLayerInfo.uasset" 6511
"../../../Engine/Content/EngineResources/LandscapeVisibilityLayerInfo.uexp" 6512
"../../../Engine/Content/VREditor/TransformGizmo/StartRotationHandleIndicator.uasset" 6513
"../../../Engine/Content/VREditor/TransformGizmo/StartRotationHandleIndicator.uexp" 6514
"../../../Engine/Content/VREditor/Sounds/UI/Drop_Item_From_ContentBrowser.ubulk" 6515
"../../../Engine/Content/VREditor/Sounds/UI/Drop_Item_From_ContentBrowser.uasset" 6516
"../../../Engine/Content/VREditor/Sounds/UI/Drop_Item_From_ContentBrowser.uexp" 6517
"../../../Engine/Content/VREditor/TransformGizmo/PlaneTranslationHandle.uasset" 6518
"../../../Engine/Content/VREditor/TransformGizmo/PlaneTranslationHandle.uexp" 6519
"../../../Engine/Content/VREditor/Sounds/UI/Object_Snaps_To_Grid.ubulk" 6520
"../../../Engine/Content/VREditor/Sounds/UI/Object_Snaps_To_Grid.uasset" 6521
"../../../Engine/Content/VREditor/Sounds/UI/Object_Snaps_To_Grid.uexp" 6522
"../../../Engine/Content/VREditor/Sounds/UI/Selection_Changes.ubulk" 6523
"../../../Engine/Content/VREditor/Sounds/UI/Selection_Changes.uasset" 6524
"../../../Engine/Content/VREditor/Sounds/UI/Selection_Changes.uexp" 6525
"../../../Engine/Content/VREditor/Sounds/UI/Object_Snaps_To_Another_Actor.ubulk" 6526
"../../../Engine/Content/VREditor/Sounds/UI/Object_Snaps_To_Another_Actor.uasset" 6527
"../../../Engine/Content/VREditor/Sounds/UI/Object_Snaps_To_Another_Actor.uexp" 6528
"../../../Engine/Content/VREditor/TransformGizmo/TranslucentTransformGizmoMaterial_Inst.uasset" 6529
"../../../Engine/Content/VREditor/TransformGizmo/TranslucentTransformGizmoMaterial_Inst.uexp" 6530
"../../../Engine/Content/VREditor/TransformGizmo/TransformGizmoFreeRotation.uasset" 6531
"../../../Engine/Content/VREditor/TransformGizmo/TransformGizmoFreeRotation.uexp" 6532
"../../../Engine/Content/VREditor/Sounds/UI/Scaling_Down.ubulk" 6533
"../../../Engine/Content/VREditor/Sounds/UI/Scaling_Down.uasset" 6534
"../../../Engine/Content/VREditor/Sounds/UI/Scaling_Down.uexp" 6535
"../../../Engine/Content/Functions/Engine_MaterialFunctions02/SplitComponents.uasset" 6536
"../../../Engine/Content/Functions/Engine_MaterialFunctions02/SplitComponents.uexp" 6537
"../../../Engine/Content/VREditor/SnapGrid/SnapGridMaterial.uasset" 6538
"../../../Engine/Content/VREditor/SnapGrid/SnapGridMaterial.uexp" 6539
"../../../Engine/Content/VREditor/SnapGrid/SnapGridPlaneMesh.uasset" 6540
"../../../Engine/Content/VREditor/SnapGrid/SnapGridPlaneMesh.uexp" 6541
"../../../Engine/Content/VREditor/Sounds/UI/Scaling_Up.ubulk" 6542
"../../../Engine/Content/VREditor/Sounds/UI/Scaling_Up.uasset" 6543
"../../../Engine/Content/VREditor/Sounds/UI/Scaling_Up.uexp" 6544
"../../../Engine/Content/VREditor/TransformGizmo/TransformGizmoMaterial_Inst.uasset" 6545
"../../../Engine/Content/VREditor/TransformGizmo/TransformGizmoMaterial_Inst.uexp" 6546
"../../../Engine/Content/VREditor/Sounds/UI/Gizmo_Handle_Clicked.ubulk" 6547
"../../../Engine/Content/VREditor/Sounds/UI/Gizmo_Handle_Clicked.uasset" 6548
"../../../Engine/Content/VREditor/Sounds/UI/Gizmo_Handle_Clicked.uexp" 6549
"../../../Engine/Content/VREditor/TransformGizmo/RotationHandleQuarter.uasset" 6550
"../../../Engine/Content/VREditor/TransformGizmo/RotationHandleQuarter.uexp" 6551
"../../../Engine/Content/VREditor/TransformGizmo/TranslateArrowHandle.uasset" 6552
"../../../Engine/Content/VREditor/TransformGizmo/TranslateArrowHandle.uexp" 6553
"../../../Engine/Content/VREditor/TransformGizmo/RotationHandleIndicator.uasset" 6554
"../../../Engine/Content/VREditor/TransformGizmo/RotationHandleIndicator.uexp" 6555
"../../../Engine/Content/VREditor/TransformGizmo/UniformScaleHandle.uasset" 6556
"../../../Engine/Content/VREditor/TransformGizmo/UniformScaleHandle.uexp" 6557
"../../../Engine/Content/VREditor/TransformGizmo/RotationHandleFull.uasset" 6558
"../../../Engine/Content/VREditor/TransformGizmo/RotationHandleFull.uexp" 6559
"../../../Engine/Content/VREditor/Sounds/UI/Object_PickUp.ubulk" 6560
"../../../Engine/Content/VREditor/Sounds/UI/Object_PickUp.uasset" 6561
"../../../Engine/Content/VREditor/Sounds/UI/Object_PickUp.uexp" 6562
"../../../Engine/Plugins/Animation/DeformerGraph/Content/DeformerFunctions/DG_Function_ComputeNormalsTangents.uasset" 6563
"../../../Engine/Plugins/Animation/DeformerGraph/Content/DeformerFunctions/DG_Function_ComputeNormalsTangents.uexp" 6564
"../../../Engine/Plugins/Animation/DeformerGraph/Content/DeformerFunctions/DG_Function_LinearBlendSkin_Morph_Cloth.uasset" 6565
"../../../Engine/Plugins/Animation/DeformerGraph/Content/DeformerFunctions/DG_Function_LinearBlendSkin_Morph_Cloth.uexp" 6566
"../../../Engine/Plugins/Animation/DeformerGraph/Content/DeformerFunctions/DG_Function_LinearBlendSkin_Morph_Cloth_PositionOnly.uasset" 6567
"../../../Engine/Plugins/Animation/DeformerGraph/Content/DeformerFunctions/DG_Function_LinearBlendSkin_Morph_Cloth_PositionOnly.uexp" 6568
"../../../Engine/Plugins/Animation/DeformerGraph/Content/Deformers/DG_LinearBlendSkin_Morph_Cloth.uasset" 6569
"../../../Engine/Plugins/Animation/DeformerGraph/Content/Deformers/DG_LinearBlendSkin_Morph_Cloth.uexp" 6570
"../../../Engine/Plugins/Animation/DeformerGraph/Content/Deformers/DG_LinearBlendSkin_Morph_Cloth_RecomputeNormals.uasset" 6571
"../../../Engine/Plugins/Animation/DeformerGraph/Content/Deformers/DG_LinearBlendSkin_Morph_Cloth_RecomputeNormals.uexp" 6572
"../../../Engine/Plugins/NNE/NNEDenoiser/Content/NNEDT_Oidn2-3_Balanced.uasset" 6573
"../../../Engine/Plugins/NNE/NNEDenoiser/Content/NNEDT_Oidn2-3_Balanced.uexp" 6574
"../../../Engine/Plugins/NNE/NNEDenoiser/Content/NNEDT_Oidn2-3_Balanced_Alpha.uasset" 6575
"../../../Engine/Plugins/NNE/NNEDenoiser/Content/NNEDT_Oidn2-3_Balanced_Alpha.uexp" 6576
"../../../Engine/Plugins/NNE/NNEDenoiser/Content/NNED_Oidn2-3_Balanced.uasset" 6577
"../../../Engine/Plugins/NNE/NNEDenoiser/Content/NNED_Oidn2-3_Balanced.uexp" 6578
"../../../Engine/Plugins/NNE/NNEDenoiser/Content/NNED_Oidn2-3_Balanced_Alpha.uasset" 6579
"../../../Engine/Plugins/NNE/NNEDenoiser/Content/NNED_Oidn2-3_Balanced_Alpha.uexp" 6580
"../../../Engine/Plugins/NNE/NNEDenoiser/Content/NNED_Oidn2-3_Fast.uasset" 6581
"../../../Engine/Plugins/NNE/NNEDenoiser/Content/NNED_Oidn2-3_Fast.uexp" 6582
"../../../Engine/Plugins/NNE/NNEDenoiser/Content/NNED_Oidn2-3_Fast_Alpha.uasset" 6583
"../../../Engine/Plugins/NNE/NNEDenoiser/Content/NNED_Oidn2-3_Fast_Alpha.uexp" 6584
"../../../Engine/Plugins/NNE/NNEDenoiser/Content/NNED_Oidn2-3_HighQuality.uasset" 6585
"../../../Engine/Plugins/NNE/NNEDenoiser/Content/NNED_Oidn2-3_HighQuality.uexp" 6586
"../../../Engine/Plugins/NNE/NNEDenoiser/Content/NNED_Oidn2-3_HighQuality_Alpha.uasset" 6587
"../../../Engine/Plugins/NNE/NNEDenoiser/Content/NNED_Oidn2-3_HighQuality_Alpha.uexp" 6588
"../../../Engine/Plugins/NNE/NNEDenoiser/Content/NNE_oidn2-3-0_rt_hdr_alb_nrm_small__dyn__fp16_opset11_DenoiseAlpha.uasset" 6589
"../../../Engine/Plugins/NNE/NNEDenoiser/Content/NNE_oidn2-3-0_rt_hdr_alb_nrm_small__dyn__fp16_opset11_DenoiseAlpha.uexp" 6590
"../../../Engine/Plugins/NNE/NNEDenoiser/Content/NNE_oidn2-3-0_rt_hdr_alb_nrm_small__dyn__fp16_opset11_ForwardAlpha.uasset" 6591
"../../../Engine/Plugins/NNE/NNEDenoiser/Content/NNE_oidn2-3-0_rt_hdr_alb_nrm_small__dyn__fp16_opset11_ForwardAlpha.uexp" 6592
"../../../Engine/Plugins/NNE/NNEDenoiser/Content/NNE_oidn2-3-0_rt_hdr_alb_nrm__dyn__fp16_opset11_DenoiseAlpha.uasset" 6593
"../../../Engine/Plugins/NNE/NNEDenoiser/Content/NNE_oidn2-3-0_rt_hdr_alb_nrm__dyn__fp16_opset11_DenoiseAlpha.uexp" 6594
"../../../Engine/Plugins/NNE/NNEDenoiser/Content/NNE_oidn2-3-0_rt_hdr_alb_nrm__dyn__fp16_opset11_ForwardAlpha.uasset" 6595
"../../../Engine/Plugins/NNE/NNEDenoiser/Content/NNE_oidn2-3-0_rt_hdr_alb_nrm__dyn__fp16_opset11_ForwardAlpha.uexp" 6596
"../../../Engine/Plugins/NNE/NNEDenoiser/Content/NNE_oidn2-3-0_rt_hdr_calb_cnrm_large__dyn__fp16_opset11_DenoiseAlpha.uasset" 6597
"../../../Engine/Plugins/NNE/NNEDenoiser/Content/NNE_oidn2-3-0_rt_hdr_calb_cnrm_large__dyn__fp16_opset11_DenoiseAlpha.uexp" 6598
"../../../Engine/Plugins/NNE/NNEDenoiser/Content/NNE_oidn2-3-0_rt_hdr_calb_cnrm_large__dyn__fp16_opset11_ForwardAlpha.uasset" 6599
"../../../Engine/Plugins/NNE/NNEDenoiser/Content/NNE_oidn2-3-0_rt_hdr_calb_cnrm_large__dyn__fp16_opset11_ForwardAlpha.uexp" 6600
"F:/GitHub/SproutScape/SproutScape/Content/Movies/NewMediaPlayer.uasset" 6601
"F:/GitHub/SproutScape/SproutScape/Content/Movies/NewMediaPlayer.uexp" 6602
"F:/GitHub/SproutScape/SproutScape/Content/Movies/NewMediaPlayer_Video.uasset" 6603
"F:/GitHub/SproutScape/SproutScape/Content/Movies/NewMediaPlayer_Video.uexp" 6604
"F:/GitHub/SproutScape/SproutScape/Content/Movies/NewMediaPlayer_Video_Mat.uasset" 6605
"F:/GitHub/SproutScape/SproutScape/Content/Movies/NewMediaPlayer_Video_Mat.uexp" 6606
"F:/GitHub/SproutScape/SproutScape/Content/Movies/Cinematic_-_v01.uasset" 6607
"F:/GitHub/SproutScape/SproutScape/Content/Movies/Cinematic_-_v01.uexp" 6608
"F:/GitHub/SproutScape/SproutScape/Content/Developers/milan/MainMenu/Audio/CInematic_Audio_track.ubulk" 6609
"F:/GitHub/SproutScape/SproutScape/Content/Developers/milan/MainMenu/Audio/CInematic_Audio_track.uasset" 6610
"F:/GitHub/SproutScape/SproutScape/Content/Developers/milan/MainMenu/Audio/CInematic_Audio_track.uexp" 6611
"F:/GitHub/SproutScape/SproutScape/Content/Developers/NickvanLuyk/Collections/Core/Widgets/MainMenu/WB_Cinematic.uasset" 6612
"F:/GitHub/SproutScape/SproutScape/Content/Developers/NickvanLuyk/Collections/Core/Widgets/MainMenu/WB_Cinematic.uexp" 6613
"F:/GitHub/SproutScape/SproutScape/Content/Developers/NickvanLuyk/Collections/Core/Maps/MainMenu/LVL_StartCinematic.uexp" 6614
"F:/GitHub/SproutScape/SproutScape/Content/Developers/NickvanLuyk/Collections/Core/Maps/MainMenu/LVL_StartCinematic.umap" 6615
"F:/GitHub/SproutScape/SproutScape/Content/Developers/NickvanLuyk/Collections/Core/Widgets/MainMenu/WB_ServerBrowser.uasset" 6616
"F:/GitHub/SproutScape/SproutScape/Content/Developers/NickvanLuyk/Collections/Core/Widgets/MainMenu/WB_ServerBrowser.uexp" 6617
"F:/GitHub/SproutScape/SproutScape/Content/Developers/NickvanLuyk/Collections/Core/Widgets/MainMenu/WB_CreateLobby.uasset" 6618
"F:/GitHub/SproutScape/SproutScape/Content/Developers/NickvanLuyk/Collections/Core/Widgets/MainMenu/WB_CreateLobby.uexp" 6619
"F:/GitHub/SproutScape/SproutScape/Content/Developers/NickvanLuyk/Collections/Core/Widgets/new/Button_Play.uasset" 6620
"F:/GitHub/SproutScape/SproutScape/Content/Developers/NickvanLuyk/Collections/Core/Widgets/new/Button_Play.uexp" 6621
"F:/GitHub/SproutScape/SproutScape/Content/Developers/NickvanLuyk/Collections/Core/Widgets/MainMenu/WB_LvlSelect.uasset" 6622
"F:/GitHub/SproutScape/SproutScape/Content/Developers/NickvanLuyk/Collections/Core/Widgets/MainMenu/WB_LvlSelect.uexp" 6623
"F:/GitHub/SproutScape/SproutScape/Content/Developers/NickvanLuyk/Collections/Core/Blueprints/MainMenu/BP_MenuPlayer.uasset" 6624
"F:/GitHub/SproutScape/SproutScape/Content/Developers/NickvanLuyk/Collections/Core/Blueprints/MainMenu/BP_MenuPlayer.uexp" 6625
"F:/GitHub/SproutScape/SproutScape/Content/Developers/NickvanLuyk/Collections/Core/Widgets/MainMenu/WB_Multyplayer_Lobby.uasset" 6626
"F:/GitHub/SproutScape/SproutScape/Content/Developers/NickvanLuyk/Collections/Core/Widgets/MainMenu/WB_Multyplayer_Lobby.uexp" 6627
"F:/GitHub/SproutScape/SproutScape/Content/Developers/NickvanLuyk/Collections/Core/Widgets/MainMenu/WB_OptionsMenu.uasset" 6628
"F:/GitHub/SproutScape/SproutScape/Content/Developers/NickvanLuyk/Collections/Core/Widgets/MainMenu/WB_OptionsMenu.uexp" 6629
"F:/GitHub/SproutScape/SproutScape/Content/Developers/NickvanLuyk/Collections/Core/Widgets/MainMenu/WB_Mainmenu.uasset" 6630
"F:/GitHub/SproutScape/SproutScape/Content/Developers/NickvanLuyk/Collections/Core/Widgets/MainMenu/WB_Mainmenu.uexp" 6631
"F:/GitHub/SproutScape/SproutScape/Content/Developers/NickvanLuyk/Collections/Core/Blueprints/MainMenu/BP_MenuGamemode.uasset" 6632
"F:/GitHub/SproutScape/SproutScape/Content/Developers/NickvanLuyk/Collections/Core/Blueprints/MainMenu/BP_MenuGamemode.uexp" 6633
"F:/GitHub/SproutScape/SproutScape/Content/Developers/NickvanLuyk/Collections/Core/Maps/MainMenu/MainMenu.uexp" 6634
"F:/GitHub/SproutScape/SproutScape/Content/Developers/NickvanLuyk/Collections/Core/Maps/MainMenu/MainMenu.umap" 6635
"F:/GitHub/SproutScape/SproutScape/Content/Lobby/Maps/StartUp.uexp" 6636
"F:/GitHub/SproutScape/SproutScape/Content/Lobby/Maps/StartUp.umap" 6637
"F:/GitHub/SproutScape/SproutScape/Content/Lobby/Blueprints/Lobby/S_PlayerLobbyInfo.uasset" 6638
"F:/GitHub/SproutScape/SproutScape/Content/Lobby/Blueprints/Lobby/S_PlayerLobbyInfo.uexp" 6639
"F:/GitHub/SproutScape/SproutScape/Content/Lobby/Blueprints/Lobby/WB_Button_01.uasset" 6640
"F:/GitHub/SproutScape/SproutScape/Content/Lobby/Blueprints/Lobby/WB_Button_01.uexp" 6641
"F:/GitHub/SproutScape/SproutScape/Content/Lobby/Blueprints/Lobby/WB_LobbyUI.uasset" 6642
"F:/GitHub/SproutScape/SproutScape/Content/Lobby/Blueprints/Lobby/WB_LobbyUI.uexp" 6643
"F:/GitHub/SproutScape/SproutScape/Content/Lobby/Blueprints/Lobby/BP_LobbyPC.uasset" 6644
"F:/GitHub/SproutScape/SproutScape/Content/Lobby/Blueprints/Lobby/BP_LobbyPC.uexp" 6645
"F:/GitHub/SproutScape/SproutScape/Content/Lobby/Blueprints/Lobby/BP_LobbyPawn.uasset" 6646
"F:/GitHub/SproutScape/SproutScape/Content/Lobby/Blueprints/Lobby/BP_LobbyPawn.uexp" 6647
"F:/GitHub/SproutScape/SproutScape/Content/Lobby/Blueprints/Lobby/BP_LobbyGM.uasset" 6648
"F:/GitHub/SproutScape/SproutScape/Content/Lobby/Blueprints/Lobby/BP_LobbyGM.uexp" 6649
"F:/GitHub/SproutScape/SproutScape/Content/Lobby/Blueprints/Lobby/WB_PlayerLobbyInfo.uasset" 6650
"F:/GitHub/SproutScape/SproutScape/Content/Lobby/Blueprints/Lobby/WB_PlayerLobbyInfo.uexp" 6651
"F:/GitHub/SproutScape/SproutScape/Content/SproutScape/Blueprints/ZD_Player_Lobby.uasset" 6652
"F:/GitHub/SproutScape/SproutScape/Content/SproutScape/Blueprints/ZD_Player_Lobby.uexp" 6653
"F:/GitHub/SproutScape/SproutScape/Content/Lobby/Blueprints/Lobby/WB_OpenFriendListButton.uasset" 6654
"F:/GitHub/SproutScape/SproutScape/Content/Lobby/Blueprints/Lobby/WB_OpenFriendListButton.uexp" 6655
"F:/GitHub/SproutScape/SproutScape/Content/Lobby/Blueprints/Lobby/BP_LobbyPlayerPlatform.uasset" 6656
"F:/GitHub/SproutScape/SproutScape/Content/Lobby/Blueprints/Lobby/BP_LobbyPlayerPlatform.uexp" 6657
"F:/GitHub/SproutScape/SproutScape/Content/Lobby/Blueprints/Lobby/WB_SteamFriend.uasset" 6658
"F:/GitHub/SproutScape/SproutScape/Content/Lobby/Blueprints/Lobby/WB_SteamFriend.uexp" 6659
"F:/GitHub/SproutScape/SproutScape/Content/Lobby/Blueprints/Lobby/WB_SteamFriendList.uasset" 6660
"F:/GitHub/SproutScape/SproutScape/Content/Lobby/Blueprints/Lobby/WB_SteamFriendList.uexp" 6661
"F:/GitHub/SproutScape/SproutScape/Content/Lobby/Blueprints/Lobby/BP_FriendList.uasset" 6662
"F:/GitHub/SproutScape/SproutScape/Content/Lobby/Blueprints/Lobby/BP_FriendList.uexp" 6663
"../../../Engine/Content/EngineMaterials/BlendFunc_DefBlend.uasset" 6664
"../../../Engine/Content/EngineMaterials/BlendFunc_DefBlend.uexp" 6665
"../../../Engine/Content/OpenWorldTemplate/LandscapeMaterial/T_GridChecker_A.ubulk" 6666
"../../../Engine/Content/OpenWorldTemplate/LandscapeMaterial/T_GridChecker_A.uasset" 6667
"../../../Engine/Content/OpenWorldTemplate/LandscapeMaterial/T_GridChecker_A.uexp" 6668
"../../../Engine/Content/EngineMaterials/BlendFunc_DefBase.uasset" 6669
"../../../Engine/Content/EngineMaterials/BlendFunc_DefBase.uexp" 6670
"../../../Engine/Content/Functions/Engine_MaterialFunctions03/Blends/Blend_Overlay.uasset" 6671
"../../../Engine/Content/Functions/Engine_MaterialFunctions03/Blends/Blend_Overlay.uexp" 6672
"../../../Engine/Content/OpenWorldTemplate/LandscapeMaterial/MF_ProcGrid.uasset" 6673
"../../../Engine/Content/OpenWorldTemplate/LandscapeMaterial/MF_ProcGrid.uexp" 6674
"../../../Engine/Content/OpenWorldTemplate/LandscapeMaterial/M_ProcGrid.uasset" 6675
"../../../Engine/Content/OpenWorldTemplate/LandscapeMaterial/M_ProcGrid.uexp" 6676
"../../../Engine/Content/OpenWorldTemplate/LandscapeMaterial/MI_ProcGrid.uasset" 6677
"../../../Engine/Content/OpenWorldTemplate/LandscapeMaterial/MI_ProcGrid.uexp" 6678
"../../../Engine/Content/EngineSky/T_Sky_Stars.ubulk" 6679
"../../../Engine/Content/EngineSky/T_Sky_Stars.uasset" 6680
"../../../Engine/Content/EngineSky/T_Sky_Stars.uexp" 6681
"../../../Engine/Content/EngineSky/T_Sky_Clouds_M.ubulk" 6682
"../../../Engine/Content/EngineSky/T_Sky_Clouds_M.uasset" 6683
"../../../Engine/Content/EngineSky/T_Sky_Clouds_M.uexp" 6684
"../../../Engine/Content/EngineSky/T_Sky_Blue.ubulk" 6685
"../../../Engine/Content/EngineSky/T_Sky_Blue.uasset" 6686
"../../../Engine/Content/EngineSky/T_Sky_Blue.uexp" 6687
"../../../Engine/Content/EngineSky/M_Sky_Panning_Clouds2.uasset" 6688
"../../../Engine/Content/EngineSky/M_Sky_Panning_Clouds2.uexp" 6689
"../../../Engine/Content/EngineSky/SM_SkySphere.uasset" 6690
"../../../Engine/Content/EngineSky/SM_SkySphere.uexp" 6691
"../../../Engine/Content/MapTemplates/SM_Template_Map_Floor.uasset" 6692
"../../../Engine/Content/MapTemplates/SM_Template_Map_Floor.uexp" 6693
"../../../Engine/Content/EngineSky/M_SimpleSkyDome.uasset" 6694
"../../../Engine/Content/EngineSky/M_SimpleSkyDome.uexp" 6695
"F:/GitHub/SproutScape/SproutScape/Content/Lobby/Maps/Lobby.uexp" 6696
"F:/GitHub/SproutScape/SproutScape/Content/Lobby/Maps/Lobby.umap" 6697
"../../../Engine/Content/Maps/Entry_BuiltData.uasset" 6698
"../../../Engine/Content/Maps/Entry_BuiltData.uexp" 6699
"../../../Engine/Content/Maps/Entry.uexp" 6700
"../../../Engine/Content/Maps/Entry.umap" 6701
"F:/GitHub/SproutScape/SproutScape/Content/Developers/NickvanLuyk/Collections/Core/BP_3D_Collision.uasset" 6702
"F:/GitHub/SproutScape/SproutScape/Content/Developers/NickvanLuyk/Collections/Core/BP_3D_Collision.uexp" 6703
"F:/GitHub/SproutScape/SproutScape/Content/Developers/NickvanLuyk/Collections/Core/Widgets/new/Button_Resume.uasset" 6704
"F:/GitHub/SproutScape/SproutScape/Content/Developers/NickvanLuyk/Collections/Core/Widgets/new/Button_Resume.uexp" 6705
"F:/GitHub/SproutScape/SproutScape/Content/Developers/NickvanLuyk/Collections/Core/Widgets/new/WB_IngamePauze.uasset" 6706
"F:/GitHub/SproutScape/SproutScape/Content/Developers/NickvanLuyk/Collections/Core/Widgets/new/WB_IngamePauze.uexp" 6707
"F:/GitHub/SproutScape/SproutScape/Content/Developers/NickvanLuyk/Collections/Core/BP_2D_JumpTrough_Collision.uasset" 6708
"F:/GitHub/SproutScape/SproutScape/Content/Developers/NickvanLuyk/Collections/Core/BP_2D_JumpTrough_Collision.uexp" 6709
"../../../Engine/Content/Engine_MI_Shaders/T_Emissive.uasset" 6710
"../../../Engine/Content/Engine_MI_Shaders/T_Emissive.uexp" 6711
"../../../Engine/Content/Engine_MI_Shaders/T_Reflection.uasset" 6712
"../../../Engine/Content/Engine_MI_Shaders/T_Reflection.uexp" 6713
"../../../Engine/Content/Engine_MI_Shaders/M_Shader_SimpleTranslucent.uasset" 6714
"../../../Engine/Content/Engine_MI_Shaders/M_Shader_SimpleTranslucent.uexp" 6715
"../../../Engine/Content/Engine_MI_Shaders/Instances/M_Shader_SimpleTranslucent_Invis.uasset" 6716
"../../../Engine/Content/Engine_MI_Shaders/Instances/M_Shader_SimpleTranslucent_Invis.uexp" 6717
"F:/GitHub/SproutScape/SproutScape/Content/Developers/edrik/BluePrints/Interaction/WBP_InteractionPrompt1.uasset" 6718
"F:/GitHub/SproutScape/SproutScape/Content/Developers/edrik/BluePrints/Interaction/WBP_InteractionPrompt1.uexp" 6719
"F:/GitHub/SproutScape/SproutScape/Content/Developers/NickvanLuyk/Collections/Core/Materials/M_Outline.uasset" 6720
"F:/GitHub/SproutScape/SproutScape/Content/Developers/NickvanLuyk/Collections/Core/Materials/M_Outline.uexp" 6721
"F:/GitHub/SproutScape/SproutScape/Content/Developers/edrik/Art/WashBot_00026.uasset" 6722
"F:/GitHub/SproutScape/SproutScape/Content/Developers/edrik/Art/WashBot_00026.uexp" 6723
"F:/GitHub/SproutScape/SproutScape/Content/Developers/edrik/Art/WashBot_00026_Sprite.uasset" 6724
"F:/GitHub/SproutScape/SproutScape/Content/Developers/edrik/Art/WashBot_00026_Sprite.uexp" 6725
"F:/GitHub/SproutScape/SproutScape/Content/Developers/edrik/Art/WashBot_00087.uasset" 6726
"F:/GitHub/SproutScape/SproutScape/Content/Developers/edrik/Art/WashBot_00087.uexp" 6727
"F:/GitHub/SproutScape/SproutScape/Content/Developers/edrik/Art/WashBot_00087_Sprite.uasset" 6728
"F:/GitHub/SproutScape/SproutScape/Content/Developers/edrik/Art/WashBot_00087_Sprite.uexp" 6729
"F:/GitHub/SproutScape/SproutScape/Content/Developers/edrik/Art/WashBot_00115.uasset" 6730
"F:/GitHub/SproutScape/SproutScape/Content/Developers/edrik/Art/WashBot_00115.uexp" 6731
"F:/GitHub/SproutScape/SproutScape/Content/Developers/edrik/Art/WashBot_00115_Sprite.uasset" 6732
"F:/GitHub/SproutScape/SproutScape/Content/Developers/edrik/Art/WashBot_00115_Sprite.uexp" 6733
"F:/GitHub/SproutScape/SproutScape/Content/Developers/edrik/Art/WashBot_00054.uasset" 6734
"F:/GitHub/SproutScape/SproutScape/Content/Developers/edrik/Art/WashBot_00054.uexp" 6735
"F:/GitHub/SproutScape/SproutScape/Content/Developers/edrik/Art/WashBot_00054_Sprite.uasset" 6736
"F:/GitHub/SproutScape/SproutScape/Content/Developers/edrik/Art/WashBot_00054_Sprite.uexp" 6737
"F:/GitHub/SproutScape/SproutScape/Content/Developers/edrik/Art/WashBot_00086.uasset" 6738
"F:/GitHub/SproutScape/SproutScape/Content/Developers/edrik/Art/WashBot_00086.uexp" 6739
"F:/GitHub/SproutScape/SproutScape/Content/Developers/edrik/Art/WashBot_00086_Sprite.uasset" 6740
"F:/GitHub/SproutScape/SproutScape/Content/Developers/edrik/Art/WashBot_00086_Sprite.uexp" 6741
"F:/GitHub/SproutScape/SproutScape/Content/Developers/edrik/Art/WashBot_00056.uasset" 6742
"F:/GitHub/SproutScape/SproutScape/Content/Developers/edrik/Art/WashBot_00056.uexp" 6743
"F:/GitHub/SproutScape/SproutScape/Content/Developers/edrik/Art/WashBot_00056_Sprite.uasset" 6744
"F:/GitHub/SproutScape/SproutScape/Content/Developers/edrik/Art/WashBot_00056_Sprite.uexp" 6745
"F:/GitHub/SproutScape/SproutScape/Content/Developers/edrik/Art/WashBot_00000.uasset" 6746
"F:/GitHub/SproutScape/SproutScape/Content/Developers/edrik/Art/WashBot_00000.uexp" 6747
"F:/GitHub/SproutScape/SproutScape/Content/Developers/edrik/Art/WashBot_00000_Sprite.uasset" 6748
"F:/GitHub/SproutScape/SproutScape/Content/Developers/edrik/Art/WashBot_00000_Sprite.uexp" 6749
"F:/GitHub/SproutScape/SproutScape/Content/Developers/edrik/Art/WashBot_00022.uasset" 6750
"F:/GitHub/SproutScape/SproutScape/Content/Developers/edrik/Art/WashBot_00022.uexp" 6751
"F:/GitHub/SproutScape/SproutScape/Content/Developers/edrik/Art/WashBot_00022_Sprite.uasset" 6752
"F:/GitHub/SproutScape/SproutScape/Content/Developers/edrik/Art/WashBot_00022_Sprite.uexp" 6753
"F:/GitHub/SproutScape/SproutScape/Content/Developers/edrik/Art/WashBot_00024.uasset" 6754
"F:/GitHub/SproutScape/SproutScape/Content/Developers/edrik/Art/WashBot_00024.uexp" 6755
"F:/GitHub/SproutScape/SproutScape/Content/Developers/edrik/Art/WashBot_00024_Sprite.uasset" 6756
"F:/GitHub/SproutScape/SproutScape/Content/Developers/edrik/Art/WashBot_00024_Sprite.uexp" 6757
"F:/GitHub/SproutScape/SproutScape/Content/Developers/edrik/Art/WashBot_00011.uasset" 6758
"F:/GitHub/SproutScape/SproutScape/Content/Developers/edrik/Art/WashBot_00011.uexp" 6759
"F:/GitHub/SproutScape/SproutScape/Content/Developers/edrik/Art/WashBot_00011_Sprite.uasset" 6760
"F:/GitHub/SproutScape/SproutScape/Content/Developers/edrik/Art/WashBot_00011_Sprite.uexp" 6761
"F:/GitHub/SproutScape/SproutScape/Content/Developers/edrik/Art/WashBot_00023.uasset" 6762
"F:/GitHub/SproutScape/SproutScape/Content/Developers/edrik/Art/WashBot_00023.uexp" 6763
"F:/GitHub/SproutScape/SproutScape/Content/Developers/edrik/Art/WashBot_00023_Sprite.uasset" 6764
"F:/GitHub/SproutScape/SproutScape/Content/Developers/edrik/Art/WashBot_00023_Sprite.uexp" 6765
"F:/GitHub/SproutScape/SproutScape/Content/Developers/edrik/Art/WashBot_00111.uasset" 6766
"F:/GitHub/SproutScape/SproutScape/Content/Developers/edrik/Art/WashBot_00111.uexp" 6767
"F:/GitHub/SproutScape/SproutScape/Content/Developers/edrik/Art/WashBot_00111_Sprite.uasset" 6768
"F:/GitHub/SproutScape/SproutScape/Content/Developers/edrik/Art/WashBot_00111_Sprite.uexp" 6769
"F:/GitHub/SproutScape/SproutScape/Content/Developers/edrik/Art/WashBot_00067.uasset" 6770
"F:/GitHub/SproutScape/SproutScape/Content/Developers/edrik/Art/WashBot_00067.uexp" 6771
"F:/GitHub/SproutScape/SproutScape/Content/Developers/edrik/Art/WashBot_00067_Sprite.uasset" 6772
"F:/GitHub/SproutScape/SproutScape/Content/Developers/edrik/Art/WashBot_00067_Sprite.uexp" 6773
"F:/GitHub/SproutScape/SproutScape/Content/Developers/edrik/Art/WashBot_00076.uasset" 6774
"F:/GitHub/SproutScape/SproutScape/Content/Developers/edrik/Art/WashBot_00076.uexp" 6775
"F:/GitHub/SproutScape/SproutScape/Content/Developers/edrik/Art/WashBot_00076_Sprite.uasset" 6776
"F:/GitHub/SproutScape/SproutScape/Content/Developers/edrik/Art/WashBot_00076_Sprite.uexp" 6777
"F:/GitHub/SproutScape/SproutScape/Content/Developers/edrik/Art/WashBot_00110.uasset" 6778
"F:/GitHub/SproutScape/SproutScape/Content/Developers/edrik/Art/WashBot_00110.uexp" 6779
"F:/GitHub/SproutScape/SproutScape/Content/Developers/edrik/Art/WashBot_00110_Sprite.uasset" 6780
"F:/GitHub/SproutScape/SproutScape/Content/Developers/edrik/Art/WashBot_00110_Sprite.uexp" 6781
"F:/GitHub/SproutScape/SproutScape/Content/Developers/edrik/Art/WashBot_00045.uasset" 6782
"F:/GitHub/SproutScape/SproutScape/Content/Developers/edrik/Art/WashBot_00045.uexp" 6783
"F:/GitHub/SproutScape/SproutScape/Content/Developers/edrik/Art/WashBot_00045_Sprite.uasset" 6784
"F:/GitHub/SproutScape/SproutScape/Content/Developers/edrik/Art/WashBot_00045_Sprite.uexp" 6785
"F:/GitHub/SproutScape/SproutScape/Content/Developers/edrik/Art/WashBot_00051.uasset" 6786
"F:/GitHub/SproutScape/SproutScape/Content/Developers/edrik/Art/WashBot_00051.uexp" 6787
"F:/GitHub/SproutScape/SproutScape/Content/Developers/edrik/Art/WashBot_00051_Sprite.uasset" 6788
"F:/GitHub/SproutScape/SproutScape/Content/Developers/edrik/Art/WashBot_00051_Sprite.uexp" 6789
"F:/GitHub/SproutScape/SproutScape/Content/Developers/edrik/Art/WashBot_00052.uasset" 6790
"F:/GitHub/SproutScape/SproutScape/Content/Developers/edrik/Art/WashBot_00052.uexp" 6791
"F:/GitHub/SproutScape/SproutScape/Content/Developers/edrik/Art/WashBot_00052_Sprite.uasset" 6792
"F:/GitHub/SproutScape/SproutScape/Content/Developers/edrik/Art/WashBot_00052_Sprite.uexp" 6793
"F:/GitHub/SproutScape/SproutScape/Content/Developers/edrik/Art/WashBot_00112.uasset" 6794
"F:/GitHub/SproutScape/SproutScape/Content/Developers/edrik/Art/WashBot_00112.uexp" 6795
"F:/GitHub/SproutScape/SproutScape/Content/Developers/edrik/Art/WashBot_00112_Sprite.uasset" 6796
"F:/GitHub/SproutScape/SproutScape/Content/Developers/edrik/Art/WashBot_00112_Sprite.uexp" 6797
"F:/GitHub/SproutScape/SproutScape/Content/Developers/edrik/Art/WashBot_00047.uasset" 6798
"F:/GitHub/SproutScape/SproutScape/Content/Developers/edrik/Art/WashBot_00047.uexp" 6799
"F:/GitHub/SproutScape/SproutScape/Content/Developers/edrik/Art/WashBot_00047_Sprite.uasset" 6800
"F:/GitHub/SproutScape/SproutScape/Content/Developers/edrik/Art/WashBot_00047_Sprite.uexp" 6801
"F:/GitHub/SproutScape/SproutScape/Content/Developers/edrik/Art/WashBot_00084.uasset" 6802
"F:/GitHub/SproutScape/SproutScape/Content/Developers/edrik/Art/WashBot_00084.uexp" 6803
"F:/GitHub/SproutScape/SproutScape/Content/Developers/edrik/Art/WashBot_00084_Sprite.uasset" 6804
"F:/GitHub/SproutScape/SproutScape/Content/Developers/edrik/Art/WashBot_00084_Sprite.uexp" 6805
"F:/GitHub/SproutScape/SproutScape/Content/Developers/edrik/Art/WashBot_00116.uasset" 6806
"F:/GitHub/SproutScape/SproutScape/Content/Developers/edrik/Art/WashBot_00116.uexp" 6807
"F:/GitHub/SproutScape/SproutScape/Content/Developers/edrik/Art/WashBot_00116_Sprite.uasset" 6808
"F:/GitHub/SproutScape/SproutScape/Content/Developers/edrik/Art/WashBot_00116_Sprite.uexp" 6809
"F:/GitHub/SproutScape/SproutScape/Content/Developers/edrik/Art/WashBot_00060.uasset" 6810
"F:/GitHub/SproutScape/SproutScape/Content/Developers/edrik/Art/WashBot_00060.uexp" 6811
"F:/GitHub/SproutScape/SproutScape/Content/Developers/edrik/Art/WashBot_00060_Sprite.uasset" 6812
"F:/GitHub/SproutScape/SproutScape/Content/Developers/edrik/Art/WashBot_00060_Sprite.uexp" 6813
"F:/GitHub/SproutScape/SproutScape/Content/Developers/edrik/Art/WashBot_00036.uasset" 6814
"F:/GitHub/SproutScape/SproutScape/Content/Developers/edrik/Art/WashBot_00036.uexp" 6815
"F:/GitHub/SproutScape/SproutScape/Content/Developers/edrik/Art/WashBot_00036_Sprite.uasset" 6816
"F:/GitHub/SproutScape/SproutScape/Content/Developers/edrik/Art/WashBot_00036_Sprite.uexp" 6817
"F:/GitHub/SproutScape/SproutScape/Content/Developers/edrik/Art/WashBot_00049.uasset" 6818
"F:/GitHub/SproutScape/SproutScape/Content/Developers/edrik/Art/WashBot_00049.uexp" 6819
"F:/GitHub/SproutScape/SproutScape/Content/Developers/edrik/Art/WashBot_00049_Sprite.uasset" 6820
"F:/GitHub/SproutScape/SproutScape/Content/Developers/edrik/Art/WashBot_00049_Sprite.uexp" 6821
"F:/GitHub/SproutScape/SproutScape/Content/Developers/edrik/Art/WashBot_00003.uasset" 6822
"F:/GitHub/SproutScape/SproutScape/Content/Developers/edrik/Art/WashBot_00003.uexp" 6823
"F:/GitHub/SproutScape/SproutScape/Content/Developers/edrik/Art/WashBot_00003_Sprite.uasset" 6824
"F:/GitHub/SproutScape/SproutScape/Content/Developers/edrik/Art/WashBot_00003_Sprite.uexp" 6825
"F:/GitHub/SproutScape/SproutScape/Content/Developers/edrik/Art/WashBot_00106.uasset" 6826
"F:/GitHub/SproutScape/SproutScape/Content/Developers/edrik/Art/WashBot_00106.uexp" 6827
"F:/GitHub/SproutScape/SproutScape/Content/Developers/edrik/Art/WashBot_00106_Sprite.uasset" 6828
"F:/GitHub/SproutScape/SproutScape/Content/Developers/edrik/Art/WashBot_00106_Sprite.uexp" 6829
"F:/GitHub/SproutScape/SproutScape/Content/Developers/edrik/Art/WashBot_00038.uasset" 6830
"F:/GitHub/SproutScape/SproutScape/Content/Developers/edrik/Art/WashBot_00038.uexp" 6831
"F:/GitHub/SproutScape/SproutScape/Content/Developers/edrik/Art/WashBot_00038_Sprite.uasset" 6832
"F:/GitHub/SproutScape/SproutScape/Content/Developers/edrik/Art/WashBot_00038_Sprite.uexp" 6833
"F:/GitHub/SproutScape/SproutScape/Content/Developers/edrik/Art/WashBot_00097.uasset" 6834
"F:/GitHub/SproutScape/SproutScape/Content/Developers/edrik/Art/WashBot_00097.uexp" 6835
"F:/GitHub/SproutScape/SproutScape/Content/Developers/edrik/Art/WashBot_00097_Sprite.uasset" 6836
"F:/GitHub/SproutScape/SproutScape/Content/Developers/edrik/Art/WashBot_00097_Sprite.uexp" 6837
"F:/GitHub/SproutScape/SproutScape/Content/Developers/edrik/Art/WashBot_00004.uasset" 6838
"F:/GitHub/SproutScape/SproutScape/Content/Developers/edrik/Art/WashBot_00004.uexp" 6839
"F:/GitHub/SproutScape/SproutScape/Content/Developers/edrik/Art/WashBot_00004_Sprite.uasset" 6840
"F:/GitHub/SproutScape/SproutScape/Content/Developers/edrik/Art/WashBot_00004_Sprite.uexp" 6841
"F:/GitHub/SproutScape/SproutScape/Content/Developers/edrik/Art/WashBot_00098.uasset" 6842
"F:/GitHub/SproutScape/SproutScape/Content/Developers/edrik/Art/WashBot_00098.uexp" 6843
"F:/GitHub/SproutScape/SproutScape/Content/Developers/edrik/Art/WashBot_00098_Sprite.uasset" 6844
"F:/GitHub/SproutScape/SproutScape/Content/Developers/edrik/Art/WashBot_00098_Sprite.uexp" 6845
"F:/GitHub/SproutScape/SproutScape/Content/Developers/edrik/Art/WashBot_00092.uasset" 6846
"F:/GitHub/SproutScape/SproutScape/Content/Developers/edrik/Art/WashBot_00092.uexp" 6847
"F:/GitHub/SproutScape/SproutScape/Content/Developers/edrik/Art/WashBot_00092_Sprite.uasset" 6848
"F:/GitHub/SproutScape/SproutScape/Content/Developers/edrik/Art/WashBot_00092_Sprite.uexp" 6849
"F:/GitHub/SproutScape/SproutScape/Content/Developers/edrik/Art/WashBot_00072.uasset" 6850
"F:/GitHub/SproutScape/SproutScape/Content/Developers/edrik/Art/WashBot_00072.uexp" 6851
"F:/GitHub/SproutScape/SproutScape/Content/Developers/edrik/Art/WashBot_00072_Sprite.uasset" 6852
"F:/GitHub/SproutScape/SproutScape/Content/Developers/edrik/Art/WashBot_00072_Sprite.uexp" 6853
"F:/GitHub/SproutScape/SproutScape/Content/Developers/edrik/Art/WashBot_00008.uasset" 6854
"F:/GitHub/SproutScape/SproutScape/Content/Developers/edrik/Art/WashBot_00008.uexp" 6855
"F:/GitHub/SproutScape/SproutScape/Content/Developers/edrik/Art/WashBot_00008_Sprite.uasset" 6856
"F:/GitHub/SproutScape/SproutScape/Content/Developers/edrik/Art/WashBot_00008_Sprite.uexp" 6857
"F:/GitHub/SproutScape/SproutScape/Content/Developers/edrik/Art/WashBot_00077.uasset" 6858
"F:/GitHub/SproutScape/SproutScape/Content/Developers/edrik/Art/WashBot_00077.uexp" 6859
"F:/GitHub/SproutScape/SproutScape/Content/Developers/edrik/Art/WashBot_00077_Sprite.uasset" 6860
"F:/GitHub/SproutScape/SproutScape/Content/Developers/edrik/Art/WashBot_00077_Sprite.uexp" 6861
"F:/GitHub/SproutScape/SproutScape/Content/Developers/edrik/Art/WashBot_00037.uasset" 6862
"F:/GitHub/SproutScape/SproutScape/Content/Developers/edrik/Art/WashBot_00037.uexp" 6863
"F:/GitHub/SproutScape/SproutScape/Content/Developers/edrik/Art/WashBot_00037_Sprite.uasset" 6864
"F:/GitHub/SproutScape/SproutScape/Content/Developers/edrik/Art/WashBot_00037_Sprite.uexp" 6865
"F:/GitHub/SproutScape/SproutScape/Content/Developers/edrik/Art/WashBot_00032.uasset" 6866
"F:/GitHub/SproutScape/SproutScape/Content/Developers/edrik/Art/WashBot_00032.uexp" 6867
"F:/GitHub/SproutScape/SproutScape/Content/Developers/edrik/Art/WashBot_00032_Sprite.uasset" 6868
"F:/GitHub/SproutScape/SproutScape/Content/Developers/edrik/Art/WashBot_00032_Sprite.uexp" 6869
"F:/GitHub/SproutScape/SproutScape/Content/Developers/edrik/Art/WashBot_00088.uasset" 6870
"F:/GitHub/SproutScape/SproutScape/Content/Developers/edrik/Art/WashBot_00088.uexp" 6871
"F:/GitHub/SproutScape/SproutScape/Content/Developers/edrik/Art/WashBot_00088_Sprite.uasset" 6872
"F:/GitHub/SproutScape/SproutScape/Content/Developers/edrik/Art/WashBot_00088_Sprite.uexp" 6873
"F:/GitHub/SproutScape/SproutScape/Content/Developers/edrik/Art/WashBot_00033.uasset" 6874
"F:/GitHub/SproutScape/SproutScape/Content/Developers/edrik/Art/WashBot_00033.uexp" 6875
"F:/GitHub/SproutScape/SproutScape/Content/Developers/edrik/Art/WashBot_00033_Sprite.uasset" 6876
"F:/GitHub/SproutScape/SproutScape/Content/Developers/edrik/Art/WashBot_00033_Sprite.uexp" 6877
"F:/GitHub/SproutScape/SproutScape/Content/Developers/edrik/Art/WashBot_00091.uasset" 6878
"F:/GitHub/SproutScape/SproutScape/Content/Developers/edrik/Art/WashBot_00091.uexp" 6879
"F:/GitHub/SproutScape/SproutScape/Content/Developers/edrik/Art/WashBot_00091_Sprite.uasset" 6880
"F:/GitHub/SproutScape/SproutScape/Content/Developers/edrik/Art/WashBot_00091_Sprite.uexp" 6881
"F:/GitHub/SproutScape/SproutScape/Content/Developers/edrik/Art/WashBot_00061.uasset" 6882
"F:/GitHub/SproutScape/SproutScape/Content/Developers/edrik/Art/WashBot_00061.uexp" 6883
"F:/GitHub/SproutScape/SproutScape/Content/Developers/edrik/Art/WashBot_00061_Sprite.uasset" 6884
"F:/GitHub/SproutScape/SproutScape/Content/Developers/edrik/Art/WashBot_00061_Sprite.uexp" 6885
"F:/GitHub/SproutScape/SproutScape/Content/Developers/edrik/Art/WashBot_00059.uasset" 6886
"F:/GitHub/SproutScape/SproutScape/Content/Developers/edrik/Art/WashBot_00059.uexp" 6887
"F:/GitHub/SproutScape/SproutScape/Content/Developers/edrik/Art/WashBot_00059_Sprite.uasset" 6888
"F:/GitHub/SproutScape/SproutScape/Content/Developers/edrik/Art/WashBot_00059_Sprite.uexp" 6889
"F:/GitHub/SproutScape/SproutScape/Content/Developers/edrik/Art/WashBot_00029.uasset" 6890
"F:/GitHub/SproutScape/SproutScape/Content/Developers/edrik/Art/WashBot_00029.uexp" 6891
"F:/GitHub/SproutScape/SproutScape/Content/Developers/edrik/Art/WashBot_00029_Sprite.uasset" 6892
"F:/GitHub/SproutScape/SproutScape/Content/Developers/edrik/Art/WashBot_00029_Sprite.uexp" 6893
"F:/GitHub/SproutScape/SproutScape/Content/Developers/edrik/Art/WashBot_00028.uasset" 6894
"F:/GitHub/SproutScape/SproutScape/Content/Developers/edrik/Art/WashBot_00028.uexp" 6895
"F:/GitHub/SproutScape/SproutScape/Content/Developers/edrik/Art/WashBot_00028_Sprite.uasset" 6896
"F:/GitHub/SproutScape/SproutScape/Content/Developers/edrik/Art/WashBot_00028_Sprite.uexp" 6897
"F:/GitHub/SproutScape/SproutScape/Content/Developers/edrik/Art/WashBot_00101.uasset" 6898
"F:/GitHub/SproutScape/SproutScape/Content/Developers/edrik/Art/WashBot_00101.uexp" 6899
"F:/GitHub/SproutScape/SproutScape/Content/Developers/edrik/Art/WashBot_00101_Sprite.uasset" 6900
"F:/GitHub/SproutScape/SproutScape/Content/Developers/edrik/Art/WashBot_00101_Sprite.uexp" 6901
"F:/GitHub/SproutScape/SproutScape/Content/Developers/edrik/Art/WashBot_00105.uasset" 6902
"F:/GitHub/SproutScape/SproutScape/Content/Developers/edrik/Art/WashBot_00105.uexp" 6903
"F:/GitHub/SproutScape/SproutScape/Content/Developers/edrik/Art/WashBot_00105_Sprite.uasset" 6904
"F:/GitHub/SproutScape/SproutScape/Content/Developers/edrik/Art/WashBot_00105_Sprite.uexp" 6905
"F:/GitHub/SproutScape/SproutScape/Content/Developers/edrik/Art/WashBot_00048.uasset" 6906
"F:/GitHub/SproutScape/SproutScape/Content/Developers/edrik/Art/WashBot_00048.uexp" 6907
"F:/GitHub/SproutScape/SproutScape/Content/Developers/edrik/Art/WashBot_00048_Sprite.uasset" 6908
"F:/GitHub/SproutScape/SproutScape/Content/Developers/edrik/Art/WashBot_00048_Sprite.uexp" 6909
"F:/GitHub/SproutScape/SproutScape/Content/Developers/edrik/Art/WashBot_00100.uasset" 6910
"F:/GitHub/SproutScape/SproutScape/Content/Developers/edrik/Art/WashBot_00100.uexp" 6911
"F:/GitHub/SproutScape/SproutScape/Content/Developers/edrik/Art/WashBot_00100_Sprite.uasset" 6912
"F:/GitHub/SproutScape/SproutScape/Content/Developers/edrik/Art/WashBot_00100_Sprite.uexp" 6913
"F:/GitHub/SproutScape/SproutScape/Content/Developers/edrik/Art/WashBot_00071.uasset" 6914
"F:/GitHub/SproutScape/SproutScape/Content/Developers/edrik/Art/WashBot_00071.uexp" 6915
"F:/GitHub/SproutScape/SproutScape/Content/Developers/edrik/Art/WashBot_00071_Sprite.uasset" 6916
"F:/GitHub/SproutScape/SproutScape/Content/Developers/edrik/Art/WashBot_00071_Sprite.uexp" 6917
"F:/GitHub/SproutScape/SproutScape/Content/Developers/edrik/Art/WashBot_00108.uasset" 6918
"F:/GitHub/SproutScape/SproutScape/Content/Developers/edrik/Art/WashBot_00108.uexp" 6919
"F:/GitHub/SproutScape/SproutScape/Content/Developers/edrik/Art/WashBot_00108_Sprite.uasset" 6920
"F:/GitHub/SproutScape/SproutScape/Content/Developers/edrik/Art/WashBot_00108_Sprite.uexp" 6921
"F:/GitHub/SproutScape/SproutScape/Content/Developers/edrik/Art/WashBot_00082.uasset" 6922
"F:/GitHub/SproutScape/SproutScape/Content/Developers/edrik/Art/WashBot_00082.uexp" 6923
"F:/GitHub/SproutScape/SproutScape/Content/Developers/edrik/Art/WashBot_00082_Sprite.uasset" 6924
"F:/GitHub/SproutScape/SproutScape/Content/Developers/edrik/Art/WashBot_00082_Sprite.uexp" 6925
"F:/GitHub/SproutScape/SproutScape/Content/Developers/edrik/Art/WashBot_00041.uasset" 6926
"F:/GitHub/SproutScape/SproutScape/Content/Developers/edrik/Art/WashBot_00041.uexp" 6927
"F:/GitHub/SproutScape/SproutScape/Content/Developers/edrik/Art/WashBot_00041_Sprite.uasset" 6928
"F:/GitHub/SproutScape/SproutScape/Content/Developers/edrik/Art/WashBot_00041_Sprite.uexp" 6929
"F:/GitHub/SproutScape/SproutScape/Content/Developers/edrik/Art/WashBot_00042.uasset" 6930
"F:/GitHub/SproutScape/SproutScape/Content/Developers/edrik/Art/WashBot_00042.uexp" 6931
"F:/GitHub/SproutScape/SproutScape/Content/Developers/edrik/Art/WashBot_00042_Sprite.uasset" 6932
"F:/GitHub/SproutScape/SproutScape/Content/Developers/edrik/Art/WashBot_00042_Sprite.uexp" 6933
"F:/GitHub/SproutScape/SproutScape/Content/Developers/edrik/Art/WashBot_00046.uasset" 6934
"F:/GitHub/SproutScape/SproutScape/Content/Developers/edrik/Art/WashBot_00046.uexp" 6935
"F:/GitHub/SproutScape/SproutScape/Content/Developers/edrik/Art/WashBot_00046_Sprite.uasset" 6936
"F:/GitHub/SproutScape/SproutScape/Content/Developers/edrik/Art/WashBot_00046_Sprite.uexp" 6937
"F:/GitHub/SproutScape/SproutScape/Content/Developers/edrik/Art/WashBot_00035.uasset" 6938
"F:/GitHub/SproutScape/SproutScape/Content/Developers/edrik/Art/WashBot_00035.uexp" 6939
"F:/GitHub/SproutScape/SproutScape/Content/Developers/edrik/Art/WashBot_00035_Sprite.uasset" 6940
"F:/GitHub/SproutScape/SproutScape/Content/Developers/edrik/Art/WashBot_00035_Sprite.uexp" 6941
"F:/GitHub/SproutScape/SproutScape/Content/Developers/edrik/Art/WashBot_00104.uasset" 6942
"F:/GitHub/SproutScape/SproutScape/Content/Developers/edrik/Art/WashBot_00104.uexp" 6943
"F:/GitHub/SproutScape/SproutScape/Content/Developers/edrik/Art/WashBot_00104_Sprite.uasset" 6944
"F:/GitHub/SproutScape/SproutScape/Content/Developers/edrik/Art/WashBot_00104_Sprite.uexp" 6945
"F:/GitHub/SproutScape/SproutScape/Content/Developers/edrik/Art/WashBot_00018.uasset" 6946
"F:/GitHub/SproutScape/SproutScape/Content/Developers/edrik/Art/WashBot_00018.uexp" 6947
"F:/GitHub/SproutScape/SproutScape/Content/Developers/edrik/Art/WashBot_00018_Sprite.uasset" 6948
"F:/GitHub/SproutScape/SproutScape/Content/Developers/edrik/Art/WashBot_00018_Sprite.uexp" 6949
"F:/GitHub/SproutScape/SproutScape/Content/Developers/edrik/Art/WashBot_00017.uasset" 6950
"F:/GitHub/SproutScape/SproutScape/Content/Developers/edrik/Art/WashBot_00017.uexp" 6951
"F:/GitHub/SproutScape/SproutScape/Content/Developers/edrik/Art/WashBot_00017_Sprite.uasset" 6952
"F:/GitHub/SproutScape/SproutScape/Content/Developers/edrik/Art/WashBot_00017_Sprite.uexp" 6953
"F:/GitHub/SproutScape/SproutScape/Content/Developers/edrik/Art/WashBot_00039.uasset" 6954
"F:/GitHub/SproutScape/SproutScape/Content/Developers/edrik/Art/WashBot_00039.uexp" 6955
"F:/GitHub/SproutScape/SproutScape/Content/Developers/edrik/Art/WashBot_00039_Sprite.uasset" 6956
"F:/GitHub/SproutScape/SproutScape/Content/Developers/edrik/Art/WashBot_00039_Sprite.uexp" 6957
"F:/GitHub/SproutScape/SproutScape/Content/Developers/edrik/Art/WashBot_00103.uasset" 6958
"F:/GitHub/SproutScape/SproutScape/Content/Developers/edrik/Art/WashBot_00103.uexp" 6959
"F:/GitHub/SproutScape/SproutScape/Content/Developers/edrik/Art/WashBot_00103_Sprite.uasset" 6960
"F:/GitHub/SproutScape/SproutScape/Content/Developers/edrik/Art/WashBot_00103_Sprite.uexp" 6961
"F:/GitHub/SproutScape/SproutScape/Content/Developers/edrik/Art/WashBot_00066.uasset" 6962
"F:/GitHub/SproutScape/SproutScape/Content/Developers/edrik/Art/WashBot_00066.uexp" 6963
"F:/GitHub/SproutScape/SproutScape/Content/Developers/edrik/Art/WashBot_00066_Sprite.uasset" 6964
"F:/GitHub/SproutScape/SproutScape/Content/Developers/edrik/Art/WashBot_00066_Sprite.uexp" 6965
"F:/GitHub/SproutScape/SproutScape/Content/Developers/edrik/Art/WashBot_00117.uasset" 6966
"F:/GitHub/SproutScape/SproutScape/Content/Developers/edrik/Art/WashBot_00117.uexp" 6967
"F:/GitHub/SproutScape/SproutScape/Content/Developers/edrik/Art/WashBot_00117_Sprite.uasset" 6968
"F:/GitHub/SproutScape/SproutScape/Content/Developers/edrik/Art/WashBot_00117_Sprite.uexp" 6969
"F:/GitHub/SproutScape/SproutScape/Content/Developers/edrik/Art/WashBot_00080.uasset" 6970
"F:/GitHub/SproutScape/SproutScape/Content/Developers/edrik/Art/WashBot_00080.uexp" 6971
"F:/GitHub/SproutScape/SproutScape/Content/Developers/edrik/Art/WashBot_00080_Sprite.uasset" 6972
"F:/GitHub/SproutScape/SproutScape/Content/Developers/edrik/Art/WashBot_00080_Sprite.uexp" 6973
"F:/GitHub/SproutScape/SproutScape/Content/Developers/edrik/Art/WashBot_00009.uasset" 6974
"F:/GitHub/SproutScape/SproutScape/Content/Developers/edrik/Art/WashBot_00009.uexp" 6975
"F:/GitHub/SproutScape/SproutScape/Content/Developers/edrik/Art/WashBot_00009_Sprite.uasset" 6976
"F:/GitHub/SproutScape/SproutScape/Content/Developers/edrik/Art/WashBot_00009_Sprite.uexp" 6977
"F:/GitHub/SproutScape/SproutScape/Content/Developers/edrik/Art/WashBot_00043.uasset" 6978
"F:/GitHub/SproutScape/SproutScape/Content/Developers/edrik/Art/WashBot_00043.uexp" 6979
"F:/GitHub/SproutScape/SproutScape/Content/Developers/edrik/Art/WashBot_00043_Sprite.uasset" 6980
"F:/GitHub/SproutScape/SproutScape/Content/Developers/edrik/Art/WashBot_00043_Sprite.uexp" 6981
"F:/GitHub/SproutScape/SproutScape/Content/Developers/edrik/Art/WashBot_00021.uasset" 6982
"F:/GitHub/SproutScape/SproutScape/Content/Developers/edrik/Art/WashBot_00021.uexp" 6983
"F:/GitHub/SproutScape/SproutScape/Content/Developers/edrik/Art/WashBot_00021_Sprite.uasset" 6984
"F:/GitHub/SproutScape/SproutScape/Content/Developers/edrik/Art/WashBot_00021_Sprite.uexp" 6985
"F:/GitHub/SproutScape/SproutScape/Content/Developers/edrik/Art/WashBot_00099.uasset" 6986
"F:/GitHub/SproutScape/SproutScape/Content/Developers/edrik/Art/WashBot_00099.uexp" 6987
"F:/GitHub/SproutScape/SproutScape/Content/Developers/edrik/Art/WashBot_00099_Sprite.uasset" 6988
"F:/GitHub/SproutScape/SproutScape/Content/Developers/edrik/Art/WashBot_00099_Sprite.uexp" 6989
"F:/GitHub/SproutScape/SproutScape/Content/Developers/edrik/Art/WashBot_00095.uasset" 6990
"F:/GitHub/SproutScape/SproutScape/Content/Developers/edrik/Art/WashBot_00095.uexp" 6991
"F:/GitHub/SproutScape/SproutScape/Content/Developers/edrik/Art/WashBot_00095_Sprite.uasset" 6992
"F:/GitHub/SproutScape/SproutScape/Content/Developers/edrik/Art/WashBot_00095_Sprite.uexp" 6993
"F:/GitHub/SproutScape/SproutScape/Content/Developers/edrik/Art/WashBot_00074.uasset" 6994
"F:/GitHub/SproutScape/SproutScape/Content/Developers/edrik/Art/WashBot_00074.uexp" 6995
"F:/GitHub/SproutScape/SproutScape/Content/Developers/edrik/Art/WashBot_00074_Sprite.uasset" 6996
"F:/GitHub/SproutScape/SproutScape/Content/Developers/edrik/Art/WashBot_00074_Sprite.uexp" 6997
"F:/GitHub/SproutScape/SproutScape/Content/Developers/edrik/Art/WashBot_00085.uasset" 6998
"F:/GitHub/SproutScape/SproutScape/Content/Developers/edrik/Art/WashBot_00085.uexp" 6999
"F:/GitHub/SproutScape/SproutScape/Content/Developers/edrik/Art/WashBot_00085_Sprite.uasset" 7000
"F:/GitHub/SproutScape/SproutScape/Content/Developers/edrik/Art/WashBot_00085_Sprite.uexp" 7001
"F:/GitHub/SproutScape/SproutScape/Content/Developers/edrik/Art/WashBot_00064.uasset" 7002
"F:/GitHub/SproutScape/SproutScape/Content/Developers/edrik/Art/WashBot_00064.uexp" 7003
"F:/GitHub/SproutScape/SproutScape/Content/Developers/edrik/Art/WashBot_00064_Sprite.uasset" 7004
"F:/GitHub/SproutScape/SproutScape/Content/Developers/edrik/Art/WashBot_00064_Sprite.uexp" 7005
"F:/GitHub/SproutScape/SproutScape/Content/Developers/edrik/Art/WashBot_00040.uasset" 7006
"F:/GitHub/SproutScape/SproutScape/Content/Developers/edrik/Art/WashBot_00040.uexp" 7007
"F:/GitHub/SproutScape/SproutScape/Content/Developers/edrik/Art/WashBot_00040_Sprite.uasset" 7008
"F:/GitHub/SproutScape/SproutScape/Content/Developers/edrik/Art/WashBot_00040_Sprite.uexp" 7009
"F:/GitHub/SproutScape/SproutScape/Content/Developers/edrik/Art/WashBot_00001.uasset" 7010
"F:/GitHub/SproutScape/SproutScape/Content/Developers/edrik/Art/WashBot_00001.uexp" 7011
"F:/GitHub/SproutScape/SproutScape/Content/Developers/edrik/Art/WashBot_00001_Sprite.uasset" 7012
"F:/GitHub/SproutScape/SproutScape/Content/Developers/edrik/Art/WashBot_00001_Sprite.uexp" 7013
"F:/GitHub/SproutScape/SproutScape/Content/Developers/edrik/Art/WashBot_00044.uasset" 7014
"F:/GitHub/SproutScape/SproutScape/Content/Developers/edrik/Art/WashBot_00044.uexp" 7015
"F:/GitHub/SproutScape/SproutScape/Content/Developers/edrik/Art/WashBot_00044_Sprite.uasset" 7016
"F:/GitHub/SproutScape/SproutScape/Content/Developers/edrik/Art/WashBot_00044_Sprite.uexp" 7017
"F:/GitHub/SproutScape/SproutScape/Content/Developers/edrik/Art/WashBot_00010.uasset" 7018
"F:/GitHub/SproutScape/SproutScape/Content/Developers/edrik/Art/WashBot_00010.uexp" 7019
"F:/GitHub/SproutScape/SproutScape/Content/Developers/edrik/Art/WashBot_00010_Sprite.uasset" 7020
"F:/GitHub/SproutScape/SproutScape/Content/Developers/edrik/Art/WashBot_00010_Sprite.uexp" 7021
"F:/GitHub/SproutScape/SproutScape/Content/Developers/edrik/Art/WashBot_00081.uasset" 7022
"F:/GitHub/SproutScape/SproutScape/Content/Developers/edrik/Art/WashBot_00081.uexp" 7023
"F:/GitHub/SproutScape/SproutScape/Content/Developers/edrik/Art/WashBot_00081_Sprite.uasset" 7024
"F:/GitHub/SproutScape/SproutScape/Content/Developers/edrik/Art/WashBot_00081_Sprite.uexp" 7025
"F:/GitHub/SproutScape/SproutScape/Content/Developers/edrik/Art/WashBot_00068.uasset" 7026
"F:/GitHub/SproutScape/SproutScape/Content/Developers/edrik/Art/WashBot_00068.uexp" 7027
"F:/GitHub/SproutScape/SproutScape/Content/Developers/edrik/Art/WashBot_00068_Sprite.uasset" 7028
"F:/GitHub/SproutScape/SproutScape/Content/Developers/edrik/Art/WashBot_00068_Sprite.uexp" 7029
"F:/GitHub/SproutScape/SproutScape/Content/Developers/edrik/Art/WashBot_00058.uasset" 7030
"F:/GitHub/SproutScape/SproutScape/Content/Developers/edrik/Art/WashBot_00058.uexp" 7031
"F:/GitHub/SproutScape/SproutScape/Content/Developers/edrik/Art/WashBot_00058_Sprite.uasset" 7032
"F:/GitHub/SproutScape/SproutScape/Content/Developers/edrik/Art/WashBot_00058_Sprite.uexp" 7033
"F:/GitHub/SproutScape/SproutScape/Content/Developers/edrik/Art/WashBot_00063.uasset" 7034
"F:/GitHub/SproutScape/SproutScape/Content/Developers/edrik/Art/WashBot_00063.uexp" 7035
"F:/GitHub/SproutScape/SproutScape/Content/Developers/edrik/Art/WashBot_00063_Sprite.uasset" 7036
"F:/GitHub/SproutScape/SproutScape/Content/Developers/edrik/Art/WashBot_00063_Sprite.uexp" 7037
"F:/GitHub/SproutScape/SproutScape/Content/Developers/edrik/Art/WashBot_00020.uasset" 7038
"F:/GitHub/SproutScape/SproutScape/Content/Developers/edrik/Art/WashBot_00020.uexp" 7039
"F:/GitHub/SproutScape/SproutScape/Content/Developers/edrik/Art/WashBot_00020_Sprite.uasset" 7040
"F:/GitHub/SproutScape/SproutScape/Content/Developers/edrik/Art/WashBot_00020_Sprite.uexp" 7041
"F:/GitHub/SproutScape/SproutScape/Content/Developers/edrik/Art/WashBot_00053.uasset" 7042
"F:/GitHub/SproutScape/SproutScape/Content/Developers/edrik/Art/WashBot_00053.uexp" 7043
"F:/GitHub/SproutScape/SproutScape/Content/Developers/edrik/Art/WashBot_00053_Sprite.uasset" 7044
"F:/GitHub/SproutScape/SproutScape/Content/Developers/edrik/Art/WashBot_00053_Sprite.uexp" 7045
"F:/GitHub/SproutScape/SproutScape/Content/Developers/edrik/Art/WashBot_00014.uasset" 7046
"F:/GitHub/SproutScape/SproutScape/Content/Developers/edrik/Art/WashBot_00014.uexp" 7047
"F:/GitHub/SproutScape/SproutScape/Content/Developers/edrik/Art/WashBot_00014_Sprite.uasset" 7048
"F:/GitHub/SproutScape/SproutScape/Content/Developers/edrik/Art/WashBot_00014_Sprite.uexp" 7049
"F:/GitHub/SproutScape/SproutScape/Content/Developers/edrik/Art/WashBot_00109.uasset" 7050
"F:/GitHub/SproutScape/SproutScape/Content/Developers/edrik/Art/WashBot_00109.uexp" 7051
"F:/GitHub/SproutScape/SproutScape/Content/Developers/edrik/Art/WashBot_00109_Sprite.uasset" 7052
"F:/GitHub/SproutScape/SproutScape/Content/Developers/edrik/Art/WashBot_00109_Sprite.uexp" 7053
"F:/GitHub/SproutScape/SproutScape/Content/Developers/edrik/Art/WashBot_00007.uasset" 7054
"F:/GitHub/SproutScape/SproutScape/Content/Developers/edrik/Art/WashBot_00007.uexp" 7055
"F:/GitHub/SproutScape/SproutScape/Content/Developers/edrik/Art/WashBot_00007_Sprite.uasset" 7056
"F:/GitHub/SproutScape/SproutScape/Content/Developers/edrik/Art/WashBot_00007_Sprite.uexp" 7057
"F:/GitHub/SproutScape/SproutScape/Content/Developers/edrik/Art/WashBot_00019.uasset" 7058
"F:/GitHub/SproutScape/SproutScape/Content/Developers/edrik/Art/WashBot_00019.uexp" 7059
"F:/GitHub/SproutScape/SproutScape/Content/Developers/edrik/Art/WashBot_00019_Sprite.uasset" 7060
"F:/GitHub/SproutScape/SproutScape/Content/Developers/edrik/Art/WashBot_00019_Sprite.uexp" 7061
"F:/GitHub/SproutScape/SproutScape/Content/Developers/edrik/Art/WashBot_00034.uasset" 7062
"F:/GitHub/SproutScape/SproutScape/Content/Developers/edrik/Art/WashBot_00034.uexp" 7063
"F:/GitHub/SproutScape/SproutScape/Content/Developers/edrik/Art/WashBot_00034_Sprite.uasset" 7064
"F:/GitHub/SproutScape/SproutScape/Content/Developers/edrik/Art/WashBot_00034_Sprite.uexp" 7065
"F:/GitHub/SproutScape/SproutScape/Content/Developers/edrik/Art/WashBot_00070.uasset" 7066
"F:/GitHub/SproutScape/SproutScape/Content/Developers/edrik/Art/WashBot_00070.uexp" 7067
"F:/GitHub/SproutScape/SproutScape/Content/Developers/edrik/Art/WashBot_00070_Sprite.uasset" 7068
"F:/GitHub/SproutScape/SproutScape/Content/Developers/edrik/Art/WashBot_00070_Sprite.uexp" 7069
"F:/GitHub/SproutScape/SproutScape/Content/Developers/edrik/Art/WashBot_00012.uasset" 7070
"F:/GitHub/SproutScape/SproutScape/Content/Developers/edrik/Art/WashBot_00012.uexp" 7071
"F:/GitHub/SproutScape/SproutScape/Content/Developers/edrik/Art/WashBot_00012_Sprite.uasset" 7072
"F:/GitHub/SproutScape/SproutScape/Content/Developers/edrik/Art/WashBot_00012_Sprite.uexp" 7073
"F:/GitHub/SproutScape/SproutScape/Content/Developers/edrik/Art/WashBot_00107.uasset" 7074
"F:/GitHub/SproutScape/SproutScape/Content/Developers/edrik/Art/WashBot_00107.uexp" 7075
"F:/GitHub/SproutScape/SproutScape/Content/Developers/edrik/Art/WashBot_00107_Sprite.uasset" 7076
"F:/GitHub/SproutScape/SproutScape/Content/Developers/edrik/Art/WashBot_00107_Sprite.uexp" 7077
"F:/GitHub/SproutScape/SproutScape/Content/Developers/edrik/Art/WashBot_00089.uasset" 7078
"F:/GitHub/SproutScape/SproutScape/Content/Developers/edrik/Art/WashBot_00089.uexp" 7079
"F:/GitHub/SproutScape/SproutScape/Content/Developers/edrik/Art/WashBot_00089_Sprite.uasset" 7080
"F:/GitHub/SproutScape/SproutScape/Content/Developers/edrik/Art/WashBot_00089_Sprite.uexp" 7081
"F:/GitHub/SproutScape/SproutScape/Content/Developers/edrik/Art/WashBot_00027.uasset" 7082
"F:/GitHub/SproutScape/SproutScape/Content/Developers/edrik/Art/WashBot_00027.uexp" 7083
"F:/GitHub/SproutScape/SproutScape/Content/Developers/edrik/Art/WashBot_00027_Sprite.uasset" 7084
"F:/GitHub/SproutScape/SproutScape/Content/Developers/edrik/Art/WashBot_00027_Sprite.uexp" 7085
"F:/GitHub/SproutScape/SproutScape/Content/Developers/edrik/Art/WashBot_00075.uasset" 7086
"F:/GitHub/SproutScape/SproutScape/Content/Developers/edrik/Art/WashBot_00075.uexp" 7087
"F:/GitHub/SproutScape/SproutScape/Content/Developers/edrik/Art/WashBot_00075_Sprite.uasset" 7088
"F:/GitHub/SproutScape/SproutScape/Content/Developers/edrik/Art/WashBot_00075_Sprite.uexp" 7089
"F:/GitHub/SproutScape/SproutScape/Content/Developers/edrik/Art/WashBot_00114.uasset" 7090
"F:/GitHub/SproutScape/SproutScape/Content/Developers/edrik/Art/WashBot_00114.uexp" 7091
"F:/GitHub/SproutScape/SproutScape/Content/Developers/edrik/Art/WashBot_00114_Sprite.uasset" 7092
"F:/GitHub/SproutScape/SproutScape/Content/Developers/edrik/Art/WashBot_00114_Sprite.uexp" 7093
"F:/GitHub/SproutScape/SproutScape/Content/Developers/edrik/Art/WashBot_00030.uasset" 7094
"F:/GitHub/SproutScape/SproutScape/Content/Developers/edrik/Art/WashBot_00030.uexp" 7095
"F:/GitHub/SproutScape/SproutScape/Content/Developers/edrik/Art/WashBot_00030_Sprite.uasset" 7096
"F:/GitHub/SproutScape/SproutScape/Content/Developers/edrik/Art/WashBot_00030_Sprite.uexp" 7097
"F:/GitHub/SproutScape/SproutScape/Content/Developers/edrik/Art/WashBot_00094.uasset" 7098
"F:/GitHub/SproutScape/SproutScape/Content/Developers/edrik/Art/WashBot_00094.uexp" 7099
"F:/GitHub/SproutScape/SproutScape/Content/Developers/edrik/Art/WashBot_00094_Sprite.uasset" 7100
"F:/GitHub/SproutScape/SproutScape/Content/Developers/edrik/Art/WashBot_00094_Sprite.uexp" 7101
"F:/GitHub/SproutScape/SproutScape/Content/Developers/edrik/Art/WashBot_00025.uasset" 7102
"F:/GitHub/SproutScape/SproutScape/Content/Developers/edrik/Art/WashBot_00025.uexp" 7103
"F:/GitHub/SproutScape/SproutScape/Content/Developers/edrik/Art/WashBot_00025_Sprite.uasset" 7104
"F:/GitHub/SproutScape/SproutScape/Content/Developers/edrik/Art/WashBot_00025_Sprite.uexp" 7105
"F:/GitHub/SproutScape/SproutScape/Content/Developers/edrik/Art/WashBot_00093.uasset" 7106
"F:/GitHub/SproutScape/SproutScape/Content/Developers/edrik/Art/WashBot_00093.uexp" 7107
"F:/GitHub/SproutScape/SproutScape/Content/Developers/edrik/Art/WashBot_00093_Sprite.uasset" 7108
"F:/GitHub/SproutScape/SproutScape/Content/Developers/edrik/Art/WashBot_00093_Sprite.uexp" 7109
"F:/GitHub/SproutScape/SproutScape/Content/Developers/edrik/Art/WashBot_00083.uasset" 7110
"F:/GitHub/SproutScape/SproutScape/Content/Developers/edrik/Art/WashBot_00083.uexp" 7111
"F:/GitHub/SproutScape/SproutScape/Content/Developers/edrik/Art/WashBot_00083_Sprite.uasset" 7112
"F:/GitHub/SproutScape/SproutScape/Content/Developers/edrik/Art/WashBot_00083_Sprite.uexp" 7113
"F:/GitHub/SproutScape/SproutScape/Content/Developers/edrik/Art/WashBot_00102.uasset" 7114
"F:/GitHub/SproutScape/SproutScape/Content/Developers/edrik/Art/WashBot_00102.uexp" 7115
"F:/GitHub/SproutScape/SproutScape/Content/Developers/edrik/Art/WashBot_00102_Sprite.uasset" 7116
"F:/GitHub/SproutScape/SproutScape/Content/Developers/edrik/Art/WashBot_00102_Sprite.uexp" 7117
"F:/GitHub/SproutScape/SproutScape/Content/Developers/edrik/Art/WashBot_00069.uasset" 7118
"F:/GitHub/SproutScape/SproutScape/Content/Developers/edrik/Art/WashBot_00069.uexp" 7119
"F:/GitHub/SproutScape/SproutScape/Content/Developers/edrik/Art/WashBot_00069_Sprite.uasset" 7120
"F:/GitHub/SproutScape/SproutScape/Content/Developers/edrik/Art/WashBot_00069_Sprite.uexp" 7121
"F:/GitHub/SproutScape/SproutScape/Content/Developers/edrik/Art/WashBot_00005.uasset" 7122
"F:/GitHub/SproutScape/SproutScape/Content/Developers/edrik/Art/WashBot_00005.uexp" 7123
"F:/GitHub/SproutScape/SproutScape/Content/Developers/edrik/Art/WashBot_00005_Sprite.uasset" 7124
"F:/GitHub/SproutScape/SproutScape/Content/Developers/edrik/Art/WashBot_00005_Sprite.uexp" 7125
"F:/GitHub/SproutScape/SproutScape/Content/Developers/edrik/Art/WashBot_00113.uasset" 7126
"F:/GitHub/SproutScape/SproutScape/Content/Developers/edrik/Art/WashBot_00113.uexp" 7127
"F:/GitHub/SproutScape/SproutScape/Content/Developers/edrik/Art/WashBot_00113_Sprite.uasset" 7128
"F:/GitHub/SproutScape/SproutScape/Content/Developers/edrik/Art/WashBot_00113_Sprite.uexp" 7129
"F:/GitHub/SproutScape/SproutScape/Content/Developers/edrik/Art/WashBot_00002.uasset" 7130
"F:/GitHub/SproutScape/SproutScape/Content/Developers/edrik/Art/WashBot_00002.uexp" 7131
"F:/GitHub/SproutScape/SproutScape/Content/Developers/edrik/Art/WashBot_00002_Sprite.uasset" 7132
"F:/GitHub/SproutScape/SproutScape/Content/Developers/edrik/Art/WashBot_00002_Sprite.uexp" 7133
"F:/GitHub/SproutScape/SproutScape/Content/Developers/edrik/Art/WashBot_00006.uasset" 7134
"F:/GitHub/SproutScape/SproutScape/Content/Developers/edrik/Art/WashBot_00006.uexp" 7135
"F:/GitHub/SproutScape/SproutScape/Content/Developers/edrik/Art/WashBot_00006_Sprite.uasset" 7136
"F:/GitHub/SproutScape/SproutScape/Content/Developers/edrik/Art/WashBot_00006_Sprite.uexp" 7137
"F:/GitHub/SproutScape/SproutScape/Content/Developers/edrik/Art/WashBot_00079.uasset" 7138
"F:/GitHub/SproutScape/SproutScape/Content/Developers/edrik/Art/WashBot_00079.uexp" 7139
"F:/GitHub/SproutScape/SproutScape/Content/Developers/edrik/Art/WashBot_00079_Sprite.uasset" 7140
"F:/GitHub/SproutScape/SproutScape/Content/Developers/edrik/Art/WashBot_00079_Sprite.uexp" 7141
"F:/GitHub/SproutScape/SproutScape/Content/Developers/edrik/Art/WashBot_00050.uasset" 7142
"F:/GitHub/SproutScape/SproutScape/Content/Developers/edrik/Art/WashBot_00050.uexp" 7143
"F:/GitHub/SproutScape/SproutScape/Content/Developers/edrik/Art/WashBot_00050_Sprite.uasset" 7144
"F:/GitHub/SproutScape/SproutScape/Content/Developers/edrik/Art/WashBot_00050_Sprite.uexp" 7145
"F:/GitHub/SproutScape/SproutScape/Content/Developers/edrik/Art/WashBot_00013.uasset" 7146
"F:/GitHub/SproutScape/SproutScape/Content/Developers/edrik/Art/WashBot_00013.uexp" 7147
"F:/GitHub/SproutScape/SproutScape/Content/Developers/edrik/Art/WashBot_00013_Sprite.uasset" 7148
"F:/GitHub/SproutScape/SproutScape/Content/Developers/edrik/Art/WashBot_00013_Sprite.uexp" 7149
"F:/GitHub/SproutScape/SproutScape/Content/Developers/edrik/Art/WashBot_00062.uasset" 7150
"F:/GitHub/SproutScape/SproutScape/Content/Developers/edrik/Art/WashBot_00062.uexp" 7151
"F:/GitHub/SproutScape/SproutScape/Content/Developers/edrik/Art/WashBot_00062_Sprite.uasset" 7152
"F:/GitHub/SproutScape/SproutScape/Content/Developers/edrik/Art/WashBot_00062_Sprite.uexp" 7153
"F:/GitHub/SproutScape/SproutScape/Content/Developers/edrik/Art/WashBot_00055.uasset" 7154
"F:/GitHub/SproutScape/SproutScape/Content/Developers/edrik/Art/WashBot_00055.uexp" 7155
"F:/GitHub/SproutScape/SproutScape/Content/Developers/edrik/Art/WashBot_00055_Sprite.uasset" 7156
"F:/GitHub/SproutScape/SproutScape/Content/Developers/edrik/Art/WashBot_00055_Sprite.uexp" 7157
"F:/GitHub/SproutScape/SproutScape/Content/Developers/edrik/Art/WashBot_00073.uasset" 7158
"F:/GitHub/SproutScape/SproutScape/Content/Developers/edrik/Art/WashBot_00073.uexp" 7159
"F:/GitHub/SproutScape/SproutScape/Content/Developers/edrik/Art/WashBot_00073_Sprite.uasset" 7160
"F:/GitHub/SproutScape/SproutScape/Content/Developers/edrik/Art/WashBot_00073_Sprite.uexp" 7161
"F:/GitHub/SproutScape/SproutScape/Content/Developers/edrik/Art/WashBot_00078.uasset" 7162
"F:/GitHub/SproutScape/SproutScape/Content/Developers/edrik/Art/WashBot_00078.uexp" 7163
"F:/GitHub/SproutScape/SproutScape/Content/Developers/edrik/Art/WashBot_00078_Sprite.uasset" 7164
"F:/GitHub/SproutScape/SproutScape/Content/Developers/edrik/Art/WashBot_00078_Sprite.uexp" 7165
"F:/GitHub/SproutScape/SproutScape/Content/Developers/edrik/Art/WashBot_00016.uasset" 7166
"F:/GitHub/SproutScape/SproutScape/Content/Developers/edrik/Art/WashBot_00016.uexp" 7167
"F:/GitHub/SproutScape/SproutScape/Content/Developers/edrik/Art/WashBot_00016_Sprite.uasset" 7168
"F:/GitHub/SproutScape/SproutScape/Content/Developers/edrik/Art/WashBot_00016_Sprite.uexp" 7169
"F:/GitHub/SproutScape/SproutScape/Content/Developers/edrik/Art/WashBot_00090.uasset" 7170
"F:/GitHub/SproutScape/SproutScape/Content/Developers/edrik/Art/WashBot_00090.uexp" 7171
"F:/GitHub/SproutScape/SproutScape/Content/Developers/edrik/Art/WashBot_00090_Sprite.uasset" 7172
"F:/GitHub/SproutScape/SproutScape/Content/Developers/edrik/Art/WashBot_00090_Sprite.uexp" 7173
"F:/GitHub/SproutScape/SproutScape/Content/Developers/edrik/Art/WashBot_00065.uasset" 7174
"F:/GitHub/SproutScape/SproutScape/Content/Developers/edrik/Art/WashBot_00065.uexp" 7175
"F:/GitHub/SproutScape/SproutScape/Content/Developers/edrik/Art/WashBot_00065_Sprite.uasset" 7176
"F:/GitHub/SproutScape/SproutScape/Content/Developers/edrik/Art/WashBot_00065_Sprite.uexp" 7177
"F:/GitHub/SproutScape/SproutScape/Content/Developers/edrik/Art/WashBot_00031.uasset" 7178
"F:/GitHub/SproutScape/SproutScape/Content/Developers/edrik/Art/WashBot_00031.uexp" 7179
"F:/GitHub/SproutScape/SproutScape/Content/Developers/edrik/Art/WashBot_00031_Sprite.uasset" 7180
"F:/GitHub/SproutScape/SproutScape/Content/Developers/edrik/Art/WashBot_00031_Sprite.uexp" 7181
"F:/GitHub/SproutScape/SproutScape/Content/Developers/edrik/Art/WashBot_00015.uasset" 7182
"F:/GitHub/SproutScape/SproutScape/Content/Developers/edrik/Art/WashBot_00015.uexp" 7183
"F:/GitHub/SproutScape/SproutScape/Content/Developers/edrik/Art/WashBot_00015_Sprite.uasset" 7184
"F:/GitHub/SproutScape/SproutScape/Content/Developers/edrik/Art/WashBot_00015_Sprite.uexp" 7185
"F:/GitHub/SproutScape/SproutScape/Content/Developers/edrik/Art/WashBot_00057.uasset" 7186
"F:/GitHub/SproutScape/SproutScape/Content/Developers/edrik/Art/WashBot_00057.uexp" 7187
"F:/GitHub/SproutScape/SproutScape/Content/Developers/edrik/Art/WashBot_00057_Sprite.uasset" 7188
"F:/GitHub/SproutScape/SproutScape/Content/Developers/edrik/Art/WashBot_00057_Sprite.uexp" 7189
"F:/GitHub/SproutScape/SproutScape/Content/Developers/edrik/Art/WashBot_00096.uasset" 7190
"F:/GitHub/SproutScape/SproutScape/Content/Developers/edrik/Art/WashBot_00096.uexp" 7191
"F:/GitHub/SproutScape/SproutScape/Content/Developers/edrik/Art/WashBot_00096_Sprite.uasset" 7192
"F:/GitHub/SproutScape/SproutScape/Content/Developers/edrik/Art/WashBot_00096_Sprite.uexp" 7193
"F:/GitHub/SproutScape/SproutScape/Content/Developers/edrik/Art/WashBot.uasset" 7194
"F:/GitHub/SproutScape/SproutScape/Content/Developers/edrik/Art/WashBot.uexp" 7195
"F:/GitHub/SproutScape/SproutScape/Content/Developers/edrik/BluePrints/BP_WashBot.uasset" 7196
"F:/GitHub/SproutScape/SproutScape/Content/Developers/edrik/BluePrints/BP_WashBot.uexp" 7197
"F:/GitHub/SproutScape/SproutScape/Content/Developers/edrik/BluePrints/Interaction/WBP_HoldInteractionPrompt1.uasset" 7198
"F:/GitHub/SproutScape/SproutScape/Content/Developers/edrik/BluePrints/Interaction/WBP_HoldInteractionPrompt1.uexp" 7199
"F:/GitHub/SproutScape/SproutScape/Content/Developers/NickvanLuyk/Collections/Core/BP_2D_Collision.uasset" 7200
"F:/GitHub/SproutScape/SproutScape/Content/Developers/NickvanLuyk/Collections/Core/BP_2D_Collision.uexp" 7201
"F:/GitHub/SproutScape/SproutScape/Content/Developers/NickvanLuyk/Collections/Core/Blueprints/Interaction/WBP_HoldInteractionPrompt.uasset" 7202
"F:/GitHub/SproutScape/SproutScape/Content/Developers/NickvanLuyk/Collections/Core/Blueprints/Interaction/WBP_HoldInteractionPrompt.uexp" 7203
"F:/GitHub/SproutScape/SproutScape/Content/Developers/NickvanLuyk/Collections/Core/Blueprints/Interaction/BP_interactableObjToHold.uasset" 7204
"F:/GitHub/SproutScape/SproutScape/Content/Developers/NickvanLuyk/Collections/Core/Blueprints/Interaction/BP_interactableObjToHold.uexp" 7205
"F:/GitHub/SproutScape/SproutScape/Content/Developers/NickvanLuyk/Collections/Core/Maps/Level1.uexp" 7206
"F:/GitHub/SproutScape/SproutScape/Content/Developers/NickvanLuyk/Collections/Core/Maps/Level1.umap" 7207
